--
-- PostgreSQL database dump
--

-- Dumped from database version 12.18 (Ubuntu 12.18-0ubuntu0.20.04.1)
-- Dumped by pg_dump version 12.18 (Ubuntu 12.18-0ubuntu0.20.04.1)

SET statement_timeout = 0;
SET lock_timeout = 0;
SET idle_in_transaction_session_timeout = 0;
SET client_encoding = 'UTF8';
SET standard_conforming_strings = on;
SELECT pg_catalog.set_config('search_path', '', false);
SET check_function_bodies = false;
SET xmloption = content;
SET client_min_messages = warning;
SET row_security = off;

--
-- Name: diwi_testset; Type: SCHEMA; Schema: -; Owner: ali
--

CREATE SCHEMA diwi_testset;

--
-- Name: diwi_numeric; Type: COLLATION; Schema: public; Owner: ali
--

CREATE COLLATION public.diwi_numeric (provider = icu, locale = 'en-u-kn-true');

--
-- Name: pgcrypto; Type: EXTENSION; Schema: -; Owner: -
--

CREATE EXTENSION IF NOT EXISTS pgcrypto WITH SCHEMA public;


--
-- Name: EXTENSION pgcrypto; Type: COMMENT; Schema: -; Owner:
--

COMMENT ON EXTENSION pgcrypto IS 'cryptographic functions';


--
-- Name: conditie_type; Type: TYPE; Schema: diwi_testset; Owner: ali
--

CREATE TYPE diwi_testset.conditie_type AS ENUM (
    'PLAN_CONDITIE',
    'DOEL_CONDITIE'
);

--
-- Name: confidentiality; Type: TYPE; Schema: diwi_testset; Owner: ali
--

CREATE TYPE diwi_testset.confidentiality AS ENUM (
    'PRIVATE',
    'INTERNAL_CIVIL',
    'INTERNAL_MANAGEMENT',
    'INTERNAL_COUNCIL',
    'EXTERNAL_REGIONAL',
    'EXTERNAL_GOVERNMENTAL',
    'PUBLIC'
);

--
-- Name: doel_richting; Type: TYPE; Schema: diwi_testset; Owner: ali
--

CREATE TYPE diwi_testset.doel_richting AS ENUM (
    'MINIMAAL',
    'MAXIMAAL'
);

--
-- Name: doel_soort; Type: TYPE; Schema: diwi_testset; Owner: ali
--

CREATE TYPE diwi_testset.doel_soort AS ENUM (
    'AANTAL',
    'PERCENTAGE'
);

--
-- Name: doelgroep; Type: TYPE; Schema: diwi_testset; Owner: ali
--

CREATE TYPE diwi_testset.doelgroep AS ENUM (
    'REGULIER',
    'JONGEREN',
    'STUDENTEN',
    'OUDEREN',
    'GEHANDICAPTEN_EN_ZORG',
    'GROTE_GEZINNEN'
);

--
-- Name: eigendom_soort; Type: TYPE; Schema: diwi_testset; Owner: ali
--

CREATE TYPE diwi_testset.eigendom_soort AS ENUM (
    'KOOPWONING',
    'HUURWONING_PARTICULIERE_VERHUURDER',
    'HUURWONING_WONINGCORPORATIE'
);

--
-- Name: fysiek_voorkomen; Type: TYPE; Schema: diwi_testset; Owner: ali
--

CREATE TYPE diwi_testset.fysiek_voorkomen AS ENUM (
    'TUSSENWONING',
    'HOEKWONING',
    'TWEE_ONDER_EEN_KAP',
    'VRIJSTAAND',
    'PORTIEKFLAT',
    'GALLERIJFLAT'
);

--
-- Name: grondpositie; Type: TYPE; Schema: diwi_testset; Owner: ali
--

CREATE TYPE diwi_testset.grondpositie AS ENUM (
    'FORMELE_TOESTEMMING_GRONDEIGENAAR',
    'INTENTIE_MEDEWERKING_GRONDEIGENAAR',
    'GEEN_TOESTEMMING_GRONDEIGENAAR'
);

--
-- Name: maatwerk_eigenschap_type; Type: TYPE; Schema: diwi_testset; Owner: ali
--

CREATE TYPE diwi_testset.maatwerk_eigenschap_type AS ENUM (
    'BOOLEAN',
    'CATEGORY',
    'ORDINAL',
    'NUMERIC',
    'TEXT'
);

--
-- Name: maatwerk_object_soort; Type: TYPE; Schema: diwi_testset; Owner: ali
--

CREATE TYPE diwi_testset.maatwerk_object_soort AS ENUM (
    'PROJECT',
    'WONINGBLOK'
);

--
-- Name: milestone_status; Type: TYPE; Schema: diwi_testset; Owner: ali
--

CREATE TYPE diwi_testset.milestone_status AS ENUM (
    'VOORSPELD',
    'GEPLAND',
    'GEREALISEERD',
    'AFGEBROKEN'
);

--
-- Name: mutation_kind; Type: TYPE; Schema: diwi_testset; Owner: ali
--

CREATE TYPE diwi_testset.mutation_kind AS ENUM (
    'CONSTRUCTION',
    'DEMOLITION'
);

--
-- Name: plan_type; Type: TYPE; Schema: diwi_testset; Owner: ali
--

CREATE TYPE diwi_testset.plan_type AS ENUM (
    'PAND_TRANSFORMATIE',
    'TRANSFORMATIEGEBIED',
    'HERSTRUCTURERING',
    'VERDICHTING',
    'UITBREIDING_UITLEG',
    'UITBREIDING_OVERIG'
);

--
-- Name: planologische_planstatus; Type: TYPE; Schema: diwi_testset; Owner: ali
--

CREATE TYPE diwi_testset.planologische_planstatus AS ENUM (
    '_1A_ONHERROEPELIJK',
    '_1B_ONHERROEPELIJK_MET_UITWERKING_NODIG',
    '_1C_ONHERROEPELIJK_MET_BW_NODIG',
    '_2A_VASTGESTELD',
    '_2B_VASTGESTELD_MET_UITWERKING_NODIG',
    '_2C_VASTGESTELD_MET_BW_NODIG',
    '_3_IN_VOORBEREIDING',
    '_4A_OPGENOMEN_IN_VISIE',
    '_4B_NIET_OPGENOMEN_IN_VISIE'
);

--
-- Name: project_phase; Type: TYPE; Schema: diwi_testset; Owner: ali
--

CREATE TYPE diwi_testset.project_phase AS ENUM (
    '_1_CONCEPT',
    '_2_INITIATIVE',
    '_3_DEFINITION',
    '_4_DESIGN',
    '_5_PREPARATION',
    '_6_REALIZATION',
    '_7_AFTERCARE'
);

--
-- Name: property_type; Type: TYPE; Schema: diwi_testset; Owner: ali
--

CREATE TYPE diwi_testset.property_type AS ENUM (
    'FIXED',
    'CUSTOM'
);

--
-- Name: software_module; Type: TYPE; Schema: diwi_testset; Owner: ali
--

CREATE TYPE diwi_testset.software_module AS ENUM (
    'ADMIN_PANEL',
    'BEHEER_PORTAAL',
    'DASHBOARD_PUBLIEK',
    'DASHBOARD_PROVINCIALE_PLANMONITOR',
    'DASHBOARD_GEMEENTERAAD',
    'DASHBOARD_INTERNE_UITVOERING'
);

--
-- Name: software_rights; Type: TYPE; Schema: diwi_testset; Owner: ali
--

CREATE TYPE diwi_testset.software_rights AS ENUM (
    'ADMIN',
    'CRUD_TO_OWN',
    'CRUD_TO_ALL',
    'VIEW_ONLY'
);

--
-- Name: user_role; Type: TYPE; Schema: diwi_testset; Owner: ali
--

CREATE TYPE diwi_testset.user_role AS ENUM (
    'Admin',
    'UserPlus',
    'User',
    'Management',
    'Council',
    'External'
);

--
-- Name: value_type; Type: TYPE; Schema: diwi_testset; Owner: ali
--

CREATE TYPE diwi_testset.value_type AS ENUM (
    'SINGLE_VALUE',
    'RANGE'
);

--
-- Name: woning_type; Type: TYPE; Schema: diwi_testset; Owner: ali
--

CREATE TYPE diwi_testset.woning_type AS ENUM (
    'EENGEZINSWONING',
    'MEERGEZINSWONING'
);

--
-- Name: set_end_date_now(); Type: FUNCTION; Schema: diwi_testset; Owner: ali
--

CREATE FUNCTION diwi_testset.set_end_date_now() RETURNS trigger
    LANGUAGE plpgsql
    AS $$
	 DECLARE BEGIN
	 IF OLD.change_end_date IS NULL THEN
        OLD.change_end_date = NOW();
        NEW."id" = 10;
        INSERT INTO diwi.project_priorisering_value_state SELECT NEW.*;
	 END If;
	 RETURN OLD;
	END;
	$$;

--
-- Name: set_start_date_now(); Type: FUNCTION; Schema: diwi_testset; Owner: ali
--

CREATE FUNCTION diwi_testset.set_start_date_now() RETURNS trigger
    LANGUAGE plpgsql
    AS $$
	 DECLARE BEGIN
	 NEW.change_start_date = NOW();
	 RETURN NEW;
	END;
	$$;

--
-- Name: create_demo_user_org(uuid, uuid, text, text); Type: FUNCTION; Schema: public; Owner: ali
--

CREATE FUNCTION public.create_demo_user_org(id uuid, system_user_id uuid, first_name text, last_name text) RETURNS void
    LANGUAGE plpgsql
    AS $$
BEGIN
    INSERT INTO diwi_testset."user"(id)
        VALUES(id);
    INSERT INTO diwi_testset."user_state"(id, user_id, create_user_id, change_start_date, identity_provider_id, "first_name", "last_name")
        VALUES(id, id, system_user_id, now(), '', first_name, last_name);
    INSERT INTO diwi_testset."organization"(id)
        VALUES(id);
    INSERT INTO diwi_testset."organization_state"(id, organization_id, create_user_id, change_start_date, naam)
        VALUES(id, id, system_user_id, now(), first_name || ' ' || last_name);
    INSERT INTO diwi_testset."user_to_organization"(id, organization_id, user_id, create_user_id, change_start_date)
        VALUES(id, id, id, system_user_id, now());
END;
$$;

--
-- Name: get_active_and_future_projects_list(date, integer, integer, text, text, text, text[], text); Type: FUNCTION; Schema: public; Owner: ali
--

CREATE FUNCTION public.get_active_and_future_projects_list(_now_ date, _offset_ integer, _limit_ integer, _sortcolumn_ text, _sortdirection_ text, _filtercolumn_ text, _filtervalues_ text[], _filtercondition_ text) RETURNS TABLE(projectid uuid, projectstateid uuid, projectname text, projectownersarray text[], projectcolor text, latitude double precision, longitude double precision, confidentialitylevel diwi_testset.confidentiality, startdate date, enddate date, plantype text[], priority jsonb, projectphase diwi_testset.project_phase, planningplanstatus text[], municipalityrole jsonb, totalvalue bigint, municipality jsonb, district jsonb, neighbourhood jsonb, geometry text)
    LANGUAGE plpgsql
    AS $$
BEGIN
RETURN QUERY

SELECT  q.projectId,
        q.projectStateId,
        q.projectName,
        q.projectOwners            AS projectOwnersArray,
        q.projectColor,
        q.latitude,
        q.longitude,
        q.confidentialityLevel,
        q.startDate,
        q.endDate,
        q.planType,
        q.priorityList            AS priority,
        q.projectPhase,
        q.planningPlanStatus,
        q.municipalityRoleList    AS municipalityRole,
        q.totalValue,
        q.municipalityList               AS municipality,
        q.districtList             AS district,
        q.neighbourhoodList        AS neighbourhood,
        null                       AS geometry
FROM (

    WITH
        active_projects AS (
            SELECT
                p.id, sms.date AS startDate, ems.date AS endDate
            FROM
                diwi_testset.project p
                    JOIN diwi_testset.project_duration_changelog pdc ON pdc.project_id = p.id AND pdc.change_end_date IS NULL
                    JOIN diwi_testset.milestone_state sms ON sms.milestone_id = pdc.start_milestone_id AND sms.change_end_date IS NULL
                    JOIN diwi_testset.milestone_state ems ON ems.milestone_id = pdc.end_milestone_id AND ems.change_end_date IS NULL
            WHERE
                sms.date <= _now_ AND _now_ < ems.date
        ),
        active_project_names AS (
            SELECT
                pnc.project_id, pnc.name
            FROM
                diwi_testset.project_name_changelog pnc
                    JOIN diwi_testset.milestone_state sms ON sms.milestone_id = pnc.start_milestone_id AND sms.change_end_date IS NULL
                    JOIN diwi_testset.milestone_state ems ON ems.milestone_id = pnc.end_milestone_id AND ems.change_end_date IS NULL
            WHERE
                sms.date <= _now_ AND _now_ < ems.date AND pnc.change_end_date IS NULL
        ),
        active_project_fases AS (
            SELECT
                pfc.project_id, pfc.project_fase
            FROM
                diwi_testset.project_fase_changelog pfc
                    JOIN diwi_testset.milestone_state sms ON sms.milestone_id = pfc.start_milestone_id AND sms.change_end_date IS NULL
                    JOIN diwi_testset.milestone_state ems ON ems.milestone_id = pfc.end_milestone_id AND ems.change_end_date IS NULL
            WHERE
                sms.date <= _now_ AND _now_ < ems.date AND pfc.change_end_date IS NULL
        ),
        active_project_plan_types AS (
            SELECT
                pptc.project_id, array_agg(pptcv.plan_type::TEXT ORDER BY pptcv.plan_type::TEXT ASC) AS plan_types
            FROM
                diwi_testset.project_plan_type_changelog pptc
                    JOIN diwi_testset.milestone_state sms ON sms.milestone_id = pptc.start_milestone_id AND sms.change_end_date IS NULL
                    JOIN diwi_testset.milestone_state ems ON ems.milestone_id = pptc.end_milestone_id AND ems.change_end_date IS NULL
                    JOIN diwi_testset.project_plan_type_changelog_value pptcv ON pptc.id = pptcv.changelog_id
            WHERE
                sms.date <= _now_ AND _now_ < ems.date AND pptc.change_end_date IS NULL
            GROUP BY pptc.project_id
        ),
        active_project_planologische_planstatus AS (
            SELECT
                pppc.project_id, array_agg(pppcv.planologische_planstatus::TEXT ORDER BY pppcv.planologische_planstatus::TEXT ASC) AS planning_planstatus
            FROM
                diwi_testset.project_planologische_planstatus_changelog pppc
                    JOIN diwi_testset.milestone_state sms ON sms.milestone_id = pppc.start_milestone_id AND sms.change_end_date IS NULL
                    JOIN diwi_testset.milestone_state ems ON ems.milestone_id = pppc.end_milestone_id AND ems.change_end_date IS NULL
                    JOIN diwi_testset.project_planologische_planstatus_changelog_value pppcv ON pppc.id = pppcv.planologische_planstatus_changelog_id
            WHERE
                sms.date <= _now_ AND _now_ < ems.date AND pppc.change_end_date IS NULL
            GROUP BY pppc.project_id
        ),
        active_project_woningblok_totalvalue AS (
            SELECT
                w.project_id,
                SUM(wmc.amount *
                    CASE wmc.mutation_kind
                        WHEN 'CONSTRUCTION' THEN 1
                        WHEN 'DEMOLITION' THEN -1
                    END) AS total_value
            FROM
                diwi_testset.woningblok_mutatie_changelog wmc
                    JOIN diwi_testset.milestone_state sms ON sms.milestone_id = wmc.start_milestone_id AND sms.change_end_date IS NULL
                    JOIN diwi_testset.milestone_state ems ON ems.milestone_id = wmc.end_milestone_id AND ems.change_end_date IS NULL
                    JOIN diwi_testset.woningblok w ON wmc.woningblok_id = w.id
            WHERE
                sms.date <= _now_ AND _now_ < ems.date AND wmc.change_end_date IS NULL
            GROUP BY w.project_id
        ),
        active_project_fixed_props AS (
            SELECT
                pcc.project_id, ps.property_name AS fixedPropertyName,
                to_jsonb(array_agg(jsonb_build_object('id', pcvs.category_value_id, 'name', pcvs.value_label) ORDER BY pcvs.value_label ASC)) AS fixedPropValuesList,
                array_agg(pcvs.value_label ORDER BY pcvs.value_label ASC) AS fixedPropValuesNamesList
            FROM
                diwi_testset.project_category_changelog pcc
                    JOIN diwi_testset.milestone_state sms ON sms.milestone_id = pcc.start_milestone_id AND sms.change_end_date IS NULL
                    JOIN diwi_testset.milestone_state ems ON ems.milestone_id = pcc.end_milestone_id AND ems.change_end_date IS NULL
                    JOIN diwi_testset.property p ON p.id = pcc.property_id AND p.type = 'FIXED'
                    JOIN diwi_testset.property_state ps ON p.id = ps.property_id AND ps.change_end_date IS NULL
                    JOIN diwi_testset.project_category_changelog_value pccv ON pccv.project_category_changelog_id = pcc.id
                    JOIN diwi_testset.property_category_value_state pcvs ON pccv.property_value_id = pcvs.category_value_id AND pcvs.change_end_date IS NULL
            WHERE
                sms.date <= _now_ AND _now_ < ems.date AND pcc.change_end_date IS NULL
            GROUP BY pcc.project_id, ps.property_name
        ),
        active_project_ordinal_fixed_props AS (
            SELECT
                ppc.project_id, ps.property_name AS fixedPropertyName,
                CASE
                    WHEN ppc.value_type = 'SINGLE_VALUE' THEN array_agg(vs.ordinal_level || ' ' || vs.value_label)
                    WHEN ppc.value_type = 'RANGE' THEN array_agg(vsMin.ordinal_level || ' ' || vsMin.value_label) || array_agg(vsMax.ordinal_level || ' ' || vsMax.value_label)
                    END AS ordinalValuesNamesList,
                CASE
                    WHEN ppc.value_type = 'SINGLE_VALUE' THEN  to_jsonb(array_agg(jsonb_build_object('id', vs.ordinal_value_id, 'name', vs.ordinal_level || ' ' || vs.value_label)))
                    WHEN ppc.value_type = 'RANGE' THEN to_jsonb(array_agg(jsonb_build_object('id', vsMin.ordinal_value_id, 'name', vsMin.ordinal_level || ' ' || vsMin.value_label)) ||
                                                                array_agg(jsonb_build_object('id', vsMax.ordinal_value_id, 'name', vsMax.ordinal_level || ' ' || vsMax.value_label)))
                    END AS ordinalValuesList
            FROM
                diwi_testset.project_ordinal_changelog ppc
                    JOIN diwi_testset.milestone_state sms ON sms.milestone_id = ppc.start_milestone_id AND sms.change_end_date IS NULL
                    JOIN diwi_testset.milestone_state ems ON ems.milestone_id = ppc.end_milestone_id AND ems.change_end_date IS NULL
                    JOIN diwi_testset.property p ON p.id = ppc.property_id AND p.type = 'FIXED'
                    JOIN diwi_testset.property_state ps ON p.id = ps.property_id AND ps.change_end_date IS NULL
                    LEFT JOIN diwi_testset.property_ordinal_value_state vs
                              ON ppc.value_id = vs.ordinal_value_id AND vs.change_end_date IS NULL
                    LEFT JOIN diwi_testset.property_ordinal_value_state vsMin
                              ON ppc.min_value_id = vsMin.ordinal_value_id AND vsMin.change_end_date IS NULL
                    LEFT JOIN diwi_testset.property_ordinal_value_state vsMax
                              ON ppc.max_value_id = vsMax.ordinal_value_id AND vsMax.change_end_date IS NULL
            WHERE
                sms.date <= _now_ AND _now_ < ems.date AND ppc.change_end_date IS NULL
            GROUP BY ppc.project_id, ps.property_name, ppc.value_type
        ),
        future_projects AS (
            SELECT
                p.id, sms.date AS startDate, ems.date AS endDate, sms.milestone_id AS start_milestone_id
            FROM
                diwi_testset.project p
                    JOIN diwi_testset.project_duration_changelog pdc ON pdc.project_id = p.id AND pdc.change_end_date IS NULL
                    JOIN diwi_testset.milestone_state sms ON sms.milestone_id = pdc.start_milestone_id AND sms.change_end_date IS NULL
                    JOIN diwi_testset.milestone_state ems ON ems.milestone_id = pdc.end_milestone_id AND ems.change_end_date IS NULL
            WHERE
                sms.date > _now_
        ),
        future_project_names AS (
            SELECT
                pnc.project_id, pnc.name
            FROM
                future_projects fp
                    JOIN diwi_testset.project_name_changelog pnc ON fp.id = pnc.project_id
                        AND pnc.start_milestone_id = fp.start_milestone_id AND pnc.change_end_date IS NULL
        ),
        future_project_fases AS (
            SELECT
                pfc.project_id, pfc.project_fase
            FROM
                future_projects fp
                    JOIN diwi_testset.project_fase_changelog pfc ON fp.id = pfc.project_id
                        AND pfc.start_milestone_id = fp.start_milestone_id AND pfc.change_end_date IS NULL
        ),
        future_project_plan_types AS (
            SELECT
                pptc.project_id, array_agg(pptcv.plan_type::TEXT ORDER BY pptcv.plan_type::TEXT ASC) AS plan_types
            FROM
                future_projects fp
                    JOIN diwi_testset.project_plan_type_changelog pptc ON fp.id = pptc.project_id
                        AND pptc.start_milestone_id = fp.start_milestone_id AND pptc.change_end_date IS NULL
                    JOIN diwi_testset.project_plan_type_changelog_value pptcv ON pptc.id = pptcv.changelog_id
            GROUP BY pptc.project_id
        ),
        future_project_planologische_planstatus AS (
            SELECT
                pppc.project_id, array_agg(pppcv.planologische_planstatus::TEXT ORDER BY pppcv.planologische_planstatus::TEXT ASC) AS planning_planstatus
            FROM
                future_projects fp
                    JOIN diwi_testset.project_planologische_planstatus_changelog pppc ON fp.id = pppc.project_id
                        AND pppc.start_milestone_id = fp.start_milestone_id AND pppc.change_end_date IS NULL
                    JOIN diwi_testset.project_planologische_planstatus_changelog_value pppcv ON pppc.id = pppcv.planologische_planstatus_changelog_id
            GROUP BY  pppc.project_id
        ),
        future_project_woningblok_totalvalue AS (
            SELECT
                w.project_id,
                SUM(wmc.amount *
                    CASE wmc.mutation_kind
                        WHEN 'CONSTRUCTION' THEN 1
                        WHEN 'DEMOLITION' THEN -1
                    END) AS total_value
            FROM
                future_projects fp
                    JOIN diwi_testset.woningblok w ON fp.id = w.project_id
                    JOIN diwi_testset.woningblok_mutatie_changelog wmc ON w.id = wmc.woningblok_id
                        AND wmc.start_milestone_id = fp.start_milestone_id AND wmc.change_end_date IS NULL
            GROUP BY w.project_id
        ),
        future_project_fixed_props AS (
            SELECT
                pcc.project_id, ps.property_name AS fixedPropertyName,
                to_jsonb(array_agg(jsonb_build_object('id', pcvs.category_value_id, 'name', pcvs.value_label)  ORDER BY pcvs.value_label ASC)) AS fixedPropValuesList,
                array_agg(pcvs.value_label ORDER BY pcvs.value_label ASC) AS fixedPropValuesNamesList
            FROM
                future_projects fp
                    JOIN diwi_testset.project_category_changelog pcc ON fp.id = pcc.project_id
                        AND pcc.start_milestone_id = fp.start_milestone_id AND pcc.change_end_date IS NULL
                    JOIN diwi_testset.property p ON p.id = pcc.property_id AND p.type = 'FIXED'
                    JOIN diwi_testset.property_state ps ON p.id = ps.property_id AND ps.change_end_date IS NULL
                    JOIN diwi_testset.project_category_changelog_value pccv ON pccv.project_category_changelog_id = pcc.id
                    JOIN diwi_testset.property_category_value_state pcvs ON pccv.property_value_id = pcvs.category_value_id AND pcvs.change_end_date IS NULL
            GROUP BY pcc.project_id, ps.property_name
        ),
        future_project_ordinal_fixed_props AS (
            SELECT
                ppc.project_id, ps.property_name AS fixedPropertyName,
                CASE
                    WHEN ppc.value_type = 'SINGLE_VALUE' THEN array_agg(vs.ordinal_level || ' ' || vs.value_label)
                    WHEN ppc.value_type = 'RANGE' THEN array_agg(vsMin.ordinal_level || ' ' || vsMin.value_label) || array_agg(vsMax.ordinal_level || ' ' || vsMax.value_label)
                    END AS ordinalValuesNamesList,
                CASE
                    WHEN ppc.value_type = 'SINGLE_VALUE' THEN  to_jsonb(array_agg(jsonb_build_object('id', vs.ordinal_value_id, 'name', vs.ordinal_level || ' ' || vs.value_label)))
                    WHEN ppc.value_type = 'RANGE' THEN to_jsonb(array_agg(jsonb_build_object('id', vsMin.ordinal_value_id, 'name', vsMin.ordinal_level || ' ' || vsMin.value_label)) ||
                                                                array_agg(jsonb_build_object('id', vsMax.ordinal_value_id, 'name', vsMax.ordinal_level || ' ' || vsMax.value_label)))
                    END AS ordinalValuesList
            FROM
                future_projects fp
                    JOIN diwi_testset.project_ordinal_changelog ppc ON fp.id = ppc.project_id
                        AND ppc.start_milestone_id = fp.start_milestone_id AND ppc.change_end_date IS NULL
                    JOIN diwi_testset.property p ON p.id = ppc.property_id AND p.type = 'FIXED'
                    JOIN diwi_testset.property_state ps ON p.id = ps.property_id AND ps.change_end_date IS NULL
                    LEFT JOIN diwi_testset.property_ordinal_value_state vs
                              ON ppc.value_id = vs.ordinal_value_id AND vs.change_end_date IS NULL
                    LEFT JOIN diwi_testset.property_ordinal_value_state vsMin
                              ON ppc.min_value_id = vsMin.ordinal_value_id AND vsMin.change_end_date IS NULL
                    LEFT JOIN diwi_testset.property_ordinal_value_state vsMax
                              ON ppc.max_value_id = vsMax.ordinal_value_id AND vsMax.change_end_date IS NULL
            GROUP BY ppc.project_id, ps.property_name, ppc.value_type
        ),
        past_projects AS (
            SELECT
                p.id, sms.date AS startDate, ems.date AS endDate, ems.milestone_id AS end_milestone_id
            FROM
                diwi_testset.project p
                    JOIN diwi_testset.project_duration_changelog pdc ON pdc.project_id = p.id AND pdc.change_end_date IS NULL
                    JOIN diwi_testset.milestone_state sms ON sms.milestone_id = pdc.start_milestone_id AND sms.change_end_date IS NULL
                    JOIN diwi_testset.milestone_state ems ON ems.milestone_id = pdc.end_milestone_id AND ems.change_end_date IS NULL
            WHERE
                ems.date <= _now_
        ),
        past_project_names AS (
            SELECT
                pnc.project_id, pnc.name
            FROM
                past_projects pp
                    JOIN diwi_testset.project_name_changelog pnc ON pp.id = pnc.project_id
                        AND pnc.end_milestone_id = pp.end_milestone_id AND pnc.change_end_date IS NULL
        ),
        past_project_fases AS (
            SELECT
                 pfc.project_id, pfc.project_fase
            FROM
                past_projects pp
                    JOIN diwi_testset.project_fase_changelog pfc ON pp.id = pfc.project_id
                        AND pfc.end_milestone_id = pp.end_milestone_id AND pfc.change_end_date IS NULL
        ),
        past_project_plan_types AS (
            SELECT
                pptc.project_id, array_agg(pptcv.plan_type::TEXT ORDER BY pptcv.plan_type::TEXT ASC) AS plan_types
            FROM
                past_projects pp
                    JOIN diwi_testset.project_plan_type_changelog pptc ON pp.id = pptc.project_id
                        AND pptc.end_milestone_id = pp.end_milestone_id AND pptc.change_end_date IS NULL
                    JOIN diwi_testset.project_plan_type_changelog_value pptcv ON pptc.id = pptcv.changelog_id
            GROUP BY pptc.project_id
        ),
        past_project_planologische_planstatus AS (
            SELECT
                pppc.project_id, array_agg(pppcv.planologische_planstatus::TEXT ORDER BY pppcv.planologische_planstatus::TEXT ASC) AS planning_planstatus
            FROM
                past_projects pp
                    JOIN diwi_testset.project_planologische_planstatus_changelog pppc ON pp.id = pppc.project_id
                        AND pppc.end_milestone_id = pp.end_milestone_id AND pppc.change_end_date IS NULL
                    JOIN diwi_testset.project_planologische_planstatus_changelog_value pppcv ON pppc.id = pppcv.planologische_planstatus_changelog_id
            GROUP BY pppc.project_id
        ),
        past_project_woningblok_totalvalue AS (
            SELECT
                w.project_id,
                SUM(wmc.amount *
                    CASE wmc.mutation_kind
                        WHEN 'CONSTRUCTION' THEN 1
                        WHEN 'DEMOLITION' THEN -1
                    END) AS total_value
            FROM
                past_projects pp
                    JOIN diwi_testset.woningblok w ON pp.id = w.project_id
                    JOIN diwi_testset.woningblok_mutatie_changelog wmc ON w.id = wmc.woningblok_id
                        AND wmc.end_milestone_id = pp.end_milestone_id AND wmc.change_end_date IS NULL
            GROUP BY w.project_id
        ),
        past_project_fixed_props AS (
            SELECT
                pcc.project_id, ps.property_name AS fixedPropertyName,
                to_jsonb(array_agg(jsonb_build_object('id', pcvs.category_value_id, 'name', pcvs.value_label)  ORDER BY pcvs.value_label ASC)) AS fixedPropValuesList,
                array_agg(pcvs.value_label ORDER BY pcvs.value_label ASC) AS fixedPropValuesNamesList
            FROM
                past_projects pp
                    JOIN diwi_testset.project_category_changelog pcc ON pp.id = pcc.project_id
                    AND pcc.end_milestone_id = pp.end_milestone_id AND pcc.change_end_date IS NULL
                    JOIN diwi_testset.property p ON p.id = pcc.property_id AND p.type = 'FIXED'
                    JOIN diwi_testset.property_state ps ON p.id = ps.property_id AND ps.change_end_date IS NULL
                    JOIN diwi_testset.project_category_changelog_value pccv ON pccv.project_category_changelog_id = pcc.id
                    JOIN diwi_testset.property_category_value_state pcvs ON pccv.property_value_id = pcvs.category_value_id AND pcvs.change_end_date IS NULL
            GROUP BY pcc.project_id, ps.property_name
        ),
        past_project_ordinal_fixed_props AS (
            SELECT
                ppc.project_id, ps.property_name AS fixedPropertyName,
                CASE
                    WHEN ppc.value_type = 'SINGLE_VALUE' THEN array_agg(vs.ordinal_level || ' ' || vs.value_label)
                    WHEN ppc.value_type = 'RANGE' THEN array_agg(vsMin.ordinal_level || ' ' || vsMin.value_label) || array_agg(vsMax.ordinal_level || ' ' || vsMax.value_label)
                    END AS ordinalValuesNamesList,
                CASE
                    WHEN ppc.value_type = 'SINGLE_VALUE' THEN  to_jsonb(array_agg(jsonb_build_object('id', vs.ordinal_value_id, 'name', vs.ordinal_level || ' ' || vs.value_label)))
                    WHEN ppc.value_type = 'RANGE' THEN to_jsonb(array_agg(jsonb_build_object('id', vsMin.ordinal_value_id, 'name', vsMin.ordinal_level || ' ' || vsMin.value_label)) ||
                                                                array_agg(jsonb_build_object('id', vsMax.ordinal_value_id, 'name', vsMax.ordinal_level || ' ' || vsMax.value_label)))
                    END AS ordinalValuesList
            FROM
                past_projects pp
                    JOIN diwi_testset.project_ordinal_changelog ppc ON pp.id = ppc.project_id
                        AND ppc.end_milestone_id = pp.end_milestone_id AND ppc.change_end_date IS NULL
                    JOIN diwi_testset.property p ON p.id = ppc.property_id AND p.type = 'FIXED'
                    JOIN diwi_testset.property_state ps ON p.id = ps.property_id AND ps.change_end_date IS NULL
                    LEFT JOIN diwi_testset.property_ordinal_value_state vs
                              ON ppc.value_id = vs.ordinal_value_id AND vs.change_end_date IS NULL
                    LEFT JOIN diwi_testset.property_ordinal_value_state vsMin
                              ON ppc.min_value_id = vsMin.ordinal_value_id AND vsMin.change_end_date IS NULL
                    LEFT JOIN diwi_testset.property_ordinal_value_state vsMax
                              ON ppc.max_value_id = vsMax.ordinal_value_id AND vsMax.change_end_date IS NULL
            GROUP BY ppc.project_id, ps.property_name, ppc.value_type
        ),
        project_users AS (
            SELECT
                q.project_id    AS project_id,
                array_agg(array[q.organization_id::TEXT, q.organization_name, q.user_id::TEXT, q.user_initials, q.user_last_name, q.user_first_name]) AS users,
                array_agg(q.user_initials ORDER BY q.user_initials)      AS users_initials
            FROM (
                SELECT DISTINCT
                    ps.project_id as project_id,
                    us.user_id AS user_id,
                    LEFT(us.last_name, 1) || LEFT(us.first_name,1) AS user_initials,
                    us.last_name AS user_last_name,
                    us.first_name AS user_first_name,
                    os.organization_id AS organization_id,
                    os.naam AS organization_name
                FROM diwi_testset.project_state ps
                    JOIN diwi_testset.organization_to_project otp ON ps.project_id = otp.project_id AND otp.change_end_date IS NULL
                    JOIN diwi_testset.organization_state os ON otp.organization_id = os.organization_id AND os.change_end_date IS NULL
                    JOIN diwi_testset.user_to_organization uto ON otp.organization_id = uto.organization_id
                    JOIN diwi_testset.user_state us ON uto.user_id = us.user_id AND us.change_end_date IS NULL
                WHERE
                    ps.change_end_date IS NULL
                ) AS q
            GROUP BY q.project_id
        )

    SELECT ap.id                    AS projectId,
           ps.id                    AS projectStateId,
           apn.name                 AS projectName,
           ps.project_colour        AS projectColor,
           ps.latitude              AS latitude,
           ps.longitude             AS longitude,
           ps.confidentiality_level AS confidentialityLevel,
           owners.users                  AS projectOwners,
           owners.users_initials         AS projectOwnersInitials,
           ap.startDate             AS startDate,
           to_char( ap.startDate, 'YYYY-MM-DD') AS startDateStr,
           ap.endDate               AS endDate,
           to_char( ap.endDate, 'YYYY-MM-DD') AS endDateStr,
           appt.plan_types          AS planType,
           apop.ordinalValuesNamesList   AS priorityNamesList,
           apop.ordinalValuesList   AS priorityList,
           apf.project_fase         AS projectPhase,
           appp.planning_planstatus AS planningPlanStatus,
           apmr.fixedPropValuesList         AS municipalityRoleList,
           apmr.fixedPropValuesNamesList    AS municipalityRoleNamesList,
           apwv.total_value         AS totalValue,
           apr.fixedPropValuesList         AS municipalityList,
           apr.fixedPropValuesNamesList    AS municipalityNamesList,
           apd.fixedPropValuesList         AS districtList,
           apd.fixedPropValuesNamesList    AS districtNamesList,
           apne.fixedPropValuesList         AS neighbourhoodList,
           apne.fixedPropValuesNamesList   AS neighbourhoodNamesList
    FROM
        active_projects ap
            LEFT JOIN diwi_testset.project_state ps ON ps.project_id = ap.id AND ps.change_end_date IS NULL
            LEFT JOIN active_project_names apn ON apn.project_id = ap.id
            LEFT JOIN active_project_plan_types appt ON appt.project_id = ap.id
            LEFT JOIN active_project_fases apf ON apf.project_id = ap.id
            LEFT JOIN active_project_planologische_planstatus appp ON appp.project_id = ap.id
            LEFT JOIN active_project_woningblok_totalvalue apwv ON apwv.project_id = ap.id
            LEFT JOIN active_project_ordinal_fixed_props apop ON apop.project_id = ap.id AND apop.fixedPropertyName = 'priority'
            LEFT JOIN active_project_fixed_props apmr ON apmr.project_id = ap.id AND apmr.fixedPropertyName = 'municipalityRole'
            LEFT JOIN active_project_fixed_props apr ON apr.project_id = ap.id AND apr.fixedPropertyName = 'municipality'
            LEFT JOIN active_project_fixed_props apd ON apd.project_id = ap.id AND apd.fixedPropertyName = 'district'
            LEFT JOIN active_project_fixed_props apne ON apne.project_id = ap.id AND apne.fixedPropertyName = 'neighbourhood'
            LEFT JOIN project_users owners ON ps.project_id = owners.project_id

    UNION

    SELECT fp.id                    AS projectId,
           ps.id                    AS projectStateId,
           fpn.name                 AS projectName,
           ps.project_colour        AS projectColor,
           ps.latitude              AS latitude,
           ps.longitude             AS longitude,
           ps.confidentiality_level AS confidentialityLevel,
           owners.users                  AS projectOwners,
           owners.users_initials         AS projectOwnersInitials,
           fp.startDate             AS startDate,
           to_char( fp.startDate, 'YYYY-MM-DD') AS startDateStr,
           fp.endDate               AS endDate,
           to_char( fp.endDate, 'YYYY-MM-DD') AS endDateStr,
           fppt.plan_types          AS planType,
           fpop.ordinalValuesNamesList   AS priorityNamesList,
           fpop.ordinalValuesList   AS priorityList,
           fpf.project_fase         AS projectPhase,
           fppp.planning_planstatus AS planningPlanStatus,
           fpmr.fixedPropValuesList         AS municipalityRoleList,
           fpmr.fixedPropValuesNamesList    AS municipalityRoleNamesList,
           fpwv.total_value         AS totalValue,
           fpr.fixedPropValuesList         AS municipalityList,
           fpr.fixedPropValuesNamesList    AS municipalityNamesList,
           fpd.fixedPropValuesList         AS districtList,
           fpd.fixedPropValuesNamesList    AS districtNamesList,
           fpne.fixedPropValuesList         AS neighbourhoodList,
           fpne.fixedPropValuesNamesList   AS neighbourhoodNamesList
    FROM
        future_projects fp
            LEFT JOIN diwi_testset.project_state ps ON ps.project_id = fp.id AND ps.change_end_date IS NULL
            LEFT JOIN future_project_names fpn ON fpn.project_id = fp.id
            LEFT JOIN future_project_plan_types fppt ON fppt.project_id = fp.id
            LEFT JOIN future_project_fases fpf ON fpf.project_id = fp.id
            LEFT JOIN future_project_planologische_planstatus fppp ON fppp.project_id = fp.id
            LEFT JOIN future_project_woningblok_totalvalue fpwv ON fpwv.project_id = fp.id
            LEFT JOIN future_project_ordinal_fixed_props fpop ON fpop.project_id = fp.id AND fpop.fixedPropertyName = 'priority'
            LEFT JOIN future_project_fixed_props fpmr ON fpmr.project_id = fp.id AND fpmr.fixedPropertyName = 'municipalityRole'
            LEFT JOIN future_project_fixed_props fpr ON fpr.project_id = fp.id AND fpr.fixedPropertyName = 'municipality'
            LEFT JOIN future_project_fixed_props fpd ON fpd.project_id = fp.id AND fpd.fixedPropertyName = 'district'
            LEFT JOIN future_project_fixed_props fpne ON fpne.project_id = fp.id AND fpne.fixedPropertyName = 'neighbourhood'
            LEFT JOIN project_users owners ON ps.project_id = owners.project_id

    UNION

    SELECT pp.id                    AS projectId,
           ps.id                    AS projectStateId,
           ppn.name                 AS projectName,
           ps.project_colour        AS projectColor,
           ps.latitude              AS latitude,
           ps.longitude             AS longitude,
           ps.confidentiality_level AS confidentialityLevel,
           owners.users                  AS projectOwners,
           owners.users_initials         AS projectOwnersInitials,
           pp.startDate             AS startDate,
           to_char( pp.startDate, 'YYYY-MM-DD') AS startDateStr,
           pp.endDate               AS endDate,
           to_char( pp.endDate, 'YYYY-MM-DD') AS endDateStr,
           pppt.plan_types          AS planType,
           ppop.ordinalValuesNamesList   AS priorityNamesList,
           ppop.ordinalValuesList   AS priorityList,
           ppf.project_fase         AS projectPhase,
           pppp.planning_planstatus AS planningPlanStatus,
           ppmr.fixedPropValuesList         AS municipalityRoleList,
           ppmr.fixedPropValuesNamesList    AS municipalityRoleNamesList,
           ppwv.total_value         AS totalValue,
           ppr.fixedPropValuesList         AS municipalityList,
           ppr.fixedPropValuesNamesList    AS municipalityNamesList,
           ppd.fixedPropValuesList         AS districtList,
           ppd.fixedPropValuesNamesList    AS districtNamesList,
           ppne.fixedPropValuesList         AS neighbourhoodList,
           ppne.fixedPropValuesNamesList   AS neighbourhoodNamesList
    FROM
        past_projects pp
            LEFT JOIN diwi_testset.project_state ps ON ps.project_id = pp.id AND ps.change_end_date IS NULL
            LEFT JOIN past_project_names ppn ON ppn.project_id = pp.id
            LEFT JOIN past_project_plan_types pppt ON pppt.project_id = pp.id
            LEFT JOIN past_project_fases ppf ON ppf.project_id = pp.id
            LEFT JOIN past_project_planologische_planstatus pppp ON pppp.project_id = pp.id
            LEFT JOIN past_project_woningblok_totalvalue ppwv ON ppwv.project_id = pp.id
            LEFT JOIN past_project_ordinal_fixed_props ppop ON ppop.project_id = pp.id AND ppop.fixedPropertyName = 'priority'
            LEFT JOIN past_project_fixed_props ppmr ON ppmr.project_id = pp.id AND ppmr.fixedPropertyName = 'municipalityRole'
            LEFT JOIN past_project_fixed_props ppr ON ppr.project_id = pp.id AND ppr.fixedPropertyName = 'municipality'
            LEFT JOIN past_project_fixed_props ppd ON ppd.project_id = pp.id AND ppd.fixedPropertyName = 'district'
            LEFT JOIN past_project_fixed_props ppne ON ppne.project_id = pp.id AND ppne.fixedPropertyName = 'neighbourhood'
            LEFT JOIN project_users owners ON ps.project_id = owners.project_id

) AS q
  WHERE
        CASE
            WHEN _filterCondition_ = 'CONTAINS' AND _filterColumn_  = 'projectName' THEN q.projectName ILIKE '%' || _filterValues_[1] || '%'
            WHEN _filterCondition_ = 'CONTAINS' AND  _filterColumn_  = 'startDate' THEN q.startDateStr ILIKE '%' || _filterValues_[1] || '%'
            WHEN _filterCondition_ = 'CONTAINS' AND  _filterColumn_  = 'endDate' THEN q.endDateStr ILIKE '%' || _filterValues_[1] || '%'
            WHEN _filterCondition_ = 'ANY_OF' AND  _filterColumn_  = 'confidentialityLevel' THEN q.confidentialityLevel = ANY(_filterValues_::diwi_testset.confidentiality[])
            WHEN _filterCondition_ = 'ANY_OF' AND  _filterColumn_  = 'projectPhase' THEN q.projectPhase = ANY(_filterValues_::diwi_testset.project_phase[])
            WHEN _filterCondition_ = 'ANY_OF' AND _filterColumn_ = 'planType' THEN q.planType && _filterValues_
            WHEN _filterCondition_ = 'ANY_OF' AND _filterColumn_ = 'priority' THEN q.priorityNamesList && _filterValues_
            WHEN _filterCondition_ = 'ANY_OF' AND _filterColumn_ = 'planningPlanStatus' THEN q.planningPlanStatus && _filterValues_
            WHEN _filterCondition_ = 'ANY_OF' AND _filterColumn_ = 'municipalityRole' THEN q.municipalityRoleNamesList && _filterValues_
            WHEN _filterCondition_ = 'ANY_OF' AND _filterColumn_ = 'municipality' THEN q.municipalityNamesList && _filterValues_
            WHEN _filterCondition_ = 'ANY_OF' AND _filterColumn_ = 'district' THEN q.districtNamesList && _filterValues_
            WHEN _filterCondition_ = 'ANY_OF' AND _filterColumn_ = 'neighbourhood' THEN q.neighbourhoodNamesList && _filterValues_
            WHEN _filterCondition_ = 'ANY_OF' AND _filterColumn_ = 'projectOwners' THEN q.projectOwnersInitials && _filterValues_
            WHEN _filterColumn_ IS NULL THEN 1 = 1
        END

    ORDER BY
        CASE WHEN _sortColumn_ = 'projectName' AND _sortDirection_ = 'ASC' THEN q.projectName END ASC,
        CASE WHEN _sortColumn_ = 'totalValue' AND _sortDirection_ = 'ASC' THEN q.totalValue END ASC,
        CASE WHEN _sortColumn_ = 'endDate' AND _sortDirection_ = 'ASC' THEN q.endDate END ASC,
        CASE WHEN _sortColumn_ = 'startDate' AND _sortDirection_ = 'ASC' THEN q.startDate END ASC,
        CASE WHEN _sortColumn_ = 'confidentialityLevel' AND _sortDirection_ = 'ASC' THEN q.confidentialityLevel END ASC,
        CASE WHEN _sortColumn_ = 'projectPhase' AND _sortDirection_ = 'ASC' THEN q.projectPhase END ASC,
        CASE WHEN _sortColumn_ = 'planType' AND _sortDirection_ = 'ASC' THEN q.planType END ASC,
        CASE WHEN _sortColumn_ = 'priority' AND _sortDirection_ = 'ASC' THEN q.priorityNamesList COLLATE "diwi_numeric" END ASC,
        CASE WHEN _sortColumn_ = 'planningPlanStatus' AND _sortDirection_ = 'ASC' THEN q.planningPlanStatus END ASC,
        CASE WHEN _sortColumn_ = 'municipalityRole' AND _sortDirection_ = 'ASC' THEN q.municipalityRoleNamesList END ASC,
        CASE WHEN _sortColumn_ = 'municipality' AND _sortDirection_ = 'ASC' THEN q.municipalityNamesList END ASC,
        CASE WHEN _sortColumn_ = 'district' AND _sortDirection_ = 'ASC' THEN q.districtNamesList END ASC,
        CASE WHEN _sortColumn_ = 'neighbourhood' AND _sortDirection_ = 'ASC' THEN q.neighbourhoodNamesList END ASC,
        CASE WHEN _sortColumn_ = 'projectOwners' AND _sortDirection_ = 'ASC' THEN q.projectOwnersInitials END ASC,

        CASE WHEN _sortColumn_ = 'projectName' AND _sortDirection_ = 'DESC' THEN q.projectName END DESC,
        CASE WHEN _sortColumn_ = 'totalValue' AND _sortDirection_ = 'DESC' THEN q.totalValue END DESC,
        CASE WHEN _sortColumn_ = 'endDate' AND _sortDirection_ = 'DESC' THEN q.endDate END DESC,
        CASE WHEN _sortColumn_ = 'startDate' AND _sortDirection_ = 'DESC' THEN q.startDate END DESC,
        CASE WHEN _sortColumn_ = 'confidentialityLevel' AND _sortDirection_ = 'DESC' THEN q.confidentialityLevel END DESC,
        CASE WHEN _sortColumn_ = 'projectPhase' AND _sortDirection_ = 'DESC' THEN q.projectPhase END DESC,
        CASE WHEN _sortColumn_ = 'planType' AND _sortDirection_ = 'DESC' THEN q.planType END DESC,
        CASE WHEN _sortColumn_ = 'priority' AND _sortDirection_ = 'DESC' THEN q.priorityNamesList COLLATE "diwi_numeric" END DESC,
        CASE WHEN _sortColumn_ = 'planningPlanStatus' AND _sortDirection_ = 'DESC' THEN q.planningPlanStatus END DESC,
        CASE WHEN _sortColumn_ = 'municipalityRole' AND _sortDirection_ = 'DESC' THEN q.municipalityRoleNamesList END DESC,
        CASE WHEN _sortColumn_ = 'municipality' AND _sortDirection_ = 'DESC' THEN q.municipalityNamesList END DESC,
        CASE WHEN _sortColumn_ = 'district' AND _sortDirection_ = 'DESC' THEN q.districtNamesList END DESC,
        CASE WHEN _sortColumn_ = 'neighbourhood' AND _sortDirection_ = 'DESC' THEN q.neighbourhoodNamesList END DESC,
        CASE WHEN _sortColumn_ = 'projectOwners' AND _sortDirection_ = 'DESC' THEN q.projectOwnersInitials END DESC

    LIMIT _limit_ OFFSET _offset_;

END;$$;

--
-- Name: get_active_or_future_project_custom_properties(uuid, date); Type: FUNCTION; Schema: public; Owner: ali
--

CREATE FUNCTION public.get_active_or_future_project_custom_properties(_project_uuid_ uuid, _now_ date) RETURNS TABLE(custompropertyid uuid, booleanvalue boolean, numericvalue double precision, numericvaluerange numrange, numericvaluetype diwi_testset.value_type, textvalue text, categories uuid[], ordinalvalueid uuid, ordinalminvalueid uuid, ordinalmaxvalueid uuid, propertytype diwi_testset.maatwerk_eigenschap_type)
    LANGUAGE plpgsql
    AS $$
BEGIN
RETURN QUERY

SELECT
    q.customPropertyId,
    q.booleanValue,
    q.numericValue,
    q.numericValueRange,
    q.numericValueType,
    q.textValue,
    q.categories,
    q.ordinalValueId,
    q.ordinalMinValueId,
    q.ordinalMaxValueId,
    q.propertyType

FROM (

         WITH
             active_projects AS (
                 SELECT
                     p.id, sms.date AS startDate, ems.date AS endDate
                 FROM
                     diwi_testset.project p
                         JOIN diwi_testset.project_duration_changelog pdc ON pdc.project_id = p.id AND pdc.change_end_date IS NULL
                         JOIN diwi_testset.milestone_state sms ON sms.milestone_id = pdc.start_milestone_id AND sms.change_end_date IS NULL
                         JOIN diwi_testset.milestone_state ems ON ems.milestone_id = pdc.end_milestone_id AND ems.change_end_date IS NULL
                 WHERE  sms.date <= _now_ AND _now_ < ems.date AND p.id = _project_uuid_
             ),
             active_projects_booleanCP AS (
                 SELECT
                     ap.id, pbc.eigenschap_id, pbc.value
                 FROM
                     active_projects ap
                         JOIN diwi_testset.project_maatwerk_boolean_changelog pbc ON ap.id = pbc.project_id AND pbc.change_end_date IS NULL
                         JOIN diwi_testset.milestone_state sms ON sms.milestone_id = pbc.start_milestone_id AND sms.change_end_date IS NULL
                         JOIN diwi_testset.milestone_state ems ON ems.milestone_id = pbc.end_milestone_id AND ems.change_end_date IS NULL
                 WHERE
                     sms.date <= _now_ AND _now_ < ems.date
             ),
             active_projects_numericCP AS (
                 SELECT
                     ap.id, pnc.eigenschap_id, pnc.value, pnc.value_range, pnc.value_type
                 FROM
                     active_projects ap
                         JOIN diwi_testset.project_maatwerk_numeriek_changelog pnc ON ap.id = pnc.project_id AND pnc.change_end_date IS NULL
                         JOIN diwi_testset.milestone_state sms ON sms.milestone_id = pnc.start_milestone_id AND sms.change_end_date IS NULL
                         JOIN diwi_testset.milestone_state ems ON ems.milestone_id = pnc.end_milestone_id AND ems.change_end_date IS NULL
                 WHERE
                     sms.date <= _now_ AND _now_ < ems.date
             ),
             active_projects_textCP AS (
                 SELECT
                     ap.id, ptc.property_id, ptc.value
                 FROM
                     active_projects ap
                         JOIN diwi_testset.project_text_changelog ptc ON ap.id = ptc.project_id AND ptc.change_end_date IS NULL
                         JOIN diwi_testset.milestone_state sms ON sms.milestone_id = ptc.start_milestone_id AND sms.change_end_date IS NULL
                         JOIN diwi_testset.milestone_state ems ON ems.milestone_id = ptc.end_milestone_id AND ems.change_end_date IS NULL
                 WHERE
                     sms.date <= _now_ AND _now_ < ems.date
             ),
             active_projects_categoriesCP AS (
                 SELECT
                     ap.id, pcc.property_id, array_agg(pccv.property_value_id) AS categories
                 FROM
                     active_projects ap
                         JOIN diwi_testset.project_category_changelog pcc ON ap.id = pcc.project_id AND pcc.change_end_date IS NULL
                         JOIN diwi_testset.milestone_state sms ON sms.milestone_id = pcc.start_milestone_id AND sms.change_end_date IS NULL
                         JOIN diwi_testset.milestone_state ems ON ems.milestone_id = pcc.end_milestone_id AND ems.change_end_date IS NULL
                         LEFT JOIN diwi_testset.project_category_changelog_value pccv ON pccv.project_category_changelog_id = pcc.id
                 WHERE
                     sms.date <= _now_ AND _now_ < ems.date
                 GROUP BY ap.id, pcc.property_id
             ),
             active_projects_ordinalCP AS (
                 SELECT
                     ap.id, poc.property_id, poc.value_id AS ordinal_value_id, poc.min_value_id AS ordinal_min_value_id, poc.max_value_id AS ordinal_max_value_id
                 FROM
                     active_projects ap
                         JOIN diwi_testset.project_ordinal_changelog poc ON ap.id = poc.project_id AND poc.change_end_date IS NULL
                         JOIN diwi_testset.milestone_state sms ON sms.milestone_id = poc.start_milestone_id AND sms.change_end_date IS NULL
                         JOIN diwi_testset.milestone_state ems ON ems.milestone_id = poc.end_milestone_id AND ems.change_end_date IS NULL
                 WHERE
                     sms.date <= _now_ AND _now_ < ems.date
             ),
             future_projects AS (
                 SELECT
                     p.id, sms.milestone_id AS start_milestone_id
                 FROM
                     diwi_testset.project p
                         JOIN diwi_testset.project_duration_changelog pdc ON pdc.project_id = p.id AND pdc.change_end_date IS NULL
                         JOIN diwi_testset.milestone_state sms ON sms.milestone_id = pdc.start_milestone_id AND sms.change_end_date IS NULL
                         JOIN diwi_testset.milestone_state ems ON ems.milestone_id = pdc.end_milestone_id AND ems.change_end_date IS NULL
                 WHERE sms.date > _now_  AND p.id = _project_uuid_
             ),
             future_projects_numericCP AS (
                 SELECT
                     fp.id, pnc.eigenschap_id, pnc.value, pnc.value_range, pnc.value_type
                 FROM
                     future_projects fp
                         JOIN diwi_testset.project_maatwerk_numeriek_changelog pnc ON fp.id = pnc.project_id
                            AND pnc.start_milestone_id = fp.start_milestone_id AND pnc.change_end_date IS NULL
             ),
             future_projects_booleanCP AS (
                 SELECT
                     fp.id, pbc.eigenschap_id, pbc.value
                 FROM
                     future_projects fp
                         JOIN diwi_testset.project_maatwerk_boolean_changelog pbc ON fp.id = pbc.project_id
                         AND pbc.start_milestone_id = fp.start_milestone_id AND pbc.change_end_date IS NULL
             ),
             future_projects_textCP AS (
                 SELECT
                     fp.id, ptc.property_id, ptc.value
                 FROM
                     future_projects fp
                         JOIN diwi_testset.project_text_changelog ptc ON fp.id = ptc.project_id
                         AND ptc.start_milestone_id = fp.start_milestone_id AND ptc.change_end_date IS NULL
             ),
             future_projects_categoriesCP AS (
                 SELECT
                     fp.id, pcc.property_id, array_agg(pccv.property_value_id) AS categories
                 FROM
                     future_projects fp
                         JOIN diwi_testset.project_category_changelog pcc ON fp.id = pcc.project_id
                            AND pcc.start_milestone_id = fp.start_milestone_id AND pcc.change_end_date IS NULL
                         LEFT JOIN diwi_testset.project_category_changelog_value pccv ON pccv.project_category_changelog_id = pcc.id
                 GROUP BY fp.id, pcc.property_id
             ),
             future_projects_ordinalCP AS (
                 SELECT
                     fp.id, poc.property_id, poc.value_id AS ordinal_value_id, poc.min_value_id AS ordinal_min_value_id, poc.max_value_id AS ordinal_max_value_id
                 FROM
                     future_projects fp
                         JOIN diwi_testset.project_ordinal_changelog poc ON fp.id = poc.project_id
                         AND poc.start_milestone_id = fp.start_milestone_id AND poc.change_end_date IS NULL

             ),
             past_projects AS (
                 SELECT
                     p.id, ems.milestone_id AS end_milestone_id
                 FROM
                     diwi_testset.project p
                         JOIN diwi_testset.project_duration_changelog pdc ON pdc.project_id = p.id AND pdc.change_end_date IS NULL
                         JOIN diwi_testset.milestone_state sms ON sms.milestone_id = pdc.start_milestone_id AND sms.change_end_date IS NULL
                         JOIN diwi_testset.milestone_state ems ON ems.milestone_id = pdc.end_milestone_id AND ems.change_end_date IS NULL
                 WHERE ems.date <= _now_ AND p.id = _project_uuid_
             ),
             past_projects_numericCP AS (
                 SELECT
                     pp.id, pnc.eigenschap_id, pnc.value, pnc.value_range, pnc.value_type
                 FROM
                     past_projects pp
                         JOIN diwi_testset.project_maatwerk_numeriek_changelog pnc ON pp.id = pnc.project_id
                            AND pnc.end_milestone_id = pp.end_milestone_id AND pnc.change_end_date IS NULL
             ),
             past_projects_booleanCP AS (
                 SELECT
                     pp.id, pbc.eigenschap_id, pbc.value
                 FROM
                     past_projects pp
                         JOIN diwi_testset.project_maatwerk_boolean_changelog pbc ON pp.id = pbc.project_id
                            AND pbc.end_milestone_id = pp.end_milestone_id AND pbc.change_end_date IS NULL
             ),
             past_projects_textCP AS (
                 SELECT
                     pp.id, ptc.property_id, ptc.value
                 FROM
                     past_projects pp
                         JOIN diwi_testset.project_text_changelog ptc ON pp.id = ptc.project_id
                            AND ptc.end_milestone_id = pp.end_milestone_id AND ptc.change_end_date IS NULL
             ),
             past_projects_categoriesCP AS (
                 SELECT
                     pp.id, pcc.property_id, array_agg(pccv.property_value_id) AS categories
                 FROM
                     past_projects pp
                         JOIN diwi_testset.project_category_changelog pcc ON pp.id = pcc.project_id
                            AND pcc.end_milestone_id = pp.end_milestone_id AND pcc.change_end_date IS NULL
                         LEFT JOIN diwi_testset.project_category_changelog_value pccv ON pccv.project_category_changelog_id = pcc.id
                 GROUP BY pp.id, pcc.property_id
             ),
             past_projects_ordinalCP AS (
                 SELECT
                     pp.id, poc.property_id, poc.value_id AS ordinal_value_id, poc.min_value_id AS ordinal_min_value_id, poc.max_value_id AS ordinal_max_value_id
                 FROM
                     past_projects pp
                         JOIN diwi_testset.project_ordinal_changelog poc ON pp.id = poc.project_id
                            AND poc.end_milestone_id = pp.end_milestone_id AND poc.change_end_date IS NULL

             )

         SELECT
             ap.id AS projectId,
             apb.value AS booleanValue,
             CAST (null AS FLOAT8) AS numericValue,
             CAST (null AS NUMRANGE) AS numericValueRange,
             CAST (null AS diwi_testset.value_type) AS numericValueType,
             null AS textValue,
             CAST (null AS UUID[]) AS categories,
             CAST (null AS UUID) AS ordinalValueId,
             CAST (null AS UUID) AS ordinalMinValueId,
             CAST (null AS UUID) AS ordinalMaxValueId,
             apb.eigenschap_id AS customPropertyId,
             'BOOLEAN'::"diwi_testset"."maatwerk_eigenschap_type" AS propertyType
         FROM active_projects ap
                JOIN active_projects_booleanCP apb ON ap.id = apb.id

         UNION

         SELECT
             ap.id AS projectId,
             CAST(null AS BOOL) AS booleanValue,
             apn.value AS numericValue,
             apn.value_range AS numericValueRange,
             apn.value_type AS numericValueType,
             null AS textValue,
             CAST (null AS UUID[]) AS categories,
             CAST (null AS UUID) AS ordinalValueId,
             CAST (null AS UUID) AS ordinalMinValueId,
             CAST (null AS UUID) AS ordinalMaxValueId,
             apn.eigenschap_id AS customPropertyId,
             'NUMERIC'::"diwi_testset"."maatwerk_eigenschap_type" AS propertyType
         FROM active_projects ap
                JOIN active_projects_numericCP apn ON ap.id = apn.id

         UNION

         SELECT
             ap.id AS projectId,
             CAST(null AS BOOL) AS booleanValue,
             null AS numericValue,
             null AS numericValueRange,
             null AS numericValueType,
             apt.value AS textValue,
             CAST (null AS UUID[]) AS categories,
             CAST (null AS UUID) AS ordinalValueId,
             CAST (null AS UUID) AS ordinalMinValueId,
             CAST (null AS UUID) AS ordinalMaxValueId,
             apt.property_id AS customPropertyId,
             'TEXT'::"diwi_testset"."maatwerk_eigenschap_type" AS propertyType
         FROM active_projects ap
                JOIN active_projects_textCP apt ON ap.id = apt.id

         UNION

         SELECT
             ap.id AS projectId,
             CAST(null AS BOOL) AS booleanValue,
             null AS numericValue,
             null AS numericValueRange,
             null AS numericValueType,
             null AS textValue,
             apc.categories AS categories,
             CAST (null AS UUID) AS ordinalValueId,
             CAST (null AS UUID) AS ordinalMinValueId,
             CAST (null AS UUID) AS ordinalMaxValueId,
             apc.property_id AS customPropertyId,
             'CATEGORY'::"diwi_testset"."maatwerk_eigenschap_type" AS propertyType
         FROM active_projects ap
             JOIN active_projects_categoriesCP apc ON ap.id = apc.id

         UNION

         SELECT
             ap.id AS projectId,
             CAST(null AS BOOL) AS booleanValue,
             null AS numericValue,
             null AS numericValueRange,
             null AS numericValueType,
             null AS textValue,
             CAST (null AS UUID[])  AS categories,
             apo.ordinal_value_id AS ordinalValueId,
             apo.ordinal_min_value_id AS ordinalMinValueId,
             apo.ordinal_max_value_id AS ordinalMaxValueId,
             apo.property_id AS customPropertyId,
             'ORDINAL'::"diwi_testset"."maatwerk_eigenschap_type" AS propertyType
         FROM active_projects ap
             JOIN active_projects_ordinalCP apo ON ap.id = apo.id

         UNION

         SELECT
             fp.id AS projectId,
             fpb.value AS booleanValue,
             CAST (null AS FLOAT8) AS numericValue,
             CAST (null AS NUMRANGE) AS numericValueRange,
             CAST (null AS diwi_testset.value_type) AS numericValueType,
             null AS textValue,
             CAST (null AS UUID[]) AS categories,
             CAST (null AS UUID) AS ordinalValueId,
             CAST (null AS UUID) AS ordinalMinValueId,
             CAST (null AS UUID) AS ordinalMaxValueId,
             fpb.eigenschap_id AS customPropertyId,
             'BOOLEAN'::"diwi_testset"."maatwerk_eigenschap_type" AS propertyType
         FROM future_projects fp
                  JOIN future_projects_booleanCP fpb ON fp.id = fpb.id

         UNION

         SELECT
             fp.id AS projectId,
             CAST(null AS BOOL) AS booleanValue,
             fpn.value AS numericValue,
             fpn.value_range AS numericValueRange,
             fpn.value_type AS numericValueType,
             null AS textValue,
             CAST (null AS UUID[]) AS categories,
             CAST (null AS UUID) AS ordinalValueId,
             CAST (null AS UUID) AS ordinalMinValueId,
             CAST (null AS UUID) AS ordinalMaxValueId,
             fpn.eigenschap_id AS customPropertyId,
             'NUMERIC'::"diwi_testset"."maatwerk_eigenschap_type" AS propertyType
         FROM future_projects fp
                  JOIN future_projects_numericCP fpn ON fp.id = fpn.id

         UNION

         SELECT
             fp.id AS projectId,
             CAST(null AS BOOL) AS booleanValue,
             null AS numericValue,
             null AS numericValueRange,
             null AS numericValueType,
             fpt.value AS textValue,
             CAST (null AS UUID[]) AS categories,
             CAST (null AS UUID) AS ordinalValueId,
             CAST (null AS UUID) AS ordinalMinValueId,
             CAST (null AS UUID) AS ordinalMaxValueId,
             fpt.property_id AS customPropertyId,
             'TEXT'::"diwi_testset"."maatwerk_eigenschap_type" AS propertyType
         FROM future_projects fp
                  JOIN future_projects_textCP fpt ON fp.id = fpt.id

         UNION

         SELECT
             fp.id AS projectId,
             CAST(null AS BOOL) AS booleanValue,
             null AS numericValue,
             null AS numericValueRange,
             null AS numericValueType,
             null AS textValue,
             fpc.categories AS categories,
             CAST (null AS UUID) AS ordinalValueId,
             CAST (null AS UUID) AS ordinalMinValueId,
             CAST (null AS UUID) AS ordinalMaxValueId,
             fpc.property_id AS customPropertyId,
             'CATEGORY'::"diwi_testset"."maatwerk_eigenschap_type" AS propertyType
         FROM future_projects fp
             JOIN future_projects_categoriesCP fpc ON fp.id = fpc.id

         UNION

         SELECT
             fp.id AS projectId,
             CAST(null AS BOOL) AS booleanValue,
             null AS numericValue,
             null AS numericValueRange,
             null AS numericValueType,
             null AS textValue,
             CAST (null AS UUID[])  AS categories,
             fpo.property_id AS customPropertyId,
             fpo.ordinal_value_id AS ordinalValueId,
             fpo.ordinal_min_value_id AS ordinalMinValueId,
             fpo.ordinal_max_value_id AS ordinalMaxValueId,
             'ORDINAL'::"diwi_testset"."maatwerk_eigenschap_type" AS propertyType
         FROM future_projects fp
             JOIN future_projects_ordinalCP fpo ON fp.id = fpo.id

         UNION

         SELECT
             pp.id AS projectId,
             ppb.value AS booleanValue,
             CAST (null AS FLOAT8) AS numericValue,
             CAST (null AS NUMRANGE) AS numericValueRange,
             CAST (null AS diwi_testset.value_type) AS numericValueType,
             null AS textValue,
             CAST (null AS UUID[]) AS categories,
             CAST (null AS UUID) AS ordinalValueId,
             CAST (null AS UUID) AS ordinalMinValueId,
             CAST (null AS UUID) AS ordinalMaxValueId,
             ppb.eigenschap_id AS customPropertyId,
             'BOOLEAN'::"diwi_testset"."maatwerk_eigenschap_type" AS propertyType
         FROM past_projects pp
             JOIN past_projects_booleanCP ppb ON pp.id = ppb.id

         UNION

         SELECT
             pp.id AS projectId,
             CAST(null AS BOOL) AS booleanValue,
             ppn.value AS numericValue,
             ppn.value_range AS numericValueRange,
             ppn.value_type AS numericValueType,
             null AS textValue,
             CAST (null AS UUID[]) AS categories,
             CAST (null AS UUID) AS ordinalValueId,
             CAST (null AS UUID) AS ordinalMinValueId,
             CAST (null AS UUID) AS ordinalMaxValueId,
             ppn.eigenschap_id AS customPropertyId,
             'NUMERIC'::"diwi_testset"."maatwerk_eigenschap_type" AS propertyType
         FROM past_projects pp
             JOIN past_projects_numericCP ppn ON pp.id = ppn.id

         UNION

         SELECT
             pp.id AS projectId,
             CAST(null AS BOOL) AS booleanValue,
             null AS numericValue,
             null AS numericValueRange,
             null AS numericValueType,
             ppt.value AS textValue,
             CAST (null AS UUID[]) AS categories,
             CAST (null AS UUID) AS ordinalValueId,
             CAST (null AS UUID) AS ordinalMinValueId,
             CAST (null AS UUID) AS ordinalMaxValueId,
             ppt.property_id AS customPropertyId,
             'TEXT'::"diwi_testset"."maatwerk_eigenschap_type" AS propertyType
         FROM past_projects pp
             JOIN past_projects_textCP ppt ON pp.id = ppt.id

         UNION

         SELECT
             pp.id AS projectId,
             CAST(null AS BOOL) AS booleanValue,
             null AS numericValue,
             null AS numericValueRange,
             null AS numericValueType,
             null AS textValue,
             ppc.categories AS categories,
             CAST (null AS UUID) AS ordinalValueId,
             CAST (null AS UUID) AS ordinalMinValueId,
             CAST (null AS UUID) AS ordinalMaxValueId,
             ppc.property_id AS customPropertyId,
             'CATEGORY'::"diwi_testset"."maatwerk_eigenschap_type" AS propertyType
         FROM past_projects pp
             JOIN past_projects_categoriesCP ppc ON pp.id = ppc.id

         UNION

         SELECT
             pp.id AS projectId,
             CAST(null AS BOOL) AS booleanValue,
             null AS numericValue,
             null AS numericValueRange,
             null AS numericValueType,
             null AS textValue,
             CAST (null AS UUID[])  AS categories,
             ppo.property_id AS customPropertyId,
             ppo.ordinal_value_id AS ordinalValueId,
             ppo.ordinal_min_value_id AS ordinalMinValueId,
             ppo.ordinal_max_value_id AS ordinalMaxValueId,
             'ORDINAL'::"diwi_testset"."maatwerk_eigenschap_type" AS propertyType
         FROM past_projects pp
             JOIN past_projects_ordinalCP ppo ON pp.id = ppo.id

     ) AS q

        JOIN diwi_testset.property_state cps ON cps.property_id = q.customPropertyId AND cps.change_end_date IS NULL
        JOIN diwi_testset.property cp ON cps.property_id = cp.id AND cp.type = 'CUSTOM'

WHERE q.projectId = _project_uuid_;


END;$$;

--
-- Name: get_active_or_future_project_snapshot(uuid, date); Type: FUNCTION; Schema: public; Owner: ali
--

CREATE FUNCTION public.get_active_or_future_project_snapshot(_project_uuid_ uuid, _now_ date) RETURNS TABLE(projectid uuid, projectstateid uuid, projectname text, projectownersarray text[], projectcolor text, latitude double precision, longitude double precision, confidentialitylevel diwi_testset.confidentiality, startdate date, enddate date, plantype text[], priority jsonb, projectphase diwi_testset.project_phase, planningplanstatus text[], municipalityrole jsonb, totalvalue bigint, municipality jsonb, district jsonb, neighbourhood jsonb, geometry text)
    LANGUAGE plpgsql
    AS $$
BEGIN
RETURN QUERY

SELECT  q.projectId,
        q.projectStateId,
        q.projectName,
        q.projectOwners            AS projectOwnersArray,
        q.projectColor,
        q.latitude,
        q.longitude,
        q.confidentialityLevel,
        q.startDate,
        q.endDate,
        q.planType,
        q.priorityList            AS priority,
        q.projectPhase,
        q.planningPlanStatus,
        q.municipalityRoleList    AS municipalityRole,
        q.totalValue,
        q.municipalityList               AS municipality,
        q.districtList             AS district,
        q.neighbourhoodList        AS neighbourhood,
        q.geometry                 AS geometry
FROM (

         WITH
             active_projects AS (
                 SELECT
                     p.id, sms.date AS startDate, ems.date AS endDate
                 FROM
                     diwi_testset.project p
                         JOIN diwi_testset.project_duration_changelog pdc ON pdc.project_id = p.id AND pdc.change_end_date IS NULL
                         JOIN diwi_testset.milestone_state sms ON sms.milestone_id = pdc.start_milestone_id AND sms.change_end_date IS NULL
                         JOIN diwi_testset.milestone_state ems ON ems.milestone_id = pdc.end_milestone_id AND ems.change_end_date IS NULL
                 WHERE
                     sms.date <= _now_ AND _now_ < ems.date AND p.id = _project_uuid_
             ),
             active_project_names AS (
                 SELECT
                     pnc.project_id, pnc.name
                 FROM
                     diwi_testset.project_name_changelog pnc
                         JOIN diwi_testset.milestone_state sms ON sms.milestone_id = pnc.start_milestone_id AND sms.change_end_date IS NULL
                         JOIN diwi_testset.milestone_state ems ON ems.milestone_id = pnc.end_milestone_id AND ems.change_end_date IS NULL
                 WHERE
                     sms.date <= _now_ AND _now_ < ems.date AND pnc.change_end_date IS NULL AND pnc.project_id = _project_uuid_
             ),
             active_project_fases AS (
                 SELECT
                     pfc.project_id, pfc.project_fase
                 FROM
                     diwi_testset.project_fase_changelog pfc
                         JOIN diwi_testset.milestone_state sms ON sms.milestone_id = pfc.start_milestone_id AND sms.change_end_date IS NULL
                         JOIN diwi_testset.milestone_state ems ON ems.milestone_id = pfc.end_milestone_id AND ems.change_end_date IS NULL
                 WHERE
                     sms.date <= _now_ AND _now_ < ems.date AND pfc.change_end_date IS NULL AND pfc.project_id = _project_uuid_
             ),
             active_project_plan_types AS (
                 SELECT
                     pptc.project_id, array_agg(pptcv.plan_type::TEXT ORDER BY pptcv.plan_type::TEXT ASC) AS plan_types
                 FROM
                     diwi_testset.project_plan_type_changelog pptc
                         JOIN diwi_testset.milestone_state sms ON sms.milestone_id = pptc.start_milestone_id AND sms.change_end_date IS NULL
                         JOIN diwi_testset.milestone_state ems ON ems.milestone_id = pptc.end_milestone_id AND ems.change_end_date IS NULL
                         JOIN diwi_testset.project_plan_type_changelog_value pptcv ON pptc.id = pptcv.changelog_id
                 WHERE
                     sms.date <= _now_ AND _now_ < ems.date AND pptc.change_end_date IS NULL AND pptc.project_id = _project_uuid_
                 GROUP BY pptc.project_id
             ),
             active_project_planologische_planstatus AS (
                 SELECT
                     pppc.project_id, array_agg(pppcv.planologische_planstatus::TEXT ORDER BY pppcv.planologische_planstatus::TEXT ASC) AS planning_planstatus
                 FROM
                     diwi_testset.project_planologische_planstatus_changelog pppc
                         JOIN diwi_testset.milestone_state sms ON sms.milestone_id = pppc.start_milestone_id AND sms.change_end_date IS NULL
                         JOIN diwi_testset.milestone_state ems ON ems.milestone_id = pppc.end_milestone_id AND ems.change_end_date IS NULL
                         JOIN diwi_testset.project_planologische_planstatus_changelog_value pppcv ON pppc.id = pppcv.planologische_planstatus_changelog_id
                 WHERE
                     sms.date <= _now_ AND _now_ < ems.date AND pppc.change_end_date IS NULL AND pppc.project_id = _project_uuid_
                 GROUP BY pppc.project_id
             ),
             active_project_woningblok_totalvalue AS (
                 SELECT
                     w.project_id,
                     SUM(wmc.amount *
                         CASE wmc.mutation_kind
                             WHEN 'CONSTRUCTION' THEN 1
                             WHEN 'DEMOLITION' THEN -1
                        END) AS total_value
                 FROM
                     diwi_testset.woningblok_mutatie_changelog wmc
                         JOIN diwi_testset.milestone_state sms ON sms.milestone_id = wmc.start_milestone_id AND sms.change_end_date IS NULL
                         JOIN diwi_testset.milestone_state ems ON ems.milestone_id = wmc.end_milestone_id AND ems.change_end_date IS NULL
                         JOIN diwi_testset.woningblok w ON wmc.woningblok_id = w.id
                 WHERE
                     sms.date <= _now_ AND _now_ < ems.date AND wmc.change_end_date IS NULL AND w.project_id = _project_uuid_
                 GROUP BY w.project_id
             ),
             active_project_fixed_props AS (
                 SELECT
                     pcc.project_id, ps.property_name AS fixedPropertyName,
                     to_jsonb(array_agg(jsonb_build_object('id', pcvs.category_value_id, 'name', pcvs.value_label))) AS fixedPropValuesList
                 FROM
                    diwi_testset.project_category_changelog pcc
                         JOIN diwi_testset.milestone_state sms ON sms.milestone_id = pcc.start_milestone_id AND sms.change_end_date IS NULL
                         JOIN diwi_testset.milestone_state ems ON ems.milestone_id = pcc.end_milestone_id AND ems.change_end_date IS NULL
                         JOIN diwi_testset.property p ON p.id = pcc.property_id AND p.type = 'FIXED'
                         JOIN diwi_testset.property_state ps ON p.id = ps.property_id AND ps.change_end_date IS NULL
                         JOIN diwi_testset.project_category_changelog_value pccv ON pccv.project_category_changelog_id = pcc.id
                         JOIN diwi_testset.property_category_value_state pcvs ON pccv.property_value_id = pcvs.category_value_id AND pcvs.change_end_date IS NULL
                 WHERE
                     sms.date <= _now_ AND _now_ < ems.date AND pcc.change_end_date IS NULL AND pcc.project_id = _project_uuid_
                 GROUP BY pcc.project_id, ps.property_name
             ),
             active_project_ordinal_fixed_props AS (
                 SELECT
                     ppc.project_id, ps.property_name AS fixedPropertyName,
                     CASE
                         WHEN ppc.value_type = 'SINGLE_VALUE' THEN  to_jsonb(array_agg(jsonb_build_object('id', vs.ordinal_value_id, 'name', vs.ordinal_level || ' ' || vs.value_label)))
                         WHEN ppc.value_type = 'RANGE' THEN to_jsonb(array_agg(jsonb_build_object('id', vsMin.ordinal_value_id, 'name', vsMin.ordinal_level || ' ' || vsMin.value_label)) ||
                                                                     array_agg(jsonb_build_object('id', vsMax.ordinal_value_id, 'name', vsMax.ordinal_level || ' ' || vsMax.value_label)))
                         END AS ordinalValuesList
                 FROM
                     diwi_testset.project_ordinal_changelog ppc
                         JOIN diwi_testset.milestone_state sms ON sms.milestone_id = ppc.start_milestone_id AND sms.change_end_date IS NULL
                         JOIN diwi_testset.milestone_state ems ON ems.milestone_id = ppc.end_milestone_id AND ems.change_end_date IS NULL
                         JOIN diwi_testset.property p ON p.id = ppc.property_id AND p.type = 'FIXED'
                         JOIN diwi_testset.property_state ps ON p.id = ps.property_id AND ps.change_end_date IS NULL
                         LEFT JOIN diwi_testset.property_ordinal_value_state vs
                                   ON ppc.value_id = vs.ordinal_value_id AND vs.change_end_date IS NULL
                         LEFT JOIN diwi_testset.property_ordinal_value_state vsMin
                                   ON ppc.min_value_id = vsMin.ordinal_value_id AND vsMin.change_end_date IS NULL
                         LEFT JOIN diwi_testset.property_ordinal_value_state vsMax
                                   ON ppc.max_value_id = vsMax.ordinal_value_id AND vsMax.change_end_date IS NULL
                 WHERE
                     sms.date <= _now_ AND _now_ < ems.date AND ppc.change_end_date IS NULL
                 GROUP BY ppc.project_id, ps.property_name, ppc.value_type
             ),
             active_project_text_fixed_props AS (
                 SELECT
                     ppc.project_id, ps.property_name AS fixedPropertyName, ppc.value as fixedPropertyValue
                 FROM
                     diwi_testset.project_text_changelog ppc
                         JOIN diwi_testset.milestone_state sms ON sms.milestone_id = ppc.start_milestone_id AND sms.change_end_date IS NULL
                         JOIN diwi_testset.milestone_state ems ON ems.milestone_id = ppc.end_milestone_id AND ems.change_end_date IS NULL
                         JOIN diwi_testset.property p ON p.id = ppc.property_id AND p.type = 'FIXED'
                         JOIN diwi_testset.property_state ps ON p.id = ps.property_id AND ps.change_end_date IS NULL
                 WHERE
                     sms.date <= _now_ AND _now_ < ems.date AND ppc.change_end_date IS NULL
                 GROUP BY ppc.project_id, ps.property_name, ppc.value
             ),
             future_projects AS (
                 SELECT
                     p.id, sms.date AS startDate, ems.date AS endDate, sms.milestone_id AS start_milestone_id
                 FROM
                     diwi_testset.project p
                         JOIN diwi_testset.project_duration_changelog pdc ON pdc.project_id = p.id AND pdc.change_end_date IS NULL
                         JOIN diwi_testset.milestone_state sms ON sms.milestone_id = pdc.start_milestone_id AND sms.change_end_date IS NULL
                         JOIN diwi_testset.milestone_state ems ON ems.milestone_id = pdc.end_milestone_id AND ems.change_end_date IS NULL
                 WHERE
                     sms.date > _now_ AND p.id = _project_uuid_
             ),
             future_project_names AS (
                 SELECT
                     pnc.project_id, pnc.name
                 FROM
                     future_projects fp
                        JOIN diwi_testset.project_name_changelog pnc ON fp.id = pnc.project_id
                            AND pnc.start_milestone_id = fp.start_milestone_id AND pnc.change_end_date IS NULL
             ),
             future_project_fases AS (
                 SELECT
                     pfc.project_id, pfc.project_fase
                 FROM
                     future_projects fp
                        JOIN diwi_testset.project_fase_changelog pfc ON fp.id = pfc.project_id
                            AND pfc.start_milestone_id = fp.start_milestone_id AND pfc.change_end_date IS NULL
             ),
             future_project_plan_types AS (
                 SELECT
                     pptc.project_id, array_agg(pptcv.plan_type::TEXT ORDER BY pptcv.plan_type::TEXT ASC) AS plan_types
                 FROM
                     future_projects fp
                        JOIN diwi_testset.project_plan_type_changelog pptc ON fp.id = pptc.project_id
                            AND pptc.start_milestone_id = fp.start_milestone_id AND pptc.change_end_date IS NULL
                        JOIN diwi_testset.project_plan_type_changelog_value pptcv ON pptc.id = pptcv.changelog_id
                 GROUP BY pptc.project_id
             ),
             future_project_planologische_planstatus AS (
                 SELECT
                     pppc.project_id, array_agg(pppcv.planologische_planstatus::TEXT ORDER BY pppcv.planologische_planstatus::TEXT ASC) AS planning_planstatus
                 FROM
                     future_projects fp
                        JOIN diwi_testset.project_planologische_planstatus_changelog pppc ON fp.id = pppc.project_id
                            AND pppc.start_milestone_id = fp.start_milestone_id AND pppc.change_end_date IS NULL
                        JOIN diwi_testset.project_planologische_planstatus_changelog_value pppcv ON pppc.id = pppcv.planologische_planstatus_changelog_id
                 GROUP BY  pppc.project_id
             ),
             future_project_woningblok_totalvalue AS (
                 SELECT
                     w.project_id,
                     SUM(wmc.amount *
                         CASE wmc.mutation_kind
                             WHEN 'CONSTRUCTION' THEN 1
                             WHEN 'DEMOLITION' THEN -1
                         END) AS total_value
                 FROM
                     future_projects fp
                        JOIN diwi_testset.woningblok w ON fp.id = w.project_id
                        JOIN diwi_testset.woningblok_mutatie_changelog wmc ON w.id = wmc.woningblok_id
                            AND wmc.start_milestone_id = fp.start_milestone_id AND wmc.change_end_date IS NULL
                 GROUP BY w.project_id
             ),
             future_project_fixed_props AS (
                 SELECT
                     pcc.project_id, ps.property_name AS fixedPropertyName,
                     to_jsonb(array_agg(jsonb_build_object('id', pcvs.category_value_id, 'name', pcvs.value_label))) AS fixedPropValuesList
                 FROM
                     future_projects fp
                         JOIN diwi_testset.project_category_changelog pcc ON fp.id = pcc.project_id
                            AND pcc.start_milestone_id = fp.start_milestone_id AND pcc.change_end_date IS NULL
                         JOIN diwi_testset.property p ON p.id = pcc.property_id AND p.type = 'FIXED'
                         JOIN diwi_testset.property_state ps ON p.id = ps.property_id AND ps.change_end_date IS NULL
                         JOIN diwi_testset.project_category_changelog_value pccv ON pccv.project_category_changelog_id = pcc.id
                         JOIN diwi_testset.property_category_value_state pcvs ON pccv.property_value_id = pcvs.category_value_id AND pcvs.change_end_date IS NULL
                 GROUP BY pcc.project_id, ps.property_name
             ),
             future_project_ordinal_fixed_props AS (
                 SELECT
                     ppc.project_id, ps.property_name AS fixedPropertyName,
                     CASE
                         WHEN ppc.value_type = 'SINGLE_VALUE' THEN  to_jsonb(array_agg(jsonb_build_object('id', vs.ordinal_value_id, 'name', vs.ordinal_level || ' ' || vs.value_label)))
                         WHEN ppc.value_type = 'RANGE' THEN to_jsonb(array_agg(jsonb_build_object('id', vsMin.ordinal_value_id, 'name', vsMin.ordinal_level || ' ' || vsMin.value_label)) ||
                                                                     array_agg(jsonb_build_object('id', vsMax.ordinal_value_id, 'name', vsMax.ordinal_level || ' ' || vsMax.value_label)))
                         END AS ordinalValuesList
                 FROM
                     future_projects fp
                         JOIN diwi_testset.project_ordinal_changelog ppc ON fp.id = ppc.project_id
                         AND ppc.start_milestone_id = fp.start_milestone_id AND ppc.change_end_date IS NULL
                         JOIN diwi_testset.property p ON p.id = ppc.property_id AND p.type = 'FIXED'
                         JOIN diwi_testset.property_state ps ON p.id = ps.property_id AND ps.change_end_date IS NULL
                         LEFT JOIN diwi_testset.property_ordinal_value_state vs
                                   ON ppc.value_id = vs.ordinal_value_id AND vs.change_end_date IS NULL
                         LEFT JOIN diwi_testset.property_ordinal_value_state vsMin
                                   ON ppc.min_value_id = vsMin.ordinal_value_id AND vsMin.change_end_date IS NULL
                         LEFT JOIN diwi_testset.property_ordinal_value_state vsMax
                                   ON ppc.max_value_id = vsMax.ordinal_value_id AND vsMax.change_end_date IS NULL
                 GROUP BY ppc.project_id, ps.property_name, ppc.value_type
             ),
             future_project_text_fixed_props AS (
                 SELECT
                     ppc.project_id, ps.property_name AS fixedPropertyName, ppc.value as fixedPropertyValue
                 FROM
                     future_projects fp
                         JOIN diwi_testset.project_text_changelog ppc ON fp.id = ppc.project_id
                            AND ppc.start_milestone_id = fp.start_milestone_id AND ppc.change_end_date IS NULL
                         JOIN diwi_testset.property p ON p.id = ppc.property_id AND p.type = 'FIXED'
                         JOIN diwi_testset.property_state ps ON p.id = ps.property_id AND ps.change_end_date IS NULL
                 GROUP BY ppc.project_id, ps.property_name, ppc.value
             ),
             past_projects AS (
                 SELECT
                     p.id, sms.date AS startDate, ems.date AS endDate, ems.milestone_id AS end_milestone_id
                 FROM
                     diwi_testset.project p
                         JOIN diwi_testset.project_duration_changelog pdc ON pdc.project_id = p.id AND pdc.change_end_date IS NULL
                         JOIN diwi_testset.milestone_state sms ON sms.milestone_id = pdc.start_milestone_id AND sms.change_end_date IS NULL
                         JOIN diwi_testset.milestone_state ems ON ems.milestone_id = pdc.end_milestone_id AND ems.change_end_date IS NULL
                 WHERE
                     ems.date <= _now_ AND p.id = _project_uuid_
             ),
             past_project_names AS (
                 SELECT
                     pnc.project_id, pnc.name
                 FROM
                     past_projects pp
                         JOIN diwi_testset.project_name_changelog pnc ON pp.id = pnc.project_id
                            AND pnc.end_milestone_id = pp.end_milestone_id AND pnc.change_end_date IS NULL
             ),
             past_project_fases AS (
                 SELECT
                     pfc.project_id, pfc.project_fase
                 FROM
                     past_projects pp
                         JOIN diwi_testset.project_fase_changelog pfc ON pp.id = pfc.project_id
                            AND pfc.end_milestone_id = pp.end_milestone_id AND pfc.change_end_date IS NULL
             ),
             past_project_plan_types AS (
                 SELECT
                     pptc.project_id, array_agg(pptcv.plan_type::TEXT ORDER BY pptcv.plan_type::TEXT ASC) AS plan_types
                 FROM
                     past_projects pp
                         JOIN diwi_testset.project_plan_type_changelog pptc ON pp.id = pptc.project_id
                            AND pptc.end_milestone_id = pp.end_milestone_id AND pptc.change_end_date IS NULL
                         JOIN diwi_testset.project_plan_type_changelog_value pptcv ON pptc.id = pptcv.changelog_id
                 GROUP BY pptc.project_id
             ),
             past_project_planologische_planstatus AS (
                 SELECT
                     pppc.project_id, array_agg(pppcv.planologische_planstatus::TEXT ORDER BY pppcv.planologische_planstatus::TEXT ASC) AS planning_planstatus
                 FROM
                     past_projects pp
                         JOIN diwi_testset.project_planologische_planstatus_changelog pppc ON pp.id = pppc.project_id
                            AND pppc.end_milestone_id = pp.end_milestone_id AND pppc.change_end_date IS NULL
                         JOIN diwi_testset.project_planologische_planstatus_changelog_value pppcv ON pppc.id = pppcv.planologische_planstatus_changelog_id
                 GROUP BY pppc.project_id
             ),
             past_project_woningblok_totalvalue AS (
                 SELECT
                     w.project_id,
                     SUM(wmc.amount *
                         CASE wmc.mutation_kind
                             WHEN 'CONSTRUCTION' THEN 1
                             WHEN 'DEMOLITION' THEN -1
                         END) AS total_value
                 FROM
                     past_projects pp
                         JOIN diwi_testset.woningblok w ON pp.id = w.project_id
                         JOIN diwi_testset.woningblok_mutatie_changelog wmc ON w.id = wmc.woningblok_id
                            AND wmc.end_milestone_id = pp.end_milestone_id AND wmc.change_end_date IS NULL
                 GROUP BY w.project_id
             ),
             past_project_fixed_props AS (
                 SELECT
                     pcc.project_id, ps.property_name AS fixedPropertyName,
                     to_jsonb(array_agg(jsonb_build_object('id', pcvs.category_value_id, 'name', pcvs.value_label))) AS fixedPropValuesList
                 FROM
                     past_projects pp
                         JOIN diwi_testset.project_category_changelog pcc ON pp.id = pcc.project_id
                            AND pcc.end_milestone_id = pp.end_milestone_id AND pcc.change_end_date IS NULL
                         JOIN diwi_testset.property p ON p.id = pcc.property_id AND p.type = 'FIXED'
                         JOIN diwi_testset.property_state ps ON p.id = ps.property_id AND ps.change_end_date IS NULL
                         JOIN diwi_testset.project_category_changelog_value pccv ON pccv.project_category_changelog_id = pcc.id
                         JOIN diwi_testset.property_category_value_state pcvs ON pccv.property_value_id = pcvs.category_value_id AND pcvs.change_end_date IS NULL
                 GROUP BY pcc.project_id, ps.property_name
             ),
             past_project_ordinal_fixed_props AS (
                 SELECT
                     ppc.project_id, ps.property_name AS fixedPropertyName,
                     CASE
                         WHEN ppc.value_type = 'SINGLE_VALUE' THEN  to_jsonb(array_agg(jsonb_build_object('id', vs.ordinal_value_id, 'name', vs.ordinal_level || ' ' || vs.value_label)))
                         WHEN ppc.value_type = 'RANGE' THEN to_jsonb(array_agg(jsonb_build_object('id', vsMin.ordinal_value_id, 'name', vsMin.ordinal_level || ' ' || vsMin.value_label)) ||
                                                                     array_agg(jsonb_build_object('id', vsMax.ordinal_value_id, 'name', vsMax.ordinal_level || ' ' || vsMax.value_label)))
                         END AS ordinalValuesList
                 FROM
                     past_projects pp
                         JOIN diwi_testset.project_ordinal_changelog ppc ON pp.id = ppc.project_id
                         AND ppc.end_milestone_id = pp.end_milestone_id AND ppc.change_end_date IS NULL
                         JOIN diwi_testset.property p ON p.id = ppc.property_id AND p.type = 'FIXED'
                         JOIN diwi_testset.property_state ps ON p.id = ps.property_id AND ps.change_end_date IS NULL
                         LEFT JOIN diwi_testset.property_ordinal_value_state vs
                                   ON ppc.value_id = vs.ordinal_value_id AND vs.change_end_date IS NULL
                         LEFT JOIN diwi_testset.property_ordinal_value_state vsMin
                                   ON ppc.min_value_id = vsMin.ordinal_value_id AND vsMin.change_end_date IS NULL
                         LEFT JOIN diwi_testset.property_ordinal_value_state vsMax
                                   ON ppc.max_value_id = vsMax.ordinal_value_id AND vsMax.change_end_date IS NULL
                 GROUP BY ppc.project_id, ps.property_name, ppc.value_type
             ),
             past_project_text_fixed_props AS (
                 SELECT
                     ppc.project_id, ps.property_name AS fixedPropertyName, ppc.value as fixedPropertyValue
                 FROM
                     past_projects pp
                         JOIN diwi_testset.project_text_changelog ppc ON pp.id = ppc.project_id
                            AND ppc.end_milestone_id = pp.end_milestone_id AND ppc.change_end_date IS NULL
                         JOIN diwi_testset.property p ON p.id = ppc.property_id AND p.type = 'FIXED'
                         JOIN diwi_testset.property_state ps ON p.id = ps.property_id AND ps.change_end_date IS NULL
                 GROUP BY ppc.project_id, ps.property_name, ppc.value
             ),
             project_users AS (
                 SELECT
                     q.project_id    AS project_id,
                     array_agg(array[q.organization_id::TEXT, q.organization_name, q.user_id::TEXT, q.user_initials, q.user_last_name, q.user_first_name]) AS users
                 FROM (
                          SELECT DISTINCT
                              ps.project_id as project_id,
                              us.user_id AS user_id,
                              LEFT(us.last_name, 1) || LEFT(us.first_name,1) AS user_initials,
                              us.last_name AS user_last_name,
                              us.first_name AS user_first_name,
                              os.organization_id AS organization_id,
                              os.naam AS organization_name
                          FROM diwi_testset.project_state ps
                              JOIN diwi_testset.organization_to_project otp ON ps.project_id = otp.project_id AND otp.change_end_date IS NULL
                              JOIN diwi_testset.organization_state os ON otp.organization_id = os.organization_id AND os.change_end_date IS NULL
                              JOIN diwi_testset.user_to_organization uto ON otp.organization_id = uto.organization_id
                              JOIN diwi_testset.user_state us ON uto.user_id = us.user_id AND us.change_end_date IS NULL
                          WHERE
                              ps.change_end_date IS NULL AND ps.project_id = _project_uuid_
                      ) AS q
                 GROUP BY q.project_id
             )

         SELECT ap.id                    AS projectId,
                ps.id                    AS projectStateId,
                apn.name                 AS projectName,
                ps.project_colour        AS projectColor,
                ps.latitude              AS latitude,
                ps.longitude             AS longitude,
                ps.confidentiality_level AS confidentialityLevel,
                owners.users             AS projectOwners,
                ap.startDate             AS startDate,
                ap.endDate               AS endDate,
                appt.plan_types          AS planType,
                apop.ordinalValuesList   AS priorityList,
                apf.project_fase         AS projectPhase,
                appp.planning_planstatus AS planningPlanStatus,
                apmr.fixedPropValuesList AS municipalityRoleList,
                apwv.total_value         AS totalValue,
                apr.fixedPropValuesList  AS municipalityList,
                apd.fixedPropValuesList  AS districtList,
                apne.fixedPropValuesList AS neighbourhoodList,
                apg.fixedPropertyValue   AS geometry
         FROM
             active_projects ap
                 LEFT JOIN diwi_testset.project_state ps ON ps.project_id = ap.id AND ps.change_end_date IS NULL
                 LEFT JOIN active_project_names apn ON apn.project_id = ap.id
                 LEFT JOIN active_project_plan_types appt ON appt.project_id = ap.id
                 LEFT JOIN active_project_fases apf ON apf.project_id = ap.id
                 LEFT JOIN active_project_planologische_planstatus appp ON appp.project_id = ap.id
                 LEFT JOIN active_project_woningblok_totalvalue apwv ON apwv.project_id = ap.id
                 LEFT JOIN active_project_ordinal_fixed_props apop ON apop.project_id = ap.id AND apop.fixedPropertyName = 'priority'
                 LEFT JOIN active_project_fixed_props apmr ON apmr.project_id = ap.id AND apmr.fixedPropertyName = 'municipalityRole'
                 LEFT JOIN active_project_fixed_props apr ON apr.project_id = ap.id AND apr.fixedPropertyName = 'municipality'
                 LEFT JOIN active_project_fixed_props apd ON apd.project_id = ap.id AND apd.fixedPropertyName = 'district'
                 LEFT JOIN active_project_fixed_props apne ON apne.project_id = ap.id AND apne.fixedPropertyName = 'neighbourhood'
                 LEFT JOIN active_project_text_fixed_props apg ON apg.project_id = ap.id AND apg.fixedPropertyName = 'geometry'
                 LEFT JOIN project_users owners ON ps.project_id = owners.project_id

         UNION

         SELECT fp.id                    AS projectId,
                ps.id                    AS projectStateId,
                fpn.name                 AS projectName,
                ps.project_colour        AS projectColor,
                ps.latitude              AS latitude,
                ps.longitude             AS longitude,
                ps.confidentiality_level AS confidentialityLevel,
                owners.users             AS projectOwners,
                fp.startDate             AS startDate,
                fp.endDate               AS endDate,
                fppt.plan_types          AS planType,
                fpop.ordinalValuesList   AS priorityList,
                fpf.project_fase         AS projectPhase,
                fppp.planning_planstatus AS planningPlanStatus,
                fpmr.fixedPropValuesList AS municipalityRoleList,
                fpwv.total_value         AS totalValue,
                fpr.fixedPropValuesList  AS municipalityList,
                fpd.fixedPropValuesList  AS districtList,
                fpne.fixedPropValuesList AS neighbourhoodList,
                fpg.fixedPropertyValue   AS geometry
         FROM
             future_projects fp
                 LEFT JOIN diwi_testset.project_state ps ON ps.project_id = fp.id AND ps.change_end_date IS NULL
                 LEFT JOIN future_project_names fpn ON fpn.project_id = fp.id
                 LEFT JOIN future_project_plan_types fppt ON fppt.project_id = fp.id
                 LEFT JOIN future_project_fases fpf ON fpf.project_id = fp.id
                 LEFT JOIN future_project_planologische_planstatus fppp ON fppp.project_id = fp.id
                 LEFT JOIN future_project_woningblok_totalvalue fpwv ON fpwv.project_id = fp.id
                 LEFT JOIN future_project_ordinal_fixed_props fpop ON fpop.project_id = fp.id AND fpop.fixedPropertyName = 'priority'
                 LEFT JOIN future_project_fixed_props fpmr ON fpmr.project_id = fp.id AND fpmr.fixedPropertyName = 'municipalityRole'
                 LEFT JOIN future_project_fixed_props fpr ON fpr.project_id = fp.id AND fpr.fixedPropertyName = 'municipality'
                 LEFT JOIN future_project_fixed_props fpd ON fpd.project_id = fp.id AND fpd.fixedPropertyName = 'district'
                 LEFT JOIN future_project_fixed_props fpne ON fpne.project_id = fp.id AND fpne.fixedPropertyName = 'neighbourhood'
                 LEFT JOIN future_project_text_fixed_props fpg ON fpg.project_id = fp.id AND fpg.fixedPropertyName = 'geometry'
                 LEFT JOIN project_users owners ON ps.project_id = owners.project_id

         UNION

         SELECT pp.id                    AS projectId,
                ps.id                    AS projectStateId,
                ppn.name                 AS projectName,
                ps.project_colour        AS projectColor,
                ps.latitude              AS latitude,
                ps.longitude             AS longitude,
                ps.confidentiality_level AS confidentialityLevel,
                owners.users             AS projectOwners,
                pp.startDate             AS startDate,
                pp.endDate               AS endDate,
                pppt.plan_types          AS planType,
                ppop.ordinalValuesList   AS priorityList,
                ppf.project_fase         AS projectPhase,
                pppp.planning_planstatus AS planningPlanStatus,
                ppmr.fixedPropValuesList AS municipalityRoleList,
                ppwv.total_value         AS totalValue,
                ppr.fixedPropValuesList  AS municipalityList,
                ppd.fixedPropValuesList  AS districtList,
                ppne.fixedPropValuesList AS neighbourhoodList,
                ppg.fixedPropertyValue   AS geometry
         FROM
             past_projects pp
                 LEFT JOIN diwi_testset.project_state ps ON ps.project_id = pp.id AND ps.change_end_date IS NULL
                 LEFT JOIN past_project_names ppn ON ppn.project_id = pp.id
                 LEFT JOIN past_project_plan_types pppt ON pppt.project_id = pp.id
                 LEFT JOIN past_project_fases ppf ON ppf.project_id = pp.id
                 LEFT JOIN past_project_planologische_planstatus pppp ON pppp.project_id = pp.id
                 LEFT JOIN past_project_woningblok_totalvalue ppwv ON ppwv.project_id = pp.id
                 LEFT JOIN past_project_ordinal_fixed_props ppop ON ppop.project_id = pp.id AND ppop.fixedPropertyName = 'priority'
                 LEFT JOIN past_project_fixed_props ppmr ON ppmr.project_id = pp.id AND ppmr.fixedPropertyName = 'municipalityRole'
                 LEFT JOIN past_project_fixed_props ppr ON ppr.project_id = pp.id AND ppr.fixedPropertyName = 'municipality'
                 LEFT JOIN past_project_fixed_props ppd ON ppd.project_id = pp.id AND ppd.fixedPropertyName = 'district'
                 LEFT JOIN past_project_fixed_props ppne ON ppne.project_id = pp.id AND ppne.fixedPropertyName = 'neighbourhood'
                 LEFT JOIN past_project_text_fixed_props ppg ON ppg.project_id = pp.id AND ppg.fixedPropertyName = 'geometry'
                 LEFT JOIN project_users owners ON ps.project_id = owners.project_id

     ) AS q
WHERE q.projectId = _project_uuid_ LIMIT 1;

END;$$;

--
-- Name: get_houseblock_custom_properties(uuid, date); Type: FUNCTION; Schema: public; Owner: ali
--

CREATE FUNCTION public.get_houseblock_custom_properties(_woningblok_uuid_ uuid, _now_ date) RETURNS TABLE(custompropertyid uuid, booleanvalue boolean, numericvalue double precision, numericvaluerange numrange, numericvaluetype diwi_testset.value_type, textvalue text, categories uuid[], ordinalvalueid uuid, ordinalminvalueid uuid, ordinalmaxvalueid uuid, propertytype diwi_testset.maatwerk_eigenschap_type)
    LANGUAGE plpgsql
    AS $$
BEGIN
RETURN QUERY

SELECT
    q.customPropertyId,
    q.booleanValue,
    q.numericValue,
    q.numericValueRange,
    q.numericValueType,
    q.textValue,
    q.categories,
    q.ordinalValueId,
    q.ordinalMinValueId,
    q.ordinalMaxValueId,
    q.propertyType

FROM (

         WITH
             active_woningbloks AS (
                 SELECT
                     p.id, sms.date AS startDate, ems.date AS endDate
                 FROM
                     diwi_testset.woningblok p
                         JOIN diwi_testset.woningblok_state ws ON ws.woningblok_id = p.id AND ws.change_end_date IS NULL
                         JOIN diwi_testset.woningblok_duration_changelog wdc ON wdc.woningblok_id = p.id AND wdc.change_end_date IS NULL
                         JOIN diwi_testset.milestone_state sms ON sms.milestone_id = wdc.start_milestone_id AND sms.change_end_date IS NULL
                         JOIN diwi_testset.milestone_state ems ON ems.milestone_id = wdc.end_milestone_id AND ems.change_end_date IS NULL
                 WHERE  sms.date <= _now_ AND _now_ < ems.date AND p.id = _woningblok_uuid_
             ),
             active_woningbloks_booleanCP AS (
                 SELECT
                     ap.id, wbc.eigenschap_id, wbc.value
                 FROM
                     active_woningbloks ap
                         JOIN diwi_testset.woningblok_maatwerk_boolean_changelog wbc ON ap.id = wbc.woningblok_id AND wbc.change_end_date IS NULL
                         JOIN diwi_testset.milestone_state sms ON sms.milestone_id = wbc.start_milestone_id AND sms.change_end_date IS NULL
                         JOIN diwi_testset.milestone_state ems ON ems.milestone_id = wbc.end_milestone_id AND ems.change_end_date IS NULL
                 WHERE
                     sms.date <= _now_ AND _now_ < ems.date
             ),
             active_woningbloks_numericCP AS (
                 SELECT
                     ap.id, wnc.eigenschap_id, wnc.value, wnc.value_range, wnc.value_type
                 FROM
                     active_woningbloks ap
                         JOIN diwi_testset.woningblok_maatwerk_numeriek_changelog wnc ON ap.id = wnc.woningblok_id AND wnc.change_end_date IS NULL
                         JOIN diwi_testset.milestone_state sms ON sms.milestone_id = wnc.start_milestone_id AND sms.change_end_date IS NULL
                         JOIN diwi_testset.milestone_state ems ON ems.milestone_id = wnc.end_milestone_id AND ems.change_end_date IS NULL
                 WHERE
                     sms.date <= _now_ AND _now_ < ems.date
             ),
             active_woningbloks_textCP AS (
                 SELECT
                     ap.id, wtc.eigenschap_id, wtc.value
                 FROM
                     active_woningbloks ap
                         JOIN diwi_testset.woningblok_maatwerk_text_changelog wtc ON ap.id = wtc.woningblok_id AND wtc.change_end_date IS NULL
                         JOIN diwi_testset.milestone_state sms ON sms.milestone_id = wtc.start_milestone_id AND sms.change_end_date IS NULL
                         JOIN diwi_testset.milestone_state ems ON ems.milestone_id = wtc.end_milestone_id AND ems.change_end_date IS NULL
                 WHERE
                     sms.date <= _now_ AND _now_ < ems.date
             ),
             active_woningbloks_categoriesCP AS (
                 SELECT
                     ap.id, wcc.eigenschap_id, array_agg(wccv.eigenschap_waarde_id) AS categories
                 FROM
                     active_woningbloks ap
                         JOIN diwi_testset.woningblok_maatwerk_categorie_changelog wcc ON ap.id = wcc.woningblok_id AND wcc.change_end_date IS NULL
                         JOIN diwi_testset.milestone_state sms ON sms.milestone_id = wcc.start_milestone_id AND sms.change_end_date IS NULL
                         JOIN diwi_testset.milestone_state ems ON ems.milestone_id = wcc.end_milestone_id AND ems.change_end_date IS NULL
                         LEFT JOIN diwi_testset.woningblok_maatwerk_categorie_changelog_value wccv ON wccv.woningblok_maatwerk_categorie_changelog_id = wcc.id
                 WHERE
                     sms.date <= _now_ AND _now_ < ems.date
                 GROUP BY ap.id, wcc.eigenschap_id
             ),
             active_woningbloks_ordinalCP AS (
                 SELECT
                     ap.id, woc.eigenschap_id, woc.value_id AS ordinal_value_id, woc.min_value_id AS ordinal_min_value_id, woc.max_value_id AS ordinal_max_value_id
                 FROM
                     active_woningbloks ap
                         JOIN diwi_testset.woningblok_maatwerk_ordinaal_changelog woc ON ap.id = woc.woningblok_id AND woc.change_end_date IS NULL
                         JOIN diwi_testset.milestone_state sms ON sms.milestone_id = woc.start_milestone_id AND sms.change_end_date IS NULL
                         JOIN diwi_testset.milestone_state ems ON ems.milestone_id = woc.end_milestone_id AND ems.change_end_date IS NULL
                 WHERE
                     sms.date <= _now_ AND _now_ < ems.date
             ),
             future_woningbloks AS (
                 SELECT
                     p.id, sms.milestone_id AS start_milestone_id
                 FROM
                     diwi_testset.woningblok p
                         JOIN diwi_testset.woningblok_state ws ON ws.woningblok_id = p.id AND ws.change_end_date IS NULL
                         JOIN diwi_testset.woningblok_duration_changelog wdc ON wdc.woningblok_id = p.id AND wdc.change_end_date IS NULL
                         JOIN diwi_testset.milestone_state sms ON sms.milestone_id = wdc.start_milestone_id AND sms.change_end_date IS NULL
                         JOIN diwi_testset.milestone_state ems ON ems.milestone_id = wdc.end_milestone_id AND ems.change_end_date IS NULL
                 WHERE sms.date > _now_  AND p.id = _woningblok_uuid_
             ),
             future_woningbloks_numericCP AS (
                 SELECT
                     fp.id, wnc.eigenschap_id, wnc.value, wnc.value_range, wnc.value_type
                 FROM
                     future_woningbloks fp
                         JOIN diwi_testset.woningblok_maatwerk_numeriek_changelog wnc ON fp.id = wnc.woningblok_id
                            AND wnc.start_milestone_id = fp.start_milestone_id AND wnc.change_end_date IS NULL
             ),
             future_woningbloks_booleanCP AS (
                 SELECT
                     fp.id, wbc.eigenschap_id, wbc.value
                 FROM
                     future_woningbloks fp
                         JOIN diwi_testset.woningblok_maatwerk_boolean_changelog wbc ON fp.id = wbc.woningblok_id
                         AND wbc.start_milestone_id = fp.start_milestone_id AND wbc.change_end_date IS NULL
             ),
             future_woningbloks_textCP AS (
                 SELECT
                     fp.id, wtc.eigenschap_id, wtc.value
                 FROM
                     future_woningbloks fp
                         JOIN diwi_testset.woningblok_maatwerk_text_changelog wtc ON fp.id = wtc.woningblok_id
                         AND wtc.start_milestone_id = fp.start_milestone_id AND wtc.change_end_date IS NULL
             ),
             future_woningbloks_categoriesCP AS (
                 SELECT
                     fp.id, wcc.eigenschap_id, array_agg(wccv.eigenschap_waarde_id) AS categories
                 FROM
                     future_woningbloks fp
                         JOIN diwi_testset.woningblok_maatwerk_categorie_changelog wcc ON fp.id = wcc.woningblok_id
                            AND wcc.start_milestone_id = fp.start_milestone_id AND wcc.change_end_date IS NULL
                         LEFT JOIN diwi_testset.woningblok_maatwerk_categorie_changelog_value wccv ON wccv.woningblok_maatwerk_categorie_changelog_id = wcc.id
                 GROUP BY fp.id, wcc.eigenschap_id
             ),
             future_woningbloks_ordinalCP AS (
                 SELECT
                     fp.id, woc.eigenschap_id, woc.value_id AS ordinal_value_id, woc.min_value_id AS ordinal_min_value_id, woc.max_value_id AS ordinal_max_value_id
                 FROM
                     future_woningbloks fp
                         JOIN diwi_testset.woningblok_maatwerk_ordinaal_changelog woc ON fp.id = woc.woningblok_id
                         AND woc.start_milestone_id = fp.start_milestone_id AND woc.change_end_date IS NULL

             ),
             past_woningbloks AS (
                 SELECT
                     p.id, ems.milestone_id AS end_milestone_id
                 FROM
                     diwi_testset.woningblok p
                         JOIN diwi_testset.woningblok_state ws ON ws.woningblok_id = p.id AND ws.change_end_date IS NULL
                         JOIN diwi_testset.woningblok_duration_changelog wdc ON wdc.woningblok_id = p.id AND wdc.change_end_date IS NULL
                         JOIN diwi_testset.milestone_state sms ON sms.milestone_id = wdc.start_milestone_id AND sms.change_end_date IS NULL
                         JOIN diwi_testset.milestone_state ems ON ems.milestone_id = wdc.end_milestone_id AND ems.change_end_date IS NULL
                 WHERE ems.date <= _now_  AND p.id = _woningblok_uuid_
             ),
             past_woningbloks_numericCP AS (
                 SELECT
                     pw.id, wnc.eigenschap_id, wnc.value, wnc.value_range, wnc.value_type
                 FROM
                     past_woningbloks pw
                         JOIN diwi_testset.woningblok_maatwerk_numeriek_changelog wnc ON pw.id = wnc.woningblok_id
                            AND wnc.end_milestone_id = pw.end_milestone_id AND wnc.change_end_date IS NULL
             ),
             past_woningbloks_booleanCP AS (
                 SELECT
                     pw.id, wbc.eigenschap_id, wbc.value
                 FROM
                     past_woningbloks pw
                         JOIN diwi_testset.woningblok_maatwerk_boolean_changelog wbc ON pw.id = wbc.woningblok_id
                         AND wbc.end_milestone_id = pw.end_milestone_id AND wbc.change_end_date IS NULL
             ),
             past_woningbloks_textCP AS (
                 SELECT
                     pw.id, wtc.eigenschap_id, wtc.value
                 FROM
                     past_woningbloks pw
                         JOIN diwi_testset.woningblok_maatwerk_text_changelog wtc ON pw.id = wtc.woningblok_id
                         AND wtc.end_milestone_id = pw.end_milestone_id AND wtc.change_end_date IS NULL
             ),
             past_woningbloks_categoriesCP AS (
                 SELECT
                     pw.id, wcc.eigenschap_id, array_agg(wccv.eigenschap_waarde_id) AS categories
                 FROM
                     past_woningbloks pw
                         JOIN diwi_testset.woningblok_maatwerk_categorie_changelog wcc ON pw.id = wcc.woningblok_id
                            AND wcc.end_milestone_id = pw.end_milestone_id AND wcc.change_end_date IS NULL
                         LEFT JOIN diwi_testset.woningblok_maatwerk_categorie_changelog_value wccv ON wccv.woningblok_maatwerk_categorie_changelog_id = wcc.id
                 GROUP BY pw.id, wcc.eigenschap_id
             ),
             past_woningbloks_ordinalCP AS (
                 SELECT
                     pw.id, woc.eigenschap_id, woc.value_id AS ordinal_value_id, woc.min_value_id AS ordinal_min_value_id, woc.max_value_id AS ordinal_max_value_id
                 FROM
                     past_woningbloks pw
                         JOIN diwi_testset.woningblok_maatwerk_ordinaal_changelog woc ON pw.id = woc.woningblok_id
                         AND woc.end_milestone_id = pw.end_milestone_id AND woc.change_end_date IS NULL
             )

         SELECT
             ap.id AS woningblokId,
             apb.value AS booleanValue,
             CAST (null AS FLOAT8) AS numericValue,
             CAST (null AS NUMRANGE) AS numericValueRange,
             CAST (null AS diwi_testset.value_type) AS numericValueType,
             null AS textValue,
             CAST (null AS UUID[]) AS categories,
             CAST (null AS UUID) AS ordinalValueId,
             CAST (null AS UUID) AS ordinalMinValueId,
             CAST (null AS UUID) AS ordinalMaxValueId,
             apb.eigenschap_id AS customPropertyId,
             'BOOLEAN'::"diwi_testset"."maatwerk_eigenschap_type" AS propertyType
         FROM active_woningbloks ap
                JOIN active_woningbloks_booleanCP apb ON ap.id = apb.id

         UNION

         SELECT
             ap.id AS woningblokId,
             CAST(null AS BOOL) AS booleanValue,
             apn.value AS numericValue,
             apn.value_range AS numericValueRange,
             apn.value_type AS numericValueType,
             null AS textValue,
             CAST (null AS UUID[]) AS categories,
             CAST (null AS UUID) AS ordinalValueId,
             CAST (null AS UUID) AS ordinalMinValueId,
             CAST (null AS UUID) AS ordinalMaxValueId,
             apn.eigenschap_id AS customPropertyId,
             'NUMERIC'::"diwi_testset"."maatwerk_eigenschap_type" AS propertyType
         FROM active_woningbloks ap
                JOIN active_woningbloks_numericCP apn ON ap.id = apn.id

         UNION

         SELECT
             ap.id AS woningblokId,
             CAST(null AS BOOL) AS booleanValue,
             null AS numericValue,
             null AS numericValueRange,
             null AS numericValueType,
             apt.value AS textValue,
             CAST (null AS UUID[]) AS categories,
             CAST (null AS UUID) AS ordinalValueId,
             CAST (null AS UUID) AS ordinalMinValueId,
             CAST (null AS UUID) AS ordinalMaxValueId,
             apt.eigenschap_id AS customPropertyId,
             'TEXT'::"diwi_testset"."maatwerk_eigenschap_type" AS propertyType
         FROM active_woningbloks ap
                JOIN active_woningbloks_textCP apt ON ap.id = apt.id

         UNION

         SELECT
             ap.id AS woningblokId,
             CAST(null AS BOOL) AS booleanValue,
             null AS numericValue,
             null AS numericValueRange,
             null AS numericValueType,
             null AS textValue,
             apc.categories AS categories,
             CAST (null AS UUID) AS ordinalValueId,
             CAST (null AS UUID) AS ordinalMinValueId,
             CAST (null AS UUID) AS ordinalMaxValueId,
             apc.eigenschap_id AS customPropertyId,
             'CATEGORY'::"diwi_testset"."maatwerk_eigenschap_type" AS propertyType
         FROM active_woningbloks ap
             JOIN active_woningbloks_categoriesCP apc ON ap.id = apc.id

         UNION

         SELECT
             ap.id AS woningblokId,
             CAST(null AS BOOL) AS booleanValue,
             null AS numericValue,
             null AS numericValueRange,
             null AS numericValueType,
             null AS textValue,
             CAST (null AS UUID[])  AS categories,
             apo.ordinal_value_id AS ordinalValueId,
             apo.ordinal_min_value_id AS ordinalMinValueId,
             apo.ordinal_max_value_id AS ordinalMaxValueId,
             apo.eigenschap_id AS customPropertyId,
             'ORDINAL'::"diwi_testset"."maatwerk_eigenschap_type" AS propertyType
         FROM active_woningbloks ap
             JOIN active_woningbloks_ordinalCP apo ON ap.id = apo.id

         UNION

         SELECT
             fp.id AS woningblokId,
             fpb.value AS booleanValue,
             CAST (null AS FLOAT8) AS numericValue,
             CAST (null AS NUMRANGE) AS numericValueRange,
             CAST (null AS diwi_testset.value_type) AS numericValueType,
             null AS textValue,
             CAST (null AS UUID[]) AS categories,
             CAST (null AS UUID) AS ordinalValueId,
             CAST (null AS UUID) AS ordinalMinValueId,
             CAST (null AS UUID) AS ordinalMaxValueId,
             fpb.eigenschap_id AS customPropertyId,
             'BOOLEAN'::"diwi_testset"."maatwerk_eigenschap_type" AS propertyType
         FROM future_woningbloks fp
                  JOIN future_woningbloks_booleanCP fpb ON fp.id = fpb.id

         UNION

         SELECT
             fp.id AS woningblokId,
             CAST(null AS BOOL) AS booleanValue,
             fpn.value AS numericValue,
             fpn.value_range AS numericValueRange,
             fpn.value_type AS numericValueType,
             null AS textValue,
             CAST (null AS UUID[]) AS categories,
             CAST (null AS UUID) AS ordinalValueId,
             CAST (null AS UUID) AS ordinalMinValueId,
             CAST (null AS UUID) AS ordinalMaxValueId,
             fpn.eigenschap_id AS customPropertyId,
             'NUMERIC'::"diwi_testset"."maatwerk_eigenschap_type" AS propertyType
         FROM future_woningbloks fp
                  JOIN future_woningbloks_numericCP fpn ON fp.id = fpn.id

         UNION

         SELECT
             fp.id AS woningblokId,
             CAST(null AS BOOL) AS booleanValue,
             null AS numericValue,
             null AS numericValueRange,
             null AS numericValueType,
             fpt.value AS textValue,
             CAST (null AS UUID[]) AS categories,
             CAST (null AS UUID) AS ordinalValueId,
             CAST (null AS UUID) AS ordinalMinValueId,
             CAST (null AS UUID) AS ordinalMaxValueId,
             fpt.eigenschap_id AS customPropertyId,
             'TEXT'::"diwi_testset"."maatwerk_eigenschap_type" AS propertyType
         FROM future_woningbloks fp
                  JOIN future_woningbloks_textCP fpt ON fp.id = fpt.id

         UNION

         SELECT
             fp.id AS woningblokId,
             CAST(null AS BOOL) AS booleanValue,
             null AS numericValue,
             null AS numericValueRange,
             null AS numericValueType,
             null AS textValue,
             fpc.categories AS categories,
             CAST (null AS UUID) AS ordinalValueId,
             CAST (null AS UUID) AS ordinalMinValueId,
             CAST (null AS UUID) AS ordinalMaxValueId,
             fpc.eigenschap_id AS customPropertyId,
             'CATEGORY'::"diwi_testset"."maatwerk_eigenschap_type" AS propertyType
         FROM future_woningbloks fp
             JOIN future_woningbloks_categoriesCP fpc ON fp.id = fpc.id

         UNION

         SELECT
             fp.id AS woningblokId,
             CAST(null AS BOOL) AS booleanValue,
             null AS numericValue,
             null AS numericValueRange,
             null AS numericValueType,
             null AS textValue,
             CAST (null AS UUID[])  AS categories,
             fpo.eigenschap_id AS customPropertyId,
             fpo.ordinal_value_id AS ordinalValueId,
             fpo.ordinal_min_value_id AS ordinalMinValueId,
             fpo.ordinal_max_value_id AS ordinalMaxValueId,
             'ORDINAL'::"diwi_testset"."maatwerk_eigenschap_type" AS propertyType
         FROM future_woningbloks fp
             JOIN future_woningbloks_ordinalCP fpo ON fp.id = fpo.id

         UNION

         SELECT
             pw.id AS woningblokId,
             pwb.value AS booleanValue,
             CAST (null AS FLOAT8) AS numericValue,
             CAST (null AS NUMRANGE) AS numericValueRange,
             CAST (null AS diwi_testset.value_type) AS numericValueType,
             null AS textValue,
             CAST (null AS UUID[]) AS categories,
             CAST (null AS UUID) AS ordinalValueId,
             CAST (null AS UUID) AS ordinalMinValueId,
             CAST (null AS UUID) AS ordinalMaxValueId,
             pwb.eigenschap_id AS customPropertyId,
             'BOOLEAN'::"diwi_testset"."maatwerk_eigenschap_type" AS propertyType
         FROM past_woningbloks pw
             JOIN past_woningbloks_booleanCP pwb ON pw.id = pwb.id

         UNION

         SELECT
             pw.id AS woningblokId,
             CAST(null AS BOOL) AS booleanValue,
             pwn.value AS numericValue,
             pwn.value_range AS numericValueRange,
             pwn.value_type AS numericValueType,
             null AS textValue,
             CAST (null AS UUID[]) AS categories,
             CAST (null AS UUID) AS ordinalValueId,
             CAST (null AS UUID) AS ordinalMinValueId,
             CAST (null AS UUID) AS ordinalMaxValueId,
             pwn.eigenschap_id AS customPropertyId,
             'NUMERIC'::"diwi_testset"."maatwerk_eigenschap_type" AS propertyType
         FROM past_woningbloks pw
             JOIN past_woningbloks_numericCP pwn ON pw.id = pwn.id

         UNION

         SELECT
             pw.id AS woningblokId,
             CAST(null AS BOOL) AS booleanValue,
             null AS numericValue,
             null AS numericValueRange,
             null AS numericValueType,
             pwt.value AS textValue,
             CAST (null AS UUID[]) AS categories,
             CAST (null AS UUID) AS ordinalValueId,
             CAST (null AS UUID) AS ordinalMinValueId,
             CAST (null AS UUID) AS ordinalMaxValueId,
             pwt.eigenschap_id AS customPropertyId,
             'TEXT'::"diwi_testset"."maatwerk_eigenschap_type" AS propertyType
         FROM past_woningbloks pw
             JOIN past_woningbloks_textCP pwt ON pw.id = pwt.id

         UNION

         SELECT
             pw.id AS woningblokId,
             CAST(null AS BOOL) AS booleanValue,
             null AS numericValue,
             null AS numericValueRange,
             null AS numericValueType,
             null AS textValue,
             pwc.categories AS categories,
             CAST (null AS UUID) AS ordinalValueId,
             CAST (null AS UUID) AS ordinalMinValueId,
             CAST (null AS UUID) AS ordinalMaxValueId,
             pwc.eigenschap_id AS customPropertyId,
             'CATEGORY'::"diwi_testset"."maatwerk_eigenschap_type" AS propertyType
         FROM past_woningbloks pw
             JOIN past_woningbloks_categoriesCP pwc ON pw.id = pwc.id

         UNION

         SELECT
             pw.id AS woningblokId,
             CAST(null AS BOOL) AS booleanValue,
             null AS numericValue,
             null AS numericValueRange,
             null AS numericValueType,
             null AS textValue,
             CAST (null AS UUID[])  AS categories,
             pwo.eigenschap_id AS customPropertyId,
             pwo.ordinal_value_id AS ordinalValueId,
             pwo.ordinal_min_value_id AS ordinalMinValueId,
             pwo.ordinal_max_value_id AS ordinalMaxValueId,
             'ORDINAL'::"diwi_testset"."maatwerk_eigenschap_type" AS propertyType
         FROM past_woningbloks pw
             JOIN past_woningbloks_ordinalCP pwo ON pw.id = pwo.id

     ) AS q

        JOIN diwi_testset.property_state cps ON cps.property_id = q.customPropertyId AND cps.change_end_date IS NULL

WHERE q.woningblokId = _woningblok_uuid_;


END;$$;

--
-- Name: get_houseblock_snapshots(uuid, uuid, date); Type: FUNCTION; Schema: public; Owner: ali
--

CREATE FUNCTION public.get_houseblock_snapshots(_project_uuid_ uuid, _houseblock_uuid_ uuid, _now_ date) RETURNS TABLE(projectid uuid, houseblockid uuid, houseblockname text, startdate date, enddate date, sizevalue double precision, sizevaluerange numrange, sizevaluetype diwi_testset.value_type, programming boolean, mutationamount integer, mutationkind diwi_testset.mutation_kind, ownershipvaluelist jsonb, nopermissionowner integer, intentionpermissionowner integer, formalpermissionowner integer, physicalappearancelist jsonb, meergezinswoning integer, eengezinswoning integer, targetgrouplist jsonb)
    LANGUAGE plpgsql
    AS $$
BEGIN
RETURN QUERY

SELECT  q.projectId,
        q.woningblokId,
        q.woningblokName,
        q.startDate,
        q.endDate,
        q.sizeValue,
        q.sizeValueRange,
        q.sizeValueType,
        q.programming,
        q.mutationAmount,
        q.mutationKind,
        q.ownershipValueList,
        q.noPermissionOwner,
        q.intentionPermissionOwner,
        q.formalPermissionOwner,
        q.physicalAppearance,
        q.meergezinswoning,
        q.eengezinswoning,
        q.targetGroup
FROM (

         WITH
             active_woningbloks AS (
                 SELECT
                     w.id, w.project_id, sms.date AS startDate, ems.date AS endDate
                 FROM
                     diwi_testset.woningblok w
                         JOIN diwi_testset.woningblok_state ws ON ws.woningblok_id = w.id AND ws.change_end_date IS NULL
                         JOIN diwi_testset.woningblok_duration_changelog wdc ON wdc.woningblok_id = w.id AND wdc.change_end_date IS NULL
                         JOIN diwi_testset.milestone_state sms ON sms.milestone_id = wdc.start_milestone_id AND sms.change_end_date IS NULL
                         JOIN diwi_testset.milestone_state ems ON ems.milestone_id = wdc.end_milestone_id AND ems.change_end_date IS NULL
                 WHERE  sms.date <= _now_ AND _now_ < ems.date AND
                    CASE
                        WHEN _houseblock_uuid_ IS NOT NULL THEN w.id = _houseblock_uuid_
                        WHEN _houseblock_uuid_ IS NULL THEN 1 = 1
                    END
                    AND
                    CASE
                        WHEN _project_uuid_ IS NOT NULL THEN w.project_id = _project_uuid_
                        WHEN _project_uuid_ IS NULL THEN 1 = 1
                    END
             ),
             active_woningbloks_names AS (
                 SELECT
                     aw.id, wnc.naam AS name
                 FROM
                     active_woningbloks aw
                         JOIN diwi_testset.woningblok_naam_changelog wnc ON aw.id = wnc.woningblok_id AND wnc.change_end_date IS NULL
                         JOIN diwi_testset.milestone_state sms ON sms.milestone_id = wnc.start_milestone_id AND sms.change_end_date IS NULL
                         JOIN diwi_testset.milestone_state ems ON ems.milestone_id = wnc.end_milestone_id AND ems.change_end_date IS NULL
                 WHERE
                     sms.date <= _now_ AND _now_ < ems.date
             ),
             active_woningbloks_groundposition AS (
                 SELECT
                     aw.id, ftg.amount AS formalPermissionOwner, img.amount AS intentionPermissionOwner, gtg.amount AS noPermissionOwner
                 FROM
                     active_woningbloks aw
                         JOIN diwi_testset.woningblok_grondpositie_changelog wgpc ON aw.id = wgpc.woningblok_id AND wgpc.change_end_date IS NULL
                         JOIN diwi_testset.milestone_state sms ON sms.milestone_id = wgpc.start_milestone_id AND sms.change_end_date IS NULL
                         JOIN diwi_testset.milestone_state ems ON ems.milestone_id = wgpc.end_milestone_id AND ems.change_end_date IS NULL
                         LEFT JOIN diwi_testset.woningblok_grondpositie_changelog_value ftg ON ftg.woningblok_grondpositie_changelog_id = wgpc.id
                                AND ftg.grondpositie = 'FORMELE_TOESTEMMING_GRONDEIGENAAR'
                         LEFT JOIN diwi_testset.woningblok_grondpositie_changelog_value img ON img.woningblok_grondpositie_changelog_id = wgpc.id
                                AND img.grondpositie = 'INTENTIE_MEDEWERKING_GRONDEIGENAAR'
                         LEFT JOIN diwi_testset.woningblok_grondpositie_changelog_value gtg ON gtg.woningblok_grondpositie_changelog_id = wgpc.id
                                AND gtg.grondpositie = 'GEEN_TOESTEMMING_GRONDEIGENAAR'
                 WHERE
                     sms.date <= _now_ AND _now_ < ems.date
             ),
             active_woningbloks_fysiek AS (
                 SELECT
                     aw.id, to_jsonb(array_agg(jsonb_build_object('id', wcfv.property_value_id, 'amount', wcfv.amount)) FILTER (WHERE wcfv.property_value_id IS NOT NULL)) AS physicalAppearance,
                     meer.amount AS meergezinswoning, eeng.amount AS eengezinswoning
                 FROM
                     active_woningbloks aw
                         JOIN diwi_testset.woningblok_type_en_fysiek_changelog wtfc ON aw.id = wtfc.woningblok_id AND wtfc.change_end_date IS NULL
                         JOIN diwi_testset.milestone_state sms ON sms.milestone_id = wtfc.start_milestone_id AND sms.change_end_date IS NULL
                         JOIN diwi_testset.milestone_state ems ON ems.milestone_id = wtfc.end_milestone_id AND ems.change_end_date IS NULL
                         LEFT JOIN diwi_testset.woningblok_type_en_fysiek_changelog_fysiek_value wcfv ON wcfv.woningblok_type_en_fysiek_voorkomen_changelog_id = wtfc.id
                         LEFT JOIN diwi_testset.woningblok_type_en_fysiek_changelog_type_value eeng ON eeng.woningblok_type_en_fysiek_voorkomen_changelog_id = wtfc.id
                            AND eeng.woning_type = 'EENGEZINSWONING'
                         LEFT JOIN diwi_testset.woningblok_type_en_fysiek_changelog_type_value meer ON meer.woningblok_type_en_fysiek_voorkomen_changelog_id = wtfc.id
                            AND meer.woning_type = 'MEERGEZINSWONING'
                 WHERE
                     sms.date <= _now_ AND _now_ < ems.date
                 GROUP BY aw.id, meer.amount, eeng.amount
             ),
             active_woningbloks_doelgroep AS (
                 SELECT
                     aw.id, to_jsonb(array_agg(jsonb_build_object('id', wdcv.property_value_id, 'amount', wdcv.amount))) AS targetGroup
                 FROM
                     active_woningbloks aw
                         JOIN diwi_testset.woningblok_doelgroep_changelog wdgc ON aw.id = wdgc.woningblok_id AND wdgc.change_end_date IS NULL
                         JOIN diwi_testset.milestone_state sms ON sms.milestone_id = wdgc.start_milestone_id AND sms.change_end_date IS NULL
                         JOIN diwi_testset.milestone_state ems ON ems.milestone_id = wdgc.end_milestone_id AND ems.change_end_date IS NULL
                         JOIN diwi_testset.woningblok_doelgroep_changelog_value wdcv ON wdcv.woningblok_doelgroep_changelog_id = wdgc.id
                 WHERE
                     sms.date <= _now_ AND _now_ < ems.date
                 GROUP BY aw.id
             ),
             active_woningbloks_mutation AS (
                 SELECT
                     aw.id, wmc.mutation_kind AS mutationKind, wmc.amount AS mutationAmount
                 FROM
                     active_woningbloks aw
                         JOIN diwi_testset.woningblok_mutatie_changelog wmc ON aw.id = wmc.woningblok_id AND wmc.change_end_date IS NULL
                         JOIN diwi_testset.milestone_state sms ON sms.milestone_id = wmc.start_milestone_id AND sms.change_end_date IS NULL
                         JOIN diwi_testset.milestone_state ems ON ems.milestone_id = wmc.end_milestone_id AND ems.change_end_date IS NULL
                 WHERE
                     sms.date <= _now_ AND _now_ < ems.date
             ),
             active_woningbloks_programming AS (
                 SELECT
                     aw.id, wpc.programmering AS programming
                 FROM
                     active_woningbloks aw
                         JOIN diwi_testset.woningblok_programmering_changelog wpc ON aw.id = wpc.woningblok_id AND wpc.change_end_date IS NULL
                         JOIN diwi_testset.milestone_state sms ON sms.milestone_id = wpc.start_milestone_id AND sms.change_end_date IS NULL
                         JOIN diwi_testset.milestone_state ems ON ems.milestone_id = wpc.end_milestone_id AND ems.change_end_date IS NULL
                 WHERE
                     sms.date <= _now_ AND _now_ < ems.date
             ),
             active_woningbloks_size AS (
                 SELECT
                     aw.id, wgc.value AS sizeValue, wgc.value_range AS sizeValueRange, wgc.value_type AS sizeValueType
                 FROM
                     active_woningbloks aw
                         JOIN diwi_testset.woningblok_grootte_changelog wgc ON aw.id = wgc.woningblok_id AND wgc.change_end_date IS NULL
                         JOIN diwi_testset.milestone_state sms ON sms.milestone_id = wgc.start_milestone_id AND sms.change_end_date IS NULL
                         JOIN diwi_testset.milestone_state ems ON ems.milestone_id = wgc.end_milestone_id AND ems.change_end_date IS NULL
                 WHERE
                     sms.date <= _now_ AND _now_ < ems.date
             ),
             active_ownership_value AS (
                 SELECT
                     aw.id, to_jsonb(array_agg(jsonb_build_object('ownershipId', wewc.id, 'ownershipType', wewc.eigendom_soort, 'ownershipAmount', wewc.amount,
                                    'ownershipValue', wewc.waarde_value, 'ownershipRentalValue', wewc.huurbedrag_value,
                                    'ownershipValueRangeMin', lower(wewc.waarde_value_range), 'ownershipRentalValueRangeMin', lower(huurbedrag_value_range),
                                    'ownershipValueRangeMax', upper(wewc.waarde_value_range) - 1, 'ownershipRentalValueRangeMax', upper(huurbedrag_value_range) - 1))) AS ownershipValue
                 FROM
                     active_woningbloks aw
                         JOIN diwi_testset.woningblok_eigendom_en_waarde_changelog wewc ON aw.id = wewc.woningblok_id AND wewc.change_end_date IS NULL
                         JOIN diwi_testset.milestone_state sms ON sms.milestone_id = wewc.start_milestone_id AND sms.change_end_date IS NULL
                         JOIN diwi_testset.milestone_state ems ON ems.milestone_id = wewc.end_milestone_id AND ems.change_end_date IS NULL
                 WHERE
                     sms.date <= _now_ AND _now_ < ems.date
                 GROUP BY aw.id
             ),
             future_woningbloks AS (
                 SELECT
                     w.id, w.project_id, sms.date AS startDate, sms.milestone_id AS start_milestone_id, ems.date AS endDate
                 FROM
                     diwi_testset.woningblok w
                         JOIN diwi_testset.woningblok_state ws ON ws.woningblok_id = w.id AND ws.change_end_date IS NULL
                         JOIN diwi_testset.woningblok_duration_changelog wdc ON wdc.woningblok_id = w.id AND wdc.change_end_date IS NULL
                         JOIN diwi_testset.milestone_state sms ON sms.milestone_id = wdc.start_milestone_id AND sms.change_end_date IS NULL
                         JOIN diwi_testset.milestone_state ems ON ems.milestone_id = wdc.end_milestone_id AND ems.change_end_date IS NULL
                 WHERE  sms.date > _now_ AND
                    CASE
                        WHEN _houseblock_uuid_ IS NOT NULL THEN w.id = _houseblock_uuid_
                        WHEN _houseblock_uuid_ IS NULL THEN 1 = 1
                    END
                    AND
                    CASE
                        WHEN _project_uuid_ IS NOT NULL THEN w.project_id = _project_uuid_
                        WHEN _project_uuid_ IS NULL THEN 1 = 1
                    END
             ),
             future_woningbloks_names AS (
                 SELECT
                     fw.id, wnc.naam AS name
                 FROM
                    future_woningbloks fw
                         JOIN diwi_testset.woningblok_naam_changelog wnc ON fw.id = wnc.woningblok_id
                                AND wnc.start_milestone_id = fw.start_milestone_id
                                AND wnc.change_end_date IS NULL
             ),
             future_woningbloks_groundposition AS (
                 SELECT
                     fw.id, ftg.amount AS formalPermissionOwner, img.amount AS intentionPermissionOwner, gtg.amount AS noPermissionOwner
                 FROM
                     future_woningbloks fw
                         JOIN diwi_testset.woningblok_grondpositie_changelog wgpc ON fw.id = wgpc.woningblok_id
                                AND wgpc.start_milestone_id = fw.start_milestone_id
                                AND wgpc.change_end_date IS NULL
                         LEFT JOIN diwi_testset.woningblok_grondpositie_changelog_value ftg ON ftg.woningblok_grondpositie_changelog_id = wgpc.id
                                AND ftg.grondpositie = 'FORMELE_TOESTEMMING_GRONDEIGENAAR'
                         LEFT JOIN diwi_testset.woningblok_grondpositie_changelog_value img ON img.woningblok_grondpositie_changelog_id = wgpc.id
                                AND img.grondpositie = 'INTENTIE_MEDEWERKING_GRONDEIGENAAR'
                         LEFT JOIN diwi_testset.woningblok_grondpositie_changelog_value gtg ON gtg.woningblok_grondpositie_changelog_id = wgpc.id
                                AND gtg.grondpositie = 'GEEN_TOESTEMMING_GRONDEIGENAAR'
             ),
             future_woningbloks_fysiek AS (
                 SELECT
                     fw.id, to_jsonb(array_agg(jsonb_build_object('id', wcfv.property_value_id, 'amount', wcfv.amount)) FILTER (WHERE wcfv.property_value_id IS NOT NULL)) AS physicalAppearance,
                     meer.amount AS meergezinswoning, eeng.amount AS eengezinswoning
                 FROM
                     future_woningbloks fw
                         JOIN diwi_testset.woningblok_type_en_fysiek_changelog wtfc ON fw.id = wtfc.woningblok_id
                                AND wtfc.start_milestone_id = fw.start_milestone_id
                                AND wtfc.change_end_date IS NULL
                         LEFT JOIN diwi_testset.woningblok_type_en_fysiek_changelog_fysiek_value wcfv ON wcfv.woningblok_type_en_fysiek_voorkomen_changelog_id = wtfc.id
                         LEFT JOIN diwi_testset.woningblok_type_en_fysiek_changelog_type_value eeng ON eeng.woningblok_type_en_fysiek_voorkomen_changelog_id = wtfc.id
                            AND eeng.woning_type = 'EENGEZINSWONING'
                         LEFT JOIN diwi_testset.woningblok_type_en_fysiek_changelog_type_value meer ON meer.woningblok_type_en_fysiek_voorkomen_changelog_id = wtfc.id
                            AND meer.woning_type = 'MEERGEZINSWONING'
                 GROUP BY fw.id, meer.amount, eeng.amount
             ),
             future_woningbloks_doelgroep AS (
                 SELECT
                     fw.id, to_jsonb(array_agg(jsonb_build_object('id', wdcv.property_value_id, 'amount', wdcv.amount))) AS targetGroup
                 FROM
                     future_woningbloks fw
                         JOIN diwi_testset.woningblok_doelgroep_changelog wdgc ON fw.id = wdgc.woningblok_id
                                AND wdgc.start_milestone_id = fw.start_milestone_id
                                AND wdgc.change_end_date IS NULL
                         JOIN diwi_testset.woningblok_doelgroep_changelog_value wdcv ON wdcv.woningblok_doelgroep_changelog_id = wdgc.id
                 GROUP BY fw.id
             ),
             future_woningbloks_mutation AS (
                 SELECT
                     fw.id, wmc.mutation_kind AS mutationKind, wmc.amount AS mutationAmount
                 FROM
                     future_woningbloks fw
                         JOIN diwi_testset.woningblok_mutatie_changelog wmc ON fw.id = wmc.woningblok_id
                                    AND wmc.start_milestone_id = fw.start_milestone_id
                                    AND wmc.change_end_date IS NULL
             ),
             future_woningbloks_programming AS (
                 SELECT
                     fw.id, wpc.programmering AS programming
                 FROM
                     future_woningbloks fw
                         JOIN diwi_testset.woningblok_programmering_changelog wpc ON fw.id = wpc.woningblok_id
                                AND wpc.start_milestone_id = fw.start_milestone_id
                                AND wpc.change_end_date IS NULL
             ),
             future_woningbloks_size AS (
                 SELECT
                     fw.id, wgc.value AS sizeValue, wgc.value_range AS sizeValueRange, wgc.value_type AS sizeValueType
                 FROM
                     future_woningbloks fw
                         JOIN diwi_testset.woningblok_grootte_changelog wgc ON fw.id = wgc.woningblok_id
                                AND wgc.start_milestone_id = fw.start_milestone_id
                                AND wgc.change_end_date IS NULL
             ),
             future_ownership_value AS (
                 SELECT
                     fw.id, to_jsonb(array_agg(jsonb_build_object('ownershipId', wewc.id, 'ownershipType', wewc.eigendom_soort, 'ownershipAmount', wewc.amount,
                                    'ownershipValue', wewc.waarde_value, 'ownershipRentalValue', wewc.huurbedrag_value,
                                    'ownershipValueRangeMin', lower(wewc.waarde_value_range), 'ownershipRentalValueRangeMin', lower(huurbedrag_value_range),
                                    'ownershipValueRangeMax', upper(wewc.waarde_value_range) - 1, 'ownershipRentalValueRangeMax', upper(huurbedrag_value_range) - 1))) AS ownershipValue
                 FROM
                     future_woningbloks fw
                         JOIN diwi_testset.woningblok_eigendom_en_waarde_changelog wewc ON fw.id = wewc.woningblok_id
                                AND wewc.start_milestone_id = fw.start_milestone_id
                                AND wewc.change_end_date IS NULL
                 GROUP BY fw.id
             ),
             past_woningbloks AS (
                 SELECT
                     w.id, w.project_id, sms.date AS startDate, ems.date AS endDate, ems.milestone_id AS end_milestone_id
                 FROM
                     diwi_testset.woningblok w
                         JOIN diwi_testset.woningblok_state ws ON ws.woningblok_id = w.id AND ws.change_end_date IS NULL
                         JOIN diwi_testset.woningblok_duration_changelog wdc ON wdc.woningblok_id = w.id AND wdc.change_end_date IS NULL
                         JOIN diwi_testset.milestone_state sms ON sms.milestone_id = wdc.start_milestone_id AND sms.change_end_date IS NULL
                         JOIN diwi_testset.milestone_state ems ON ems.milestone_id = wdc.end_milestone_id AND ems.change_end_date IS NULL
                 WHERE  ems.date <= _now_ AND
                    CASE
                        WHEN _houseblock_uuid_ IS NOT NULL THEN w.id = _houseblock_uuid_
                        WHEN _houseblock_uuid_ IS NULL THEN 1 = 1
                    END
                    AND
                    CASE
                        WHEN _project_uuid_ IS NOT NULL THEN w.project_id = _project_uuid_
                        WHEN _project_uuid_ IS NULL THEN 1 = 1
                    END
             ),
             past_woningbloks_names AS (
                 SELECT
                     pw.id, wnc.naam AS name
                 FROM
                     past_woningbloks pw
                         JOIN diwi_testset.woningblok_naam_changelog wnc ON pw.id = wnc.woningblok_id
                                AND wnc.end_milestone_id = pw.end_milestone_id
                                AND wnc.change_end_date IS NULL
             ),
             past_woningbloks_groundposition AS (
                 SELECT
                     pw.id, ftg.amount AS formalPermissionOwner, img.amount AS intentionPermissionOwner, gtg.amount AS noPermissionOwner
                 FROM
                     past_woningbloks pw
                         JOIN diwi_testset.woningblok_grondpositie_changelog wgpc ON pw.id = wgpc.woningblok_id
                                AND wgpc.end_milestone_id = pw.end_milestone_id
                                AND wgpc.change_end_date IS NULL
                         LEFT JOIN diwi_testset.woningblok_grondpositie_changelog_value ftg ON ftg.woningblok_grondpositie_changelog_id = wgpc.id
                                AND ftg.grondpositie = 'FORMELE_TOESTEMMING_GRONDEIGENAAR'
                         LEFT JOIN diwi_testset.woningblok_grondpositie_changelog_value img ON img.woningblok_grondpositie_changelog_id = wgpc.id
                                AND img.grondpositie = 'INTENTIE_MEDEWERKING_GRONDEIGENAAR'
                         LEFT JOIN diwi_testset.woningblok_grondpositie_changelog_value gtg ON gtg.woningblok_grondpositie_changelog_id = wgpc.id
                                AND gtg.grondpositie = 'GEEN_TOESTEMMING_GRONDEIGENAAR'
             ),
             past_woningbloks_fysiek AS (
                 SELECT
                     pw.id, to_jsonb(array_agg(jsonb_build_object('id', wcfv.property_value_id, 'amount', wcfv.amount)) FILTER (WHERE wcfv.property_value_id IS NOT NULL)) AS physicalAppearance,
                     meer.amount AS meergezinswoning, eeng.amount AS eengezinswoning
                 FROM
                     past_woningbloks pw
                         JOIN diwi_testset.woningblok_type_en_fysiek_changelog wtfc ON pw.id = wtfc.woningblok_id
                                AND wtfc.end_milestone_id = pw.end_milestone_id
                                AND wtfc.change_end_date IS NULL
                         LEFT JOIN diwi_testset.woningblok_type_en_fysiek_changelog_fysiek_value wcfv ON wcfv.woningblok_type_en_fysiek_voorkomen_changelog_id = wtfc.id
                         LEFT JOIN diwi_testset.woningblok_type_en_fysiek_changelog_type_value eeng ON eeng.woningblok_type_en_fysiek_voorkomen_changelog_id = wtfc.id
                            AND eeng.woning_type = 'EENGEZINSWONING'
                         LEFT JOIN diwi_testset.woningblok_type_en_fysiek_changelog_type_value meer ON meer.woningblok_type_en_fysiek_voorkomen_changelog_id = wtfc.id
                            AND meer.woning_type = 'MEERGEZINSWONING'
                 GROUP BY pw.id, meer.amount, eeng.amount
             ),
             past_woningbloks_doelgroep AS (
                 SELECT
                     pw.id, to_jsonb(array_agg(jsonb_build_object('id', wdcv.property_value_id, 'amount', wdcv.amount))) AS targetGroup
                 FROM
                     past_woningbloks pw
                         JOIN diwi_testset.woningblok_doelgroep_changelog wdgc ON pw.id = wdgc.woningblok_id
                                AND wdgc.end_milestone_id = pw.end_milestone_id
                                AND wdgc.change_end_date IS NULL
                         JOIN diwi_testset.woningblok_doelgroep_changelog_value wdcv ON wdcv.woningblok_doelgroep_changelog_id = wdgc.id
                 GROUP BY pw.id
             ),
             past_woningbloks_mutation AS (
                 SELECT
                     pw.id, wmc.mutation_kind AS mutationKind, wmc.amount AS mutationAmount
                 FROM
                     past_woningbloks pw
                         JOIN diwi_testset.woningblok_mutatie_changelog wmc ON pw.id = wmc.woningblok_id
                                    AND wmc.end_milestone_id = pw.end_milestone_id
                                    AND wmc.change_end_date IS NULL
             ),
             past_woningbloks_programming AS (
                 SELECT
                     pw.id, wpc.programmering AS programming
                 FROM
                     past_woningbloks pw
                         JOIN diwi_testset.woningblok_programmering_changelog wpc ON pw.id = wpc.woningblok_id
                                AND wpc.end_milestone_id = pw.end_milestone_id
                                AND wpc.change_end_date IS NULL
             ),
             past_woningbloks_size AS (
                 SELECT
                     pw.id, wgc.value AS sizeValue, wgc.value_range AS sizeValueRange, wgc.value_type AS sizeValueType
                 FROM
                     past_woningbloks pw
                         JOIN diwi_testset.woningblok_grootte_changelog wgc ON pw.id = wgc.woningblok_id
                                AND wgc.end_milestone_id = pw.end_milestone_id
                                AND wgc.change_end_date IS NULL
             ),
             past_ownership_value AS (
                 SELECT
                     pw.id, to_jsonb(array_agg(jsonb_build_object('ownershipId', wewc.id, 'ownershipType', wewc.eigendom_soort, 'ownershipAmount', wewc.amount,
                                    'ownershipValue', wewc.waarde_value, 'ownershipRentalValue', wewc.huurbedrag_value,
                                    'ownershipValueRangeMin', lower(wewc.waarde_value_range), 'ownershipRentalValueRangeMin', lower(huurbedrag_value_range),
                                    'ownershipValueRangeMax', upper(wewc.waarde_value_range) - 1, 'ownershipRentalValueRangeMax', upper(huurbedrag_value_range) - 1))) AS ownershipValue
                 FROM
                     past_woningbloks pw
                         JOIN diwi_testset.woningblok_eigendom_en_waarde_changelog wewc ON pw.id = wewc.woningblok_id
                                AND wewc.end_milestone_id = pw.end_milestone_id
                                AND wewc.change_end_date IS NULL
                 GROUP BY pw.id
             )

         SELECT aw.id                           AS woningblokId,
                aw.project_id                   AS projectId,
                awn.name                        AS woningblokName,
                aw.startDate                    AS startDate,
                aw.endDate                      AS endDate,
                aws.sizeValue                   AS sizeValue,
                aws.sizeValueRange              AS sizeValueRange,
                aws.sizeValueType               AS sizeValueType,
                awp.programming                 AS programming,
                awm.mutationAmount              AS mutationAmount,
                awm.mutationKind                AS mutationKind,
                aov.ownershipValue              AS ownershipValueList,
                awgp.noPermissionOwner          AS noPermissionOwner,
                awgp.intentionPermissionOwner   AS intentionPermissionOwner,
                awgp.formalPermissionOwner      AS formalPermissionOwner,
                awf.physicalAppearance          AS physicalAppearance,
                awf.meergezinswoning            AS meergezinswoning,
                awf.eengezinswoning             AS eengezinswoning,
                awdg.targetGroup                AS targetGroup

         FROM
             active_woningbloks aw
                 LEFT JOIN active_woningbloks_names awn ON awn.id = aw.id
                 LEFT JOIN active_woningbloks_size aws ON aws.id = aw.id
                 LEFT JOIN active_woningbloks_programming awp ON awp.id = aw.id
                 LEFT JOIN active_woningbloks_groundposition awgp ON awgp.id = aw.id
                 LEFT JOIN active_woningbloks_fysiek awf ON awf.id = aw.id
                 LEFT JOIN active_woningbloks_doelgroep awdg ON awdg.id = aw.id
                 LEFT JOIN active_woningbloks_mutation awm ON awm.id = aw.id
                 LEFT JOIN active_ownership_value aov ON aov.id = aw.id

         UNION

         SELECT fw.id                           AS woningblokId,
             fw.project_id                   AS projectId,
             fwn.name                        AS woningblokName,
             fw.startDate                    AS startDate,
             fw.endDate                      AS endDate,
             fws.sizeValue                   AS sizeValue,
             fws.sizeValueRange              AS sizeValueRange,
             fws.sizeValueType               AS sizeValueType,
             fwp.programming                 AS programming,
             fwm.mutationAmount              AS mutationAmount,
             fwm.mutationKind                AS mutationKind,
             fov.ownershipValue              AS ownershipValueList,
             fwgp.noPermissionOwner          AS noPermissionOwner,
             fwgp.intentionPermissionOwner   AS intentionPermissionOwner,
             fwgp.formalPermissionOwner      AS formalPermissionOwner,
             fwf.physicalAppearance          AS physicalAppearance,
             fwf.meergezinswoning            AS meergezinswoning,
             fwf.eengezinswoning             AS eengezinswoning,
             fwdg.targetGroup                AS targetGroup

         FROM
             future_woningbloks fw
             LEFT JOIN future_woningbloks_names fwn ON fwn.id = fw.id
             LEFT JOIN future_woningbloks_size fws ON fws.id = fw.id
             LEFT JOIN future_woningbloks_programming fwp ON fwp.id = fw.id
             LEFT JOIN future_woningbloks_groundposition fwgp ON fwgp.id = fw.id
             LEFT JOIN future_woningbloks_fysiek fwf ON fwf.id = fw.id
             LEFT JOIN future_woningbloks_doelgroep fwdg ON fwdg.id = fw.id
             LEFT JOIN future_woningbloks_mutation fwm ON fwm.id = fw.id
             LEFT JOIN future_ownership_value fov ON fov.id = fw.id

         UNION

         SELECT pw.id                           AS woningblokId,
                pw.project_id                   AS projectId,
                pwn.name                        AS woningblokName,
                pw.startDate                    AS startDate,
                pw.endDate                      AS endDate,
                pws.sizeValue                   AS sizeValue,
                pws.sizeValueRange              AS sizeValueRange,
                pws.sizeValueType               AS sizeValueType,
                pwp.programming                 AS programming,
                pwm.mutationAmount              AS mutationAmount,
                pwm.mutationKind                AS mutationKind,
                pov.ownershipValue              AS ownershipValueList,
                pwgp.noPermissionOwner          AS noPermissionOwner,
                pwgp.intentionPermissionOwner   AS intentionPermissionOwner,
                pwgp.formalPermissionOwner      AS formalPermissionOwner,
                pwf.physicalAppearance          AS physicalAppearance,
                pwf.meergezinswoning            AS meergezinswoning,
                pwf.eengezinswoning             AS eengezinswoning,
                pwdg.targetGroup                AS targetGroup

         FROM
             past_woningbloks pw
                 LEFT JOIN past_woningbloks_names pwn ON pwn.id = pw.id
                 LEFT JOIN past_woningbloks_size pws ON pws.id = pw.id
                 LEFT JOIN past_woningbloks_programming pwp ON pwp.id = pw.id
                 LEFT JOIN past_woningbloks_groundposition pwgp ON pwgp.id = pw.id
                 LEFT JOIN past_woningbloks_fysiek pwf ON pwf.id = pw.id
                 LEFT JOIN past_woningbloks_doelgroep pwdg ON pwdg.id = pw.id
                 LEFT JOIN past_woningbloks_mutation pwm ON pwm.id = pw.id
                 LEFT JOIN past_ownership_value pov ON pov.id = pw.id
     ) AS q

    ORDER BY q.woningblokName, q.startDate, q.endDate;

END;$$;

--
-- Name: get_property_definitions(uuid, character varying, boolean, character varying); Type: FUNCTION; Schema: public; Owner: ali
--

CREATE FUNCTION public.get_property_definitions(_cp_uuid_ uuid, _cp_object_type_ character varying, _cp_disabled_ boolean, _cp_type_ character varying) RETURNS TABLE(id uuid, name text, type diwi_testset.property_type, objecttype diwi_testset.maatwerk_object_soort, propertytype diwi_testset.maatwerk_eigenschap_type, disabled boolean, categories jsonb, ordinals jsonb)
    LANGUAGE plpgsql
    AS $$
BEGIN
RETURN QUERY

SELECT cp.id                                                                                                                          AS id,
       cpState.property_name                                                                                                          AS name,
       cp.type                                                                                                                        AS type,
       cpState.property_object_type                                                                                                   AS objectType,
       cpState.property_type                                                                                                          AS propertyType,
       CASE WHEN cpState.change_end_date IS NULL THEN false ELSE TRUE END                                                             AS disabled,
       to_jsonb(array_agg(
           jsonb_build_object('id', catState.category_value_id, 'name', catState.value_label, 'disabled',
                              catState.change_end_date IS NOT NULL)) FILTER (WHERE catState.category_value_id IS NOT NULL))            AS categories,
       to_jsonb(array_agg(
           jsonb_build_object('id', ordState.ordinal_value_id, 'name', ordState.value_label, 'level', ordState.ordinal_level,
                              'disabled', ordState.change_end_date IS NOT NULL)) FILTER (WHERE ordState.ordinal_value_id IS NOT NULL)) AS ordinals

FROM diwi_testset.property cp
    LEFT JOIN LATERAL (
        SELECT *
            FROM diwi_testset.property_state cps
            WHERE cps.property_id = cp.id
            ORDER BY cps.change_start_date DESC
        LIMIT 1) cpState ON TRUE

    LEFT JOIN diwi_testset.property_category_value cat ON cat.property_id = cp.id
    LEFT JOIN LATERAL (
        SELECT cs.category_value_id, cs.value_label, cs.change_end_date
            FROM diwi_testset.property_category_value_state cs
            WHERE cs.category_value_id = cat.id
            ORDER BY cs.change_start_date DESC
        LIMIT 1) catState ON TRUE

    LEFT JOIN diwi_testset.property_ordinal_value ord ON ord.property_id = cp.id
    LEFT JOIN LATERAL (
        SELECT os.ordinal_value_id, os.value_label, os.ordinal_level, os.change_end_date
            FROM diwi_testset.property_ordinal_value_state os
            WHERE os.ordinal_value_id = ord.id
            ORDER BY os.change_start_date DESC
        LIMIT 1) ordState ON TRUE


WHERE
    CASE
        WHEN _cp_uuid_ IS NOT NULL THEN cp.id = _cp_uuid_
        WHEN _cp_object_type_ IS NOT NULL THEN cpState.property_object_type = CAST (_cp_object_type_ AS diwi_testset.maatwerk_object_soort)
        ELSE 1 = 1
    END

    AND

    CASE
        WHEN _cp_disabled_ IS NULL THEN 1 = 1
        WHEN _cp_disabled_ IS TRUE THEN cpState.change_end_date IS NOT NULL
        WHEN _cp_disabled_ IS FALSE THEN cpState.change_end_date IS NULL
    END

    AND

    CASE
        WHEN _cp_type_ IS NOT NULL THEN cp.type = CAST (_cp_type_ AS diwi_testset.property_type)
        ELSE 1 = 1
    END

GROUP BY cp.id, cpState.property_name, cp.type, cpState.property_object_type, cpState.property_type, disabled

ORDER BY cpState.property_name;

END;$$;

SET default_tablespace = '';

SET default_table_access_method = heap;

--
-- Name: document; Type: TABLE; Schema: diwi_testset; Owner: ali
--

CREATE TABLE diwi_testset.document (
    id uuid NOT NULL,
    project_id uuid NOT NULL
);

--
-- Name: document_soort; Type: TABLE; Schema: diwi_testset; Owner: ali
--

CREATE TABLE diwi_testset.document_soort (
    id uuid NOT NULL
);

--
-- Name: document_soort_state; Type: TABLE; Schema: diwi_testset; Owner: ali
--

CREATE TABLE diwi_testset.document_soort_state (
    id uuid NOT NULL,
    document_soort_id uuid NOT NULL,
    waarde_label text NOT NULL,
    create_user_id uuid NOT NULL,
    change_start_date timestamp with time zone NOT NULL,
    change_end_date timestamp with time zone,
    change_user_id uuid
);

--
-- Name: document_state; Type: TABLE; Schema: diwi_testset; Owner: ali
--

CREATE TABLE diwi_testset.document_state (
    id uuid NOT NULL,
    document_id uuid NOT NULL,
    milestone_id uuid NOT NULL,
    naam text NOT NULL,
    notitie text,
    file_path text,
    change_user_id uuid NOT NULL,
    change_start_date timestamp with time zone NOT NULL,
    change_end_date timestamp with time zone,
    confidentiality_level diwi_testset.confidentiality NOT NULL
);

--
-- Name: document_state_soort_value; Type: TABLE; Schema: diwi_testset; Owner: ali
--

CREATE TABLE diwi_testset.document_state_soort_value (
    id uuid NOT NULL,
    document_state_id uuid NOT NULL,
    document_soort_id uuid NOT NULL
);

--
-- Name: milestone; Type: TABLE; Schema: diwi_testset; Owner: ali
--

CREATE TABLE diwi_testset.milestone (
    id uuid NOT NULL,
    project_id uuid NOT NULL
);

--
-- Name: milestone_state; Type: TABLE; Schema: diwi_testset; Owner: ali
--

CREATE TABLE diwi_testset.milestone_state (
    id uuid NOT NULL,
    milestone_id uuid NOT NULL,
    date date NOT NULL,
    create_user_id uuid NOT NULL,
    change_start_date timestamp with time zone NOT NULL,
    change_end_date timestamp with time zone,
    status diwi_testset.milestone_status NOT NULL,
    omschrijving text,
    change_user_id uuid
);

--
-- Name: organization; Type: TABLE; Schema: diwi_testset; Owner: ali
--

CREATE TABLE diwi_testset.organization (
    id uuid NOT NULL
);

--
-- Name: organization_state; Type: TABLE; Schema: diwi_testset; Owner: ali
--

CREATE TABLE diwi_testset.organization_state (
    id uuid NOT NULL,
    organization_id uuid NOT NULL,
    parent_organization_id uuid,
    naam text NOT NULL,
    change_end_date timestamp with time zone,
    change_start_date timestamp with time zone NOT NULL,
    create_user_id uuid NOT NULL,
    change_user_id uuid
);

--
-- Name: organization_to_document; Type: TABLE; Schema: diwi_testset; Owner: ali
--

CREATE TABLE diwi_testset.organization_to_document (
    id uuid NOT NULL,
    organization_id uuid NOT NULL,
    document_id uuid NOT NULL,
    change_end_date timestamp with time zone,
    change_start_date timestamp with time zone NOT NULL,
    create_user_id uuid NOT NULL,
    change_user_id uuid
);

--
-- Name: organization_to_plan; Type: TABLE; Schema: diwi_testset; Owner: ali
--

CREATE TABLE diwi_testset.organization_to_plan (
    id uuid NOT NULL,
    organization_id uuid NOT NULL,
    plan_id uuid NOT NULL,
    change_end_date timestamp with time zone,
    change_start_date timestamp with time zone NOT NULL,
    create_user_id uuid NOT NULL,
    change_user_id uuid
);

--
-- Name: organization_to_project; Type: TABLE; Schema: diwi_testset; Owner: ali
--

CREATE TABLE diwi_testset.organization_to_project (
    id uuid NOT NULL,
    organization_id uuid NOT NULL,
    project_id uuid NOT NULL,
    change_end_date timestamp with time zone,
    change_start_date timestamp with time zone NOT NULL,
    create_user_id uuid NOT NULL,
    change_user_id uuid
);

--
-- Name: plan; Type: TABLE; Schema: diwi_testset; Owner: ali
--

CREATE TABLE diwi_testset.plan (
    id uuid NOT NULL
);

--
-- Name: plan_conditie; Type: TABLE; Schema: diwi_testset; Owner: ali
--

CREATE TABLE diwi_testset.plan_conditie (
    id uuid NOT NULL
);

--
-- Name: plan_conditie_doelgroep; Type: TABLE; Schema: diwi_testset; Owner: ali
--

CREATE TABLE diwi_testset.plan_conditie_doelgroep (
    id uuid NOT NULL,
    plan_conditie_id uuid NOT NULL,
    create_user_id uuid NOT NULL,
    change_start_date timestamp with time zone NOT NULL,
    change_end_date timestamp with time zone,
    change_user_id uuid
);

--
-- Name: plan_conditie_doelgroep_value; Type: TABLE; Schema: diwi_testset; Owner: ali
--

CREATE TABLE diwi_testset.plan_conditie_doelgroep_value (
    id uuid NOT NULL,
    plan_conditie_doelgroep_id uuid NOT NULL,
    doelgroep diwi_testset.doelgroep NOT NULL
);

--
-- Name: plan_conditie_eigendom_en_waarde; Type: TABLE; Schema: diwi_testset; Owner: ali
--

CREATE TABLE diwi_testset.plan_conditie_eigendom_en_waarde (
    id uuid NOT NULL,
    plan_conditie_id uuid NOT NULL,
    create_user_id uuid NOT NULL,
    change_start_date timestamp with time zone NOT NULL,
    change_end_date timestamp with time zone,
    waarde_value_type diwi_testset.value_type,
    waarde_value integer,
    huurbedrag_value_type diwi_testset.value_type,
    huurbedrag_value integer,
    waarde_value_range int8range,
    huurbedrag_value_range int8range,
    change_user_id uuid
);

--
-- Name: plan_conditie_eigendom_en_waarde_soort_value; Type: TABLE; Schema: diwi_testset; Owner: ali
--

CREATE TABLE diwi_testset.plan_conditie_eigendom_en_waarde_soort_value (
    id uuid NOT NULL,
    plan_conditie_eigendom_en_waarde_id uuid NOT NULL,
    eigendom_soort diwi_testset.eigendom_soort NOT NULL
);

--
-- Name: plan_conditie_grondpositie; Type: TABLE; Schema: diwi_testset; Owner: ali
--

CREATE TABLE diwi_testset.plan_conditie_grondpositie (
    id uuid NOT NULL,
    plan_conditie_id uuid NOT NULL,
    create_user_id uuid NOT NULL,
    change_start_date timestamp with time zone NOT NULL,
    change_end_date timestamp with time zone,
    change_user_id uuid
);

--
-- Name: plan_conditie_grondpositie_value; Type: TABLE; Schema: diwi_testset; Owner: ali
--

CREATE TABLE diwi_testset.plan_conditie_grondpositie_value (
    id uuid NOT NULL,
    plan_conditie_grondpositie_id uuid NOT NULL,
    grondpositie diwi_testset.grondpositie NOT NULL
);

--
-- Name: plan_conditie_grootte; Type: TABLE; Schema: diwi_testset; Owner: ali
--

CREATE TABLE diwi_testset.plan_conditie_grootte (
    id uuid NOT NULL,
    plan_conditie_id uuid NOT NULL,
    create_user_id uuid NOT NULL,
    change_start_date timestamp with time zone NOT NULL,
    change_end_date timestamp with time zone,
    value_type diwi_testset.value_type NOT NULL,
    value double precision,
    value_range numrange,
    change_user_id uuid
);

--
-- Name: plan_conditie_kadastraal; Type: TABLE; Schema: diwi_testset; Owner: ali
--

CREATE TABLE diwi_testset.plan_conditie_kadastraal (
    id uuid NOT NULL,
    plan_conditie_id uuid NOT NULL,
    create_user_id uuid NOT NULL,
    change_start_date timestamp with time zone NOT NULL,
    change_end_date timestamp with time zone,
    change_user_id uuid
);

--
-- Name: plan_conditie_kadastraal_value; Type: TABLE; Schema: diwi_testset; Owner: ali
--

CREATE TABLE diwi_testset.plan_conditie_kadastraal_value (
    id uuid NOT NULL,
    plan_conditie_kadastraal_id uuid NOT NULL,
    brk_gemeente_code text NOT NULL,
    brk_sectie text,
    brk_perceelnummer integer,
    brk_selectie text
);

--
-- Name: plan_conditie_maatwerk_boolean; Type: TABLE; Schema: diwi_testset; Owner: ali
--

CREATE TABLE diwi_testset.plan_conditie_maatwerk_boolean (
    id uuid NOT NULL,
    plan_conditie_id uuid NOT NULL,
    eigenschap_waarde boolean NOT NULL,
    create_user_id uuid NOT NULL,
    change_start_date timestamp with time zone NOT NULL,
    change_end_date timestamp with time zone,
    change_user_id uuid
);

--
-- Name: plan_conditie_maatwerk_categorie; Type: TABLE; Schema: diwi_testset; Owner: ali
--

CREATE TABLE diwi_testset.plan_conditie_maatwerk_categorie (
    id uuid NOT NULL,
    plan_conditie_id uuid NOT NULL,
    create_user_id uuid NOT NULL,
    change_start_date timestamp with time zone NOT NULL,
    change_end_date timestamp with time zone,
    change_user_id uuid
);

--
-- Name: plan_conditie_maatwerk_categorie_value; Type: TABLE; Schema: diwi_testset; Owner: ali
--

CREATE TABLE diwi_testset.plan_conditie_maatwerk_categorie_value (
    id uuid NOT NULL,
    plan_conditie_maatwerk_categorie_id uuid NOT NULL,
    eigenschap_waarde_id uuid NOT NULL
);

--
-- Name: plan_conditie_maatwerk_numeriek; Type: TABLE; Schema: diwi_testset; Owner: ali
--

CREATE TABLE diwi_testset.plan_conditie_maatwerk_numeriek (
    id uuid NOT NULL,
    plan_conditie_id uuid NOT NULL,
    value double precision,
    create_user_id uuid NOT NULL,
    change_start_date timestamp with time zone NOT NULL,
    change_end_date timestamp with time zone,
    value_type diwi_testset.value_type NOT NULL,
    value_range numrange,
    change_user_id uuid
);

--
-- Name: plan_conditie_maatwerk_ordinaal; Type: TABLE; Schema: diwi_testset; Owner: ali
--

CREATE TABLE diwi_testset.plan_conditie_maatwerk_ordinaal (
    id uuid NOT NULL,
    plan_conditie_id uuid NOT NULL,
    create_user_id uuid NOT NULL,
    change_start_date timestamp with time zone NOT NULL,
    change_end_date timestamp with time zone,
    value_type diwi_testset.value_type NOT NULL,
    value_id uuid,
    min_value_id uuid,
    max_value_id uuid,
    change_user_id uuid
);

--
-- Name: plan_conditie_programmering; Type: TABLE; Schema: diwi_testset; Owner: ali
--

CREATE TABLE diwi_testset.plan_conditie_programmering (
    id uuid NOT NULL,
    plan_conditie_id uuid NOT NULL,
    programmering boolean NOT NULL,
    create_user_id uuid NOT NULL,
    change_start_date timestamp with time zone NOT NULL,
    change_end_date timestamp with time zone,
    change_user_id uuid
);

--
-- Name: plan_conditie_state; Type: TABLE; Schema: diwi_testset; Owner: ali
--

CREATE TABLE diwi_testset.plan_conditie_state (
    id uuid NOT NULL,
    plan_conditie_id uuid NOT NULL,
    plan_id uuid NOT NULL,
    conditie_type diwi_testset.conditie_type NOT NULL,
    create_user_id uuid NOT NULL,
    change_start_date timestamp with time zone NOT NULL,
    change_end_date timestamp with time zone,
    change_user_id uuid
);

--
-- Name: plan_conditie_type_en_fysiek; Type: TABLE; Schema: diwi_testset; Owner: ali
--

CREATE TABLE diwi_testset.plan_conditie_type_en_fysiek (
    id uuid NOT NULL,
    plan_conditie_id uuid NOT NULL,
    create_user_id uuid NOT NULL,
    change_start_date timestamp with time zone NOT NULL,
    change_end_date timestamp with time zone,
    change_user_id uuid
);

--
-- Name: plan_conditie_type_en_fysiek_fysiek_value; Type: TABLE; Schema: diwi_testset; Owner: ali
--

CREATE TABLE diwi_testset.plan_conditie_type_en_fysiek_fysiek_value (
    id uuid NOT NULL,
    plan_conditie_type_en_fysiek_id uuid NOT NULL,
    fysiek_voorkomen diwi_testset.fysiek_voorkomen NOT NULL
);

--
-- Name: plan_conditie_type_en_fysiek_type_value; Type: TABLE; Schema: diwi_testset; Owner: ali
--

CREATE TABLE diwi_testset.plan_conditie_type_en_fysiek_type_value (
    id uuid NOT NULL,
    plan_conditie_type_en_fysiek_id uuid NOT NULL,
    woning_type diwi_testset.woning_type NOT NULL
);

--
-- Name: plan_soort; Type: TABLE; Schema: diwi_testset; Owner: ali
--

CREATE TABLE diwi_testset.plan_soort (
    id uuid NOT NULL
);

--
-- Name: plan_soort_state; Type: TABLE; Schema: diwi_testset; Owner: ali
--

CREATE TABLE diwi_testset.plan_soort_state (
    id uuid NOT NULL,
    plan_soort_id uuid NOT NULL,
    waarde_label text NOT NULL,
    create_user_id uuid NOT NULL,
    change_start_date timestamp with time zone NOT NULL,
    change_end_date timestamp with time zone,
    change_user_id uuid
);

--
-- Name: plan_state; Type: TABLE; Schema: diwi_testset; Owner: ali
--

CREATE TABLE diwi_testset.plan_state (
    id uuid NOT NULL,
    plan_id uuid NOT NULL,
    naam text NOT NULL,
    deadline date NOT NULL,
    change_start_date timestamp with time zone NOT NULL,
    change_end_date timestamp with time zone,
    confidentiality_level diwi_testset.confidentiality NOT NULL,
    create_user_id uuid NOT NULL,
    doel_soort diwi_testset.doel_soort NOT NULL,
    doel_richting diwi_testset.doel_richting NOT NULL,
    doel_waarde double precision NOT NULL,
    start_datum date NOT NULL,
    change_user_id uuid
);

--
-- Name: plan_state_soort_value; Type: TABLE; Schema: diwi_testset; Owner: ali
--

CREATE TABLE diwi_testset.plan_state_soort_value (
    id uuid NOT NULL,
    plan_state_id uuid NOT NULL,
    plan_soort_id uuid NOT NULL
);

--
-- Name: project; Type: TABLE; Schema: diwi_testset; Owner: ali
--

CREATE TABLE diwi_testset.project (
    id uuid NOT NULL
);

--
-- Name: project_category_changelog; Type: TABLE; Schema: diwi_testset; Owner: ali
--

CREATE TABLE diwi_testset.project_category_changelog (
    id uuid NOT NULL,
    start_milestone_id uuid NOT NULL,
    end_milestone_id uuid NOT NULL,
    project_id uuid NOT NULL,
    create_user_id uuid NOT NULL,
    change_start_date timestamp with time zone NOT NULL,
    change_end_date timestamp with time zone,
    change_user_id uuid,
    property_id uuid NOT NULL
);

--
-- Name: project_category_changelog_value; Type: TABLE; Schema: diwi_testset; Owner: ali
--

CREATE TABLE diwi_testset.project_category_changelog_value (
    id uuid NOT NULL,
    project_category_changelog_id uuid NOT NULL,
    property_value_id uuid NOT NULL
);

--
-- Name: project_duration_changelog; Type: TABLE; Schema: diwi_testset; Owner: ali
--

CREATE TABLE diwi_testset.project_duration_changelog (
    id uuid NOT NULL,
    start_milestone_id uuid NOT NULL,
    end_milestone_id uuid NOT NULL,
    project_id uuid NOT NULL,
    create_user_id uuid NOT NULL,
    change_start_date timestamp with time zone NOT NULL,
    change_end_date timestamp with time zone,
    change_user_id uuid
);

--
-- Name: project_fase_changelog; Type: TABLE; Schema: diwi_testset; Owner: ali
--

CREATE TABLE diwi_testset.project_fase_changelog (
    id uuid NOT NULL,
    start_milestone_id uuid NOT NULL,
    end_milestone_id uuid NOT NULL,
    project_id uuid NOT NULL,
    create_user_id uuid NOT NULL,
    change_start_date timestamp with time zone NOT NULL,
    change_end_date timestamp with time zone,
    project_fase diwi_testset.project_phase NOT NULL,
    change_user_id uuid
);

--
-- Name: project_filiatie; Type: TABLE; Schema: diwi_testset; Owner: ali
--

CREATE TABLE diwi_testset.project_filiatie (
    id uuid NOT NULL,
    old_project_id uuid NOT NULL,
    new_project_id uuid NOT NULL,
    create_user_id uuid NOT NULL,
    change_start_date timestamp with time zone NOT NULL,
    change_end_date timestamp with time zone,
    change_user_id uuid
);

--
-- Name: project_maatwerk_boolean_changelog; Type: TABLE; Schema: diwi_testset; Owner: ali
--

CREATE TABLE diwi_testset.project_maatwerk_boolean_changelog (
    id uuid NOT NULL,
    start_milestone_id uuid NOT NULL,
    end_milestone_id uuid NOT NULL,
    project_id uuid NOT NULL,
    value boolean NOT NULL,
    create_user_id uuid NOT NULL,
    change_start_date timestamp with time zone NOT NULL,
    change_end_date timestamp with time zone,
    eigenschap_id uuid NOT NULL,
    change_user_id uuid
);

--
-- Name: project_maatwerk_numeriek_changelog; Type: TABLE; Schema: diwi_testset; Owner: ali
--

CREATE TABLE diwi_testset.project_maatwerk_numeriek_changelog (
    id uuid NOT NULL,
    start_milestone_id uuid NOT NULL,
    end_milestone_id uuid NOT NULL,
    project_id uuid NOT NULL,
    value double precision,
    create_user_id uuid NOT NULL,
    change_start_date timestamp with time zone NOT NULL,
    change_end_date timestamp with time zone,
    eigenschap_id uuid NOT NULL,
    value_type diwi_testset.value_type NOT NULL,
    value_range numrange,
    change_user_id uuid
);

--
-- Name: project_name_changelog; Type: TABLE; Schema: diwi_testset; Owner: ali
--

CREATE TABLE diwi_testset.project_name_changelog (
    id uuid NOT NULL,
    start_milestone_id uuid NOT NULL,
    end_milestone_id uuid NOT NULL,
    project_id uuid NOT NULL,
    create_user_id uuid NOT NULL,
    change_start_date timestamp with time zone NOT NULL,
    change_end_date timestamp with time zone,
    name text NOT NULL,
    change_user_id uuid
);

--
-- Name: project_ordinal_changelog; Type: TABLE; Schema: diwi_testset; Owner: ali
--

CREATE TABLE diwi_testset.project_ordinal_changelog (
    id uuid NOT NULL,
    start_milestone_id uuid NOT NULL,
    end_milestone_id uuid NOT NULL,
    project_id uuid NOT NULL,
    value_id uuid,
    create_user_id uuid NOT NULL,
    change_start_date timestamp with time zone NOT NULL,
    change_end_date timestamp with time zone,
    value_type diwi_testset.value_type NOT NULL,
    min_value_id uuid,
    max_value_id uuid,
    change_user_id uuid,
    property_id uuid NOT NULL
);

--
-- Name: project_plan_type_changelog; Type: TABLE; Schema: diwi_testset; Owner: ali
--

CREATE TABLE diwi_testset.project_plan_type_changelog (
    id uuid NOT NULL,
    start_milestone_id uuid NOT NULL,
    end_milestone_id uuid NOT NULL,
    project_id uuid NOT NULL,
    create_user_id uuid NOT NULL,
    change_start_date timestamp with time zone NOT NULL,
    change_end_date timestamp with time zone,
    change_user_id uuid
);

--
-- Name: project_plan_type_changelog_value; Type: TABLE; Schema: diwi_testset; Owner: ali
--

CREATE TABLE diwi_testset.project_plan_type_changelog_value (
    id uuid NOT NULL,
    changelog_id uuid NOT NULL,
    plan_type diwi_testset.plan_type NOT NULL
);

--
-- Name: project_planologische_planstatus_changelog; Type: TABLE; Schema: diwi_testset; Owner: ali
--

CREATE TABLE diwi_testset.project_planologische_planstatus_changelog (
    id uuid NOT NULL,
    start_milestone_id uuid NOT NULL,
    end_milestone_id uuid NOT NULL,
    project_id uuid NOT NULL,
    create_user_id uuid NOT NULL,
    change_start_date timestamp with time zone NOT NULL,
    change_end_date timestamp with time zone,
    change_user_id uuid
);

--
-- Name: project_planologische_planstatus_changelog_value; Type: TABLE; Schema: diwi_testset; Owner: ali
--

CREATE TABLE diwi_testset.project_planologische_planstatus_changelog_value (
    id uuid NOT NULL,
    planologische_planstatus_changelog_id uuid NOT NULL,
    planologische_planstatus diwi_testset.planologische_planstatus NOT NULL
);

--
-- Name: project_registry_link_changelog; Type: TABLE; Schema: diwi_testset; Owner: ali
--

CREATE TABLE diwi_testset.project_registry_link_changelog (
    id uuid NOT NULL,
    project_id uuid NOT NULL,
    start_milestone_id uuid NOT NULL,
    end_milestone_id uuid NOT NULL,
    create_user_id uuid NOT NULL,
    change_user_id uuid,
    change_start_date timestamp with time zone NOT NULL,
    change_end_date timestamp with time zone
);

--
-- Name: project_registry_link_changelog_value; Type: TABLE; Schema: diwi_testset; Owner: ali
--

CREATE TABLE diwi_testset.project_registry_link_changelog_value (
    id uuid NOT NULL,
    project_registry_link_changelog_id uuid NOT NULL,
    brk_gemeente_code text NOT NULL,
    brk_sectie text,
    brk_perceelnummer integer,
    plot_feature json NOT NULL,
    subselection_geometry json
);

--
-- Name: project_state; Type: TABLE; Schema: diwi_testset; Owner: ali
--

CREATE TABLE diwi_testset.project_state (
    id uuid NOT NULL,
    project_id uuid NOT NULL,
    create_user_id uuid NOT NULL,
    change_start_date timestamp with time zone NOT NULL,
    change_end_date timestamp with time zone,
    confidentiality_level diwi_testset.confidentiality NOT NULL,
    project_colour text NOT NULL,
    change_user_id uuid,
    latitude double precision,
    longitude double precision
);

--
-- Name: project_text_changelog; Type: TABLE; Schema: diwi_testset; Owner: ali
--

CREATE TABLE diwi_testset.project_text_changelog (
    id uuid NOT NULL,
    start_milestone_id uuid NOT NULL,
    end_milestone_id uuid NOT NULL,
    project_id uuid NOT NULL,
    value text NOT NULL,
    create_user_id uuid NOT NULL,
    change_user_id uuid,
    change_start_date timestamp with time zone NOT NULL,
    change_end_date timestamp with time zone,
    property_id uuid NOT NULL
);

--
-- Name: property; Type: TABLE; Schema: diwi_testset; Owner: ali
--

CREATE TABLE diwi_testset.property (
    id uuid NOT NULL,
    type diwi_testset.property_type DEFAULT 'CUSTOM'::diwi_testset.property_type NOT NULL
);

--
-- Name: property_category_value; Type: TABLE; Schema: diwi_testset; Owner: ali
--

CREATE TABLE diwi_testset.property_category_value (
    id uuid NOT NULL,
    property_id uuid NOT NULL
);

--
-- Name: property_category_value_state; Type: TABLE; Schema: diwi_testset; Owner: ali
--

CREATE TABLE diwi_testset.property_category_value_state (
    id uuid NOT NULL,
    category_value_id uuid NOT NULL,
    value_label text NOT NULL,
    create_user_id uuid NOT NULL,
    change_start_date timestamp with time zone NOT NULL,
    change_end_date timestamp with time zone,
    change_user_id uuid
);

--
-- Name: property_ordinal_value; Type: TABLE; Schema: diwi_testset; Owner: ali
--

CREATE TABLE diwi_testset.property_ordinal_value (
    id uuid NOT NULL,
    property_id uuid NOT NULL
);

--
-- Name: property_ordinal_value_state; Type: TABLE; Schema: diwi_testset; Owner: ali
--

CREATE TABLE diwi_testset.property_ordinal_value_state (
    id uuid NOT NULL,
    ordinal_value_id uuid NOT NULL,
    value_label text NOT NULL,
    ordinal_level integer NOT NULL,
    create_user_id uuid NOT NULL,
    change_start_date timestamp with time zone NOT NULL,
    change_end_date timestamp with time zone,
    change_user_id uuid
);

--
-- Name: property_state; Type: TABLE; Schema: diwi_testset; Owner: ali
--

CREATE TABLE diwi_testset.property_state (
    id uuid NOT NULL,
    property_name text NOT NULL,
    property_type diwi_testset.maatwerk_eigenschap_type NOT NULL,
    create_user_id uuid NOT NULL,
    change_start_date timestamp with time zone NOT NULL,
    change_end_date timestamp with time zone,
    property_id uuid NOT NULL,
    property_object_type diwi_testset.maatwerk_object_soort NOT NULL,
    change_user_id uuid
);

--
-- Name: software_module_rights; Type: TABLE; Schema: diwi_testset; Owner: ali
--

CREATE TABLE diwi_testset.software_module_rights (
    id uuid NOT NULL,
    organization_id uuid NOT NULL,
    software_module diwi_testset.software_module NOT NULL,
    confidentiality_level diwi_testset.confidentiality NOT NULL,
    create_user_id uuid NOT NULL,
    change_start_date timestamp with time zone NOT NULL,
    change_end_date timestamp with time zone,
    software_rights diwi_testset.software_rights NOT NULL,
    change_user_id uuid
);

--
-- Name: user; Type: TABLE; Schema: diwi_testset; Owner: ali
--

CREATE TABLE diwi_testset."user" (
    id uuid NOT NULL,
    "system_user" boolean DEFAULT false NOT NULL
);

--
-- Name: user_state; Type: TABLE; Schema: diwi_testset; Owner: ali
--

CREATE TABLE diwi_testset.user_state (
    id uuid NOT NULL,
    user_id uuid NOT NULL,
    create_user_id uuid NOT NULL,
    change_start_date timestamp with time zone NOT NULL,
    change_end_date timestamp with time zone,
    identity_provider_id text NOT NULL,
    last_name text NOT NULL,
    first_name text NOT NULL,
    change_user_id uuid,
    role diwi_testset.user_role NOT NULL
);

--
-- Name: user_to_organization; Type: TABLE; Schema: diwi_testset; Owner: ali
--

CREATE TABLE diwi_testset.user_to_organization (
    id uuid NOT NULL,
    user_id uuid NOT NULL,
    organization_id uuid NOT NULL,
    create_user_id uuid NOT NULL,
    change_start_date timestamp with time zone NOT NULL,
    change_end_date timestamp with time zone,
    change_user_id uuid
);

--
-- Name: woningblok; Type: TABLE; Schema: diwi_testset; Owner: ali
--

CREATE TABLE diwi_testset.woningblok (
    id uuid NOT NULL,
    project_id uuid NOT NULL
);

--
-- Name: woningblok_deliverydate_changelog; Type: TABLE; Schema: diwi_testset; Owner: ali
--

CREATE TABLE diwi_testset.woningblok_deliverydate_changelog (
    id uuid NOT NULL,
    woningblok_id uuid NOT NULL,
    start_milestone_id uuid NOT NULL,
    end_milestone_id uuid NOT NULL,
    latest_deliverydate date NOT NULL,
    create_user_id uuid NOT NULL,
    change_start_date timestamp with time zone NOT NULL,
    change_end_date timestamp with time zone,
    change_user_id uuid,
    earliest_deliverydate date NOT NULL
);

--
-- Name: woningblok_doelgroep_changelog; Type: TABLE; Schema: diwi_testset; Owner: ali
--

CREATE TABLE diwi_testset.woningblok_doelgroep_changelog (
    id uuid NOT NULL,
    woningblok_id uuid NOT NULL,
    start_milestone_id uuid NOT NULL,
    end_milestone_id uuid NOT NULL,
    create_user_id uuid NOT NULL,
    change_start_date timestamp with time zone NOT NULL,
    change_end_date timestamp with time zone,
    change_user_id uuid
);

--
-- Name: woningblok_doelgroep_changelog_value; Type: TABLE; Schema: diwi_testset; Owner: ali
--

CREATE TABLE diwi_testset.woningblok_doelgroep_changelog_value (
    id uuid NOT NULL,
    woningblok_doelgroep_changelog_id uuid NOT NULL,
    amount integer NOT NULL,
    property_value_id uuid NOT NULL
);

--
-- Name: woningblok_duration_changelog; Type: TABLE; Schema: diwi_testset; Owner: ali
--

CREATE TABLE diwi_testset.woningblok_duration_changelog (
    id uuid NOT NULL,
    woningblok_id uuid NOT NULL,
    start_milestone_id uuid NOT NULL,
    end_milestone_id uuid NOT NULL,
    create_user_id uuid NOT NULL,
    change_start_date timestamp with time zone NOT NULL,
    change_end_date timestamp with time zone,
    change_user_id uuid
);

--
-- Name: woningblok_eigendom_en_waarde_changelog; Type: TABLE; Schema: diwi_testset; Owner: ali
--

CREATE TABLE diwi_testset.woningblok_eigendom_en_waarde_changelog (
    id uuid NOT NULL,
    woningblok_id uuid NOT NULL,
    start_milestone_id uuid NOT NULL,
    end_milestone_id uuid NOT NULL,
    create_user_id uuid NOT NULL,
    change_start_date timestamp with time zone NOT NULL,
    change_end_date timestamp with time zone,
    waarde_value_type diwi_testset.value_type,
    waarde_value integer,
    huurbedrag_value_type diwi_testset.value_type,
    huurbedrag_value integer,
    change_user_id uuid,
    amount integer NOT NULL,
    eigendom_soort diwi_testset.eigendom_soort NOT NULL,
    waarde_value_range int4range,
    huurbedrag_value_range int4range
);

--
-- Name: woningblok_grondpositie_changelog; Type: TABLE; Schema: diwi_testset; Owner: ali
--

CREATE TABLE diwi_testset.woningblok_grondpositie_changelog (
    id uuid NOT NULL,
    woningblok_id uuid NOT NULL,
    start_milestone_id uuid NOT NULL,
    end_milestone_id uuid NOT NULL,
    create_user_id uuid NOT NULL,
    change_start_date timestamp with time zone NOT NULL,
    change_end_date timestamp with time zone,
    change_user_id uuid
);

--
-- Name: woningblok_grondpositie_changelog_value; Type: TABLE; Schema: diwi_testset; Owner: ali
--

CREATE TABLE diwi_testset.woningblok_grondpositie_changelog_value (
    id uuid NOT NULL,
    woningblok_grondpositie_changelog_id uuid NOT NULL,
    grondpositie diwi_testset.grondpositie NOT NULL,
    amount integer NOT NULL
);

--
-- Name: woningblok_grootte_changelog; Type: TABLE; Schema: diwi_testset; Owner: ali
--

CREATE TABLE diwi_testset.woningblok_grootte_changelog (
    id uuid NOT NULL,
    woningblok_id uuid NOT NULL,
    start_milestone_id uuid NOT NULL,
    end_milestone_id uuid NOT NULL,
    create_user_id uuid NOT NULL,
    change_start_date timestamp with time zone NOT NULL,
    change_end_date timestamp with time zone,
    value double precision,
    value_range numrange,
    value_type diwi_testset.value_type NOT NULL,
    change_user_id uuid
);

--
-- Name: woningblok_maatwerk_boolean_changelog; Type: TABLE; Schema: diwi_testset; Owner: ali
--

CREATE TABLE diwi_testset.woningblok_maatwerk_boolean_changelog (
    id uuid NOT NULL,
    start_milestone_id uuid NOT NULL,
    end_milestone_id uuid NOT NULL,
    woningblok_id uuid NOT NULL,
    value boolean NOT NULL,
    create_user_id uuid NOT NULL,
    change_start_date timestamp with time zone NOT NULL,
    change_end_date timestamp with time zone,
    eigenschap_id uuid NOT NULL,
    change_user_id uuid
);

--
-- Name: woningblok_maatwerk_categorie_changelog; Type: TABLE; Schema: diwi_testset; Owner: ali
--

CREATE TABLE diwi_testset.woningblok_maatwerk_categorie_changelog (
    id uuid NOT NULL,
    start_milestone_id uuid NOT NULL,
    end_milestone_id uuid NOT NULL,
    woningblok_id uuid NOT NULL,
    create_user_id uuid NOT NULL,
    change_start_date timestamp with time zone NOT NULL,
    change_end_date timestamp with time zone,
    change_user_id uuid,
    eigenschap_id uuid NOT NULL
);

--
-- Name: woningblok_maatwerk_categorie_changelog_value; Type: TABLE; Schema: diwi_testset; Owner: ali
--

CREATE TABLE diwi_testset.woningblok_maatwerk_categorie_changelog_value (
    id uuid NOT NULL,
    woningblok_maatwerk_categorie_changelog_id uuid NOT NULL,
    eigenschap_waarde_id uuid NOT NULL
);

--
-- Name: woningblok_maatwerk_numeriek_changelog; Type: TABLE; Schema: diwi_testset; Owner: ali
--

CREATE TABLE diwi_testset.woningblok_maatwerk_numeriek_changelog (
    id uuid NOT NULL,
    start_milestone_id uuid NOT NULL,
    end_milestone_id uuid NOT NULL,
    woningblok_id uuid NOT NULL,
    value double precision,
    create_user_id uuid NOT NULL,
    change_start_date timestamp with time zone NOT NULL,
    change_end_date timestamp with time zone,
    eigenschap_id uuid NOT NULL,
    value_type diwi_testset.value_type NOT NULL,
    value_range numrange,
    change_user_id uuid
);

--
-- Name: woningblok_maatwerk_ordinaal_changelog; Type: TABLE; Schema: diwi_testset; Owner: ali
--

CREATE TABLE diwi_testset.woningblok_maatwerk_ordinaal_changelog (
    id uuid NOT NULL,
    start_milestone_id uuid NOT NULL,
    end_milestone_id uuid NOT NULL,
    woningblok_id uuid NOT NULL,
    value_id uuid,
    create_user_id uuid NOT NULL,
    change_start_date timestamp with time zone NOT NULL,
    change_end_date timestamp with time zone,
    value_type diwi_testset.value_type NOT NULL,
    min_value_id uuid,
    max_value_id uuid,
    change_user_id uuid,
    eigenschap_id uuid NOT NULL
);

--
-- Name: woningblok_maatwerk_text_changelog; Type: TABLE; Schema: diwi_testset; Owner: ali
--

CREATE TABLE diwi_testset.woningblok_maatwerk_text_changelog (
    id uuid NOT NULL,
    start_milestone_id uuid NOT NULL,
    end_milestone_id uuid NOT NULL,
    woningblok_id uuid NOT NULL,
    value text NOT NULL,
    create_user_id uuid NOT NULL,
    change_user_id uuid,
    change_start_date timestamp with time zone NOT NULL,
    change_end_date timestamp with time zone,
    eigenschap_id uuid NOT NULL
);

--
-- Name: woningblok_mutatie_changelog; Type: TABLE; Schema: diwi_testset; Owner: ali
--

CREATE TABLE diwi_testset.woningblok_mutatie_changelog (
    id uuid NOT NULL,
    woningblok_id uuid NOT NULL,
    start_milestone_id uuid NOT NULL,
    end_milestone_id uuid NOT NULL,
    create_user_id uuid NOT NULL,
    change_start_date timestamp with time zone NOT NULL,
    change_end_date timestamp with time zone,
    amount integer NOT NULL,
    change_user_id uuid,
    mutation_kind diwi_testset.mutation_kind NOT NULL
);

--
-- Name: woningblok_naam_changelog; Type: TABLE; Schema: diwi_testset; Owner: ali
--

CREATE TABLE diwi_testset.woningblok_naam_changelog (
    id uuid NOT NULL,
    woningblok_id uuid NOT NULL,
    start_milestone_id uuid NOT NULL,
    end_milestone_id uuid NOT NULL,
    naam text NOT NULL,
    create_user_id uuid NOT NULL,
    change_start_date timestamp with time zone NOT NULL,
    change_end_date timestamp with time zone,
    change_user_id uuid
);

--
-- Name: woningblok_programmering_changelog; Type: TABLE; Schema: diwi_testset; Owner: ali
--

CREATE TABLE diwi_testset.woningblok_programmering_changelog (
    id uuid NOT NULL,
    woningblok_id uuid NOT NULL,
    start_milestone_id uuid NOT NULL,
    end_milestone_id uuid NOT NULL,
    create_user_id uuid NOT NULL,
    change_start_date timestamp with time zone NOT NULL,
    change_end_date timestamp with time zone,
    programmering boolean NOT NULL,
    change_user_id uuid
);

--
-- Name: woningblok_state; Type: TABLE; Schema: diwi_testset; Owner: ali
--

CREATE TABLE diwi_testset.woningblok_state (
    id uuid NOT NULL,
    woningblok_id uuid NOT NULL,
    create_user_id uuid NOT NULL,
    change_user_id uuid,
    change_start_date timestamp with time zone NOT NULL,
    change_end_date timestamp with time zone
);

--
-- Name: woningblok_type_en_fysiek_changelog; Type: TABLE; Schema: diwi_testset; Owner: ali
--

CREATE TABLE diwi_testset.woningblok_type_en_fysiek_changelog (
    id uuid NOT NULL,
    woningblok_id uuid NOT NULL,
    start_milestone_id uuid NOT NULL,
    end_milestone_id uuid NOT NULL,
    create_user_id uuid NOT NULL,
    change_start_date timestamp with time zone NOT NULL,
    change_end_date timestamp with time zone,
    change_user_id uuid
);

--
-- Name: woningblok_type_en_fysiek_changelog_fysiek_value; Type: TABLE; Schema: diwi_testset; Owner: ali
--

CREATE TABLE diwi_testset.woningblok_type_en_fysiek_changelog_fysiek_value (
    id uuid NOT NULL,
    woningblok_type_en_fysiek_voorkomen_changelog_id uuid NOT NULL,
    amount integer NOT NULL,
    property_value_id uuid NOT NULL
);

--
-- Name: woningblok_type_en_fysiek_changelog_type_value; Type: TABLE; Schema: diwi_testset; Owner: ali
--

CREATE TABLE diwi_testset.woningblok_type_en_fysiek_changelog_type_value (
    id uuid NOT NULL,
    woningblok_type_en_fysiek_voorkomen_changelog_id uuid NOT NULL,
    woning_type diwi_testset.woning_type NOT NULL,
    amount integer NOT NULL
);

--
-- Name: flyway_schema_history; Type: TABLE; Schema: public; Owner: ali
--

CREATE TABLE public.flyway_schema_history (
    installed_rank integer NOT NULL,
    version character varying(50),
    description character varying(200) NOT NULL,
    type character varying(20) NOT NULL,
    script character varying(1000) NOT NULL,
    checksum integer,
    installed_by character varying(100) NOT NULL,
    installed_on timestamp without time zone DEFAULT now() NOT NULL,
    execution_time integer NOT NULL,
    success boolean NOT NULL
);

--
-- Data for Name: document; Type: TABLE DATA; Schema: diwi_testset; Owner: ali
--

COPY diwi_testset.document (id, project_id) FROM stdin;
\.


--
-- Data for Name: document_soort; Type: TABLE DATA; Schema: diwi_testset; Owner: ali
--

COPY diwi_testset.document_soort (id) FROM stdin;
\.


--
-- Data for Name: document_soort_state; Type: TABLE DATA; Schema: diwi_testset; Owner: ali
--

COPY diwi_testset.document_soort_state (id, document_soort_id, waarde_label, create_user_id, change_start_date, change_end_date, change_user_id) FROM stdin;
\.


--
-- Data for Name: document_state; Type: TABLE DATA; Schema: diwi_testset; Owner: ali
--

COPY diwi_testset.document_state (id, document_id, milestone_id, naam, notitie, file_path, change_user_id, change_start_date, change_end_date, confidentiality_level) FROM stdin;
\.


--
-- Data for Name: document_state_soort_value; Type: TABLE DATA; Schema: diwi_testset; Owner: ali
--

COPY diwi_testset.document_state_soort_value (id, document_state_id, document_soort_id) FROM stdin;
\.


--
-- Data for Name: milestone; Type: TABLE DATA; Schema: diwi_testset; Owner: ali
--

COPY diwi_testset.milestone (id, project_id) FROM stdin;
292414eb-4a4e-405c-954b-e01bb355bc9b	466da5e2-c96f-4856-aa17-6b37a1c21edc
07f3a0ad-f76a-4dd9-b4c6-6eb8113968e0	466da5e2-c96f-4856-aa17-6b37a1c21edc
ee3cbe15-7a5d-42c6-a807-0a7593a24d4f	54a0c192-3454-4f7a-becd-96d214461987
342887ab-2106-45c4-9565-a4b83f4d3362	54a0c192-3454-4f7a-becd-96d214461987
7c6bfe67-6618-4a6a-9507-2cd15f88c11f	54a0c192-3454-4f7a-becd-96d214461987
1c155b85-29e3-4fec-85a2-96bda344fe8a	5c9fbb50-d8fd-480d-9e38-7f3b391d3110
529ca978-1d23-418a-a94c-bd219454a587	5c9fbb50-d8fd-480d-9e38-7f3b391d3110
4237d087-3d45-4acf-a1a6-0a67b754608e	5c9fbb50-d8fd-480d-9e38-7f3b391d3110
13fcd006-456a-48c3-883d-da89113e3f17	54a0c192-3454-4f7a-becd-96d214461987
018e61e1-d224-7467-bc4f-942186f7bd86	018e61e1-d224-76dd-95aa-4fa7dfe22816
018e61e1-d225-712d-8838-a08bd94a89a9	018e61e1-d224-76dd-95aa-4fa7dfe22816
018e620d-0fa7-7103-b305-ef6e06e5900b	018e61e1-d224-76dd-95aa-4fa7dfe22816
018e6217-1ef4-71a2-8655-341334c4f1c0	018e61e1-d224-76dd-95aa-4fa7dfe22816
018e621b-4ea8-7951-a11a-653fc1af247e	018e621b-4ea8-7801-b880-4e960e416feb
018e621b-4ea8-777a-82e2-96093d6bc4dd	018e621b-4ea8-7801-b880-4e960e416feb
018e6548-029c-7faf-90cf-799a8aaec292	018e6548-0294-73e6-8535-38500033f66a
018e6548-029d-7008-8aae-8d9aa4ad4098	018e6548-0294-73e6-8535-38500033f66a
018e654d-68e1-715b-979a-8c21fb608dc7	018e654d-68e0-70c1-8ca1-acad5da87227
018e654d-68e2-7561-8c97-bac27af68f4d	018e654d-68e0-70c1-8ca1-acad5da87227
018e655d-7c92-7b0e-a18a-7ee5b867571d	018e654d-68e0-70c1-8ca1-acad5da87227
018e655d-7c9d-7dcd-ade9-5185df48e587	018e654d-68e0-70c1-8ca1-acad5da87227
018e6560-758e-7bea-99c5-848191ed520a	018e654d-68e0-70c1-8ca1-acad5da87227
018e6560-758e-7e35-beca-f8b54703c83a	018e654d-68e0-70c1-8ca1-acad5da87227
018e6566-7c86-7b9a-a2d7-634b92219493	018e6566-7c86-7689-a4cf-58f57a073d2a
018e6566-7c86-76a1-a3f0-7434a7101fd3	018e6566-7c86-7689-a4cf-58f57a073d2a
018e6567-5cc5-7681-85b8-a0a1e974d2ba	018e6566-7c86-7689-a4cf-58f57a073d2a
018e6567-5cc6-7d13-b704-f7658a9f9a65	018e6566-7c86-7689-a4cf-58f57a073d2a
018e656d-591d-7f2f-b8da-35cdf53a3eba	018e6566-7c86-7689-a4cf-58f57a073d2a
018e657a-109d-7df3-aa26-0ea1c02f0de7	018e6566-7c86-7689-a4cf-58f57a073d2a
018e6594-726b-7285-9c34-e426816b3939	018e61e1-d224-76dd-95aa-4fa7dfe22816
018e65d5-2dc4-7b76-bb24-5dd79a0b905b	018e61e1-d224-76dd-95aa-4fa7dfe22816
018e66cd-d70f-775e-a3cb-c2e9a368adc2	018e621b-4ea8-7801-b880-4e960e416feb
018e6a86-fc1a-77e0-a57e-164c0994a44a	018e6a86-fc0d-724c-9605-a7cc30c312b8
018e6a86-fc1c-7e4e-b414-84e1e81a26c7	018e6a86-fc0d-724c-9605-a7cc30c312b8
018e6a88-d65e-73af-85a5-0b5b048702c8	018e6a86-fc0d-724c-9605-a7cc30c312b8
018e6a88-d65e-73a1-a14a-0e6a0eb6a745	018e6a86-fc0d-724c-9605-a7cc30c312b8
018e6a89-64d9-79c0-9fd3-3d955837118c	018e6a86-fc0d-724c-9605-a7cc30c312b8
018e6a8c-a5ff-76de-b66f-6fbc32cbe618	018e6a8c-a5ff-73a0-b006-06b92d421629
018e6a8c-a600-73ea-9a7a-f64d1f3bbbaf	018e6a8c-a5ff-73a0-b006-06b92d421629
018e6ab5-fa49-74ab-b053-384768b17105	018e6ab5-fa48-708a-8ead-5d42386fa500
018e6ab5-fa49-7434-bedf-23482b8a5c73	018e6ab5-fa48-708a-8ead-5d42386fa500
018e6ab6-e64a-7966-8edc-79fbd8efd7ad	018e6ab5-fa48-708a-8ead-5d42386fa500
018e6ab6-e64a-77d6-94a9-fd51afd4a342	018e6ab5-fa48-708a-8ead-5d42386fa500
018e6ab6-fec7-7c74-8cf3-68ef9a22783c	018e6ab5-fa48-708a-8ead-5d42386fa500
018e6aba-aead-721a-bb81-ae4f10bf38fc	018e6aba-aead-73e9-9253-373e654a2feb
018e6aba-aead-7986-bbf1-43adfc71eb1c	018e6aba-aead-73e9-9253-373e654a2feb
018e6abb-06de-7b80-a40f-e43678785876	018e6aba-aead-73e9-9253-373e654a2feb
018e6abc-e4b9-7cee-a63b-0b5d3d37cb2d	018e6abc-e4b9-724b-a8b9-9301bdc8e3da
018e6abc-e4bc-7df8-bfcb-a13585a01db7	018e6abc-e4b9-724b-a8b9-9301bdc8e3da
018e6abd-c474-72f4-befc-6869a12436e8	018e6abc-e4b9-724b-a8b9-9301bdc8e3da
018e6abd-c474-7702-b07f-073985a5d416	018e6abc-e4b9-724b-a8b9-9301bdc8e3da
018e6ac4-0851-7eef-9cfb-8d5db43e12ea	018e6ac4-0850-7577-a856-b1409c0c6330
018e6ac4-0852-7006-8bfe-cdb0c79a846a	018e6ac4-0850-7577-a856-b1409c0c6330
018e6ac4-6739-760b-bcb5-c3847ddfb251	018e6ac4-6738-71a1-95b1-3c8625782165
018e6ac4-673a-7fe8-b736-bbbdacbd42fa	018e6ac4-6738-71a1-95b1-3c8625782165
018e6ac6-0237-7faa-b66e-de6396127c81	018e6ac6-0237-7d90-9dc1-c3aa6f3a8ddf
018e6ac6-0237-72f8-8987-38ba921800de	018e6ac6-0237-7d90-9dc1-c3aa6f3a8ddf
018e6ac9-8d17-70a9-a273-62e6b7d70390	018e6ac9-8d17-7b67-a4af-37004a445073
018e6ac9-8d17-7efa-bbe3-89e7d2be12f1	018e6ac9-8d17-7b67-a4af-37004a445073
018e6aca-379a-7459-a74a-694d231c0161	018e6ac9-8d17-7b67-a4af-37004a445073
018e6aca-379a-7357-978e-8c236cfbd21b	018e6ac9-8d17-7b67-a4af-37004a445073
018e7ac1-9254-710b-a380-63ec67014fd4	018e61e1-d224-76dd-95aa-4fa7dfe22816
018e7aff-69d9-78d0-b7ac-4004a566f9a7	018e6548-0294-73e6-8535-38500033f66a
018e7aff-69d8-7969-8559-0684180e090d	018e6548-0294-73e6-8535-38500033f66a
018e7b00-5467-7943-9bbf-1e60aae63e7f	018e6548-0294-73e6-8535-38500033f66a
018e7b00-5468-7f88-a5e5-6e7d42899c0c	018e6548-0294-73e6-8535-38500033f66a
018e7b10-5624-71aa-888b-e5d540974c06	018e7b10-5624-78a3-89c7-36e649258a50
018e7b10-5624-76e6-a531-626801bfa91e	018e7b10-5624-78a3-89c7-36e649258a50
018e7b10-5676-7276-aa1e-d91205112298	018e7b10-5624-78a3-89c7-36e649258a50
018e7b10-5683-78ae-9377-24f724fa5c87	018e7b10-5624-78a3-89c7-36e649258a50
018e7b10-5686-7916-b650-ded08b0f7335	018e7b10-5624-78a3-89c7-36e649258a50
018e7b10-568a-73ab-a811-4ab285cdea28	018e7b10-5624-78a3-89c7-36e649258a50
018e7b12-6b60-7f03-9f6d-c1700af2c043	018e7b10-5624-78a3-89c7-36e649258a50
018e7b12-6b60-7138-8e4c-984f121fb240	018e7b10-5624-78a3-89c7-36e649258a50
018e7f1e-b0e8-77f1-abd1-1e2a9651863a	018e7f1e-b0de-79ff-9acd-9f0f5663bfc2
018e7f1e-b0ea-71d3-87e5-01affdbc78d7	018e7f1e-b0de-79ff-9acd-9f0f5663bfc2
018e7f38-5675-7c01-9ca1-d384678dbffc	018e7f1e-b0de-79ff-9acd-9f0f5663bfc2
018e7f38-5675-7449-9d79-f2cb15b6fb81	018e7f1e-b0de-79ff-9acd-9f0f5663bfc2
018e7f38-86d3-73bf-9381-a72b46969bc1	018e7f1e-b0de-79ff-9acd-9f0f5663bfc2
018e7f8c-a20f-7e19-89b9-8944d23bf40b	018e7f8c-a20f-7ff5-909d-a97a037fe67a
018e7f8c-a20f-7255-8ed6-5806d078709d	018e7f8c-a20f-7ff5-909d-a97a037fe67a
018e7f8d-8e36-77fa-82a3-792654f6b67d	018e7f8c-a20f-7ff5-909d-a97a037fe67a
018e7f8d-8e37-7551-9b72-63fcedaac440	018e7f8c-a20f-7ff5-909d-a97a037fe67a
018e7f8d-aacd-7114-a789-95329c2ce8ad	018e7f8c-a20f-7ff5-909d-a97a037fe67a
018e7f90-0900-7f13-a975-f6b2ff313cd6	018e7f90-0900-772c-be4f-0f2b92770859
018e7f90-0901-711d-90b7-5f814f8a866a	018e7f90-0900-772c-be4f-0f2b92770859
018e7f9d-bdfc-7718-ac27-40e469a21db2	018e7f9d-bdfc-7b7d-894b-80ca5a41bb74
018e7f9d-bdfc-7306-bb6d-3cf299b5cbc7	018e7f9d-bdfc-7b7d-894b-80ca5a41bb74
018e7f9e-3f4c-7945-831a-73bacabeec76	018e7f9d-bdfc-7b7d-894b-80ca5a41bb74
018e7f9e-3f4c-7762-9717-b7c92126962c	018e7f9d-bdfc-7b7d-894b-80ca5a41bb74
018e8404-6b9c-7832-a926-c2db16012b9d	018e8404-6b8a-7699-9847-6100d2e5b9e0
018e8404-6b9f-77c0-8038-b3b857a35f4a	018e8404-6b8a-7699-9847-6100d2e5b9e0
018e8545-8af4-7cba-bfef-399c9bf4ecb3	018e61e1-d224-76dd-95aa-4fa7dfe22816
018e8545-8afb-7c67-adbb-f438555ee023	018e61e1-d224-76dd-95aa-4fa7dfe22816
018e8545-8b01-76a0-986e-ea296a6585a4	018e61e1-d224-76dd-95aa-4fa7dfe22816
018e8545-8b05-7ee0-964e-cc2711e1aaf0	018e61e1-d224-76dd-95aa-4fa7dfe22816
018e855f-f198-7309-ab69-0f2364779305	018e855f-f18e-70b5-a728-d1622df9ed8e
018e855f-f199-7b2c-870a-8ef8cb2c6c99	018e855f-f18e-70b5-a728-d1622df9ed8e
018e8561-f1be-7605-90bc-16659f4abe7c	018e8561-f1b3-76c9-bdea-acc905e43adf
018e8561-f1bf-7d88-a8fc-d042df119c67	018e8561-f1b3-76c9-bdea-acc905e43adf
018e8562-6993-7280-9a0e-699fa2d3d1aa	018e8561-f1b3-76c9-bdea-acc905e43adf
018e8562-6993-7025-8a49-d8daa6bbad69	018e8561-f1b3-76c9-bdea-acc905e43adf
018e856b-2b03-7a62-ba21-184d077af500	018e856b-2afa-729b-82e5-51cf2557e641
018e856b-2b05-742b-bee4-44eb32a30cbb	018e856b-2afa-729b-82e5-51cf2557e641
018e857b-bad6-74bf-baf9-314b62113b91	018e857b-bacc-7ec1-a1d0-9aadc458f24f
018e857b-bad8-75ce-b83d-381c6642389a	018e857b-bacc-7ec1-a1d0-9aadc458f24f
018e8581-a868-7b73-9d5c-bb33172894ee	018e857b-bacc-7ec1-a1d0-9aadc458f24f
018e8581-a868-767d-ae3e-d8cae764ddd6	018e857b-bacc-7ec1-a1d0-9aadc458f24f
018e8581-f92a-7047-b00a-5bdd5365a12f	018e857b-bacc-7ec1-a1d0-9aadc458f24f
018e8582-c988-742c-a501-8de1c5463f73	018e8582-c988-7609-b68d-8c2956410c2f
018e8582-c988-75e9-8d7c-7ded79862e13	018e8582-c988-7609-b68d-8c2956410c2f
018e8582-c9d0-736c-aa60-acd8567eb28e	018e8582-c988-7609-b68d-8c2956410c2f
018e8582-c9d7-797b-962e-f189d829d365	018e8582-c988-7609-b68d-8c2956410c2f
018e8582-c9e0-7234-92e3-9e11c0ae60c3	018e8582-c988-7609-b68d-8c2956410c2f
018e8582-c9e5-78be-a742-91dbe9eb9d52	018e8582-c988-7609-b68d-8c2956410c2f
018e8583-ba17-7254-9666-95587ce3e88b	018e8582-c988-7609-b68d-8c2956410c2f
018e8583-ba18-75eb-b6af-95cc7bce8857	018e8582-c988-7609-b68d-8c2956410c2f
018e8590-b78a-7d04-92f1-1d131612df93	018e8590-b77f-78a9-b18b-963473d8d21d
018e8590-b78b-712a-b6b0-993821f5f7cb	018e8590-b77f-78a9-b18b-963473d8d21d
018e85bc-ea8f-774a-868a-7402522498f6	018e85bc-ea85-7407-8282-fb09f8d6b400
018e85bc-ea91-7d83-8491-c36a93ca6b81	018e85bc-ea85-7407-8282-fb09f8d6b400
018e892a-f542-784c-9097-e5d5c830a820	018e8582-c988-7609-b68d-8c2956410c2f
018e892a-f54e-7826-820a-f5b3a7b2dabb	018e8582-c988-7609-b68d-8c2956410c2f
018e892a-f551-7786-9ad7-f0f43de46e19	018e8582-c988-7609-b68d-8c2956410c2f
018e892a-f553-7142-9c34-25c884be6354	018e8582-c988-7609-b68d-8c2956410c2f
018e892a-f5b6-70b1-9ac6-9bd4eb9498c4	018e8582-c988-7609-b68d-8c2956410c2f
018e892a-f640-7b45-8a80-8fde2832099f	018e8582-c988-7609-b68d-8c2956410c2f
018e8a26-d33b-74b5-8649-f4f0014ef68b	018e8a26-d33a-748c-9784-0980ddf014d9
018e8a26-d33b-7b7d-812b-46cfd4ca8c1c	018e8a26-d33a-748c-9784-0980ddf014d9
018e8aa0-8106-7e28-86d7-b670bbf09976	018e8aa0-8105-77b0-a5c2-6a8cfc18513b
018e8aa0-8107-7965-9633-890a1c35c043	018e8aa0-8105-77b0-a5c2-6a8cfc18513b
018e8aaf-b145-7254-b4fd-c248a4cde7b0	018e8aaf-b144-7d38-b26d-b8793de8785b
018e8aaf-b145-779e-b28f-90cca244ca7f	018e8aaf-b144-7d38-b26d-b8793de8785b
018e8abf-3936-7b9b-88af-f02cf4a28bf7	018e8abf-3935-7586-b28a-73cc454d16f6
018e8abf-3936-76e6-9cd1-c96b976320ef	018e8abf-3935-7586-b28a-73cc454d16f6
018e8ac2-0bb9-7b24-9487-c2ff0ccb8fe8	018e8ac2-0b95-71a2-8e4d-05f32b96917e
018e8ac2-0bc4-7288-8a93-2ce056c11e3b	018e8ac2-0b95-71a2-8e4d-05f32b96917e
018e8ac3-cd85-74e2-9f05-c238b06dcd4f	018e8ac3-cd72-79a8-8dc6-e321e16b96d4
018e8ac3-cd88-7228-8ce6-862cb523ed1f	018e8ac3-cd72-79a8-8dc6-e321e16b96d4
018e8ad3-8b3c-7928-b96f-ac3ad1abc2d2	018e8ac3-cd72-79a8-8dc6-e321e16b96d4
018e8ad3-8b3d-76cd-acd7-5e792350a2cd	018e8ac3-cd72-79a8-8dc6-e321e16b96d4
018e8afb-87a8-7c37-9cb9-c92b3d8dd223	018e61e1-d224-76dd-95aa-4fa7dfe22816
018e8afb-87a9-7a2a-a227-19fef97c26bb	018e61e1-d224-76dd-95aa-4fa7dfe22816
018e8afc-dc64-7d12-970c-2b90d288804e	018e61e1-d224-76dd-95aa-4fa7dfe22816
018e8afd-8bd7-7eb6-8eca-8201421b2953	018e8afd-8bd7-71e0-acdf-2aa8c6636361
018e8afd-8bd7-71d9-b8cb-4dfb9629b8f3	018e8afd-8bd7-71e0-acdf-2aa8c6636361
018e8b04-a753-7825-95fd-eb85e7e0ab71	018e8afd-8bd7-71e0-acdf-2aa8c6636361
018e8b0b-1058-723d-8674-884ceff6ea04	018e8afd-8bd7-71e0-acdf-2aa8c6636361
018f4de4-fea8-7164-b9bf-6ad784077e61	018e7f9d-bdfc-7b7d-894b-80ca5a41bb74
018f4e5f-ef07-75c9-afb5-d242340602bf	018e8abf-3935-7586-b28a-73cc454d16f6
018f4e5f-ef07-7462-8ff3-e53fa26d1e9d	018e8abf-3935-7586-b28a-73cc454d16f6
018f4e5f-ef07-7303-a3a5-4087a4d6a7f8	018e8abf-3935-7586-b28a-73cc454d16f6
018f57b1-7782-7382-b9eb-d78fe32dd872	018f57b1-773f-7d5d-a276-13fca386d89e
018f57b1-778b-7658-9e4a-deecef504ad1	018f57b1-773f-7d5d-a276-13fca386d89e
018f57b1-778f-7836-a3c9-07b57a4597a8	018f57b1-773f-7d5d-a276-13fca386d89e
018fdd0c-24ff-79dd-a842-01db99abc88e	018e7f9d-bdfc-7b7d-894b-80ca5a41bb74
018ff2fa-5ed9-7fd6-bb2d-4e15dd058391	018ff2fa-5ecb-75d6-9efd-f5a32254ddb4
018ff2fa-5edc-793b-896c-b69b35c13e2f	018ff2fa-5ecb-75d6-9efd-f5a32254ddb4
018ff304-7d21-7d40-b25d-6e5946e8a46c	018ff304-7d21-7752-a794-30ab79bfa7d6
018ff304-7d21-766b-b6e2-be579294e95a	018ff304-7d21-7752-a794-30ab79bfa7d6
018ff304-7e30-73d5-9673-664b0e2a4046	018ff304-7d21-7752-a794-30ab79bfa7d6
018ff304-7e3f-717f-8eb2-4fa3db825253	018ff304-7d21-7752-a794-30ab79bfa7d6
018ff304-7e51-7e06-a3e0-81a188f8300f	018ff304-7d21-7752-a794-30ab79bfa7d6
018ff304-7e6c-7963-bcf6-961dba8c6d45	018ff304-7d21-7752-a794-30ab79bfa7d6
018ff305-952c-7135-ae76-97b784721d52	018ff305-952c-70bc-966a-3b8b418f0975
018ff305-952d-713e-9162-c0123338a6f8	018ff305-952c-70bc-966a-3b8b418f0975
018ff305-95d1-7e1a-9d00-3be580b9f98b	018ff305-952c-70bc-966a-3b8b418f0975
018ff305-95d2-753c-af6f-633175ab07e3	018ff305-952c-70bc-966a-3b8b418f0975
018ff305-95d5-76e6-90ff-0e359d6d1076	018ff305-952c-70bc-966a-3b8b418f0975
018ff305-95e3-7f5a-8a1e-1c091d591fab	018ff305-952c-70bc-966a-3b8b418f0975
018ff307-5a89-773a-98e1-6bdeaa3c3501	018ff307-5a88-7743-9b71-f327c122200d
018ff307-5a89-7292-82e4-8f50f9f77745	018ff307-5a88-7743-9b71-f327c122200d
018ff307-5b3c-7507-8d7f-5f2ba8ce0a84	018ff307-5a88-7743-9b71-f327c122200d
018ff307-5b41-731f-84c7-366069c43ba2	018ff307-5a88-7743-9b71-f327c122200d
018ff307-5b4b-7cf9-83e5-243cadbf9bd5	018ff307-5a88-7743-9b71-f327c122200d
018ff307-5b5c-77a0-9fc8-51d44862518e	018ff307-5a88-7743-9b71-f327c122200d
01900157-ca25-76b4-95bd-cde8b1cf4044	01900157-ca1a-7d0c-9ef0-376765909310
01900157-ca25-7dc8-bb36-c841a9241938	01900157-ca1a-7d0c-9ef0-376765909310
01900157-cad9-736b-be55-b18c9dfa2e37	01900157-ca1a-7d0c-9ef0-376765909310
01900157-cae0-7a3d-9065-62aa5efb4a23	01900157-ca1a-7d0c-9ef0-376765909310
01900157-caed-72a8-8e25-ce83938fd491	01900157-ca1a-7d0c-9ef0-376765909310
01900157-caf7-7888-abd6-b726f20283b8	01900157-ca1a-7d0c-9ef0-376765909310
01900165-e3fe-7417-8dd2-07df15c4a57f	01900165-e3fd-7c77-ac6c-c407670e7452
01900165-e3fe-70d9-b539-c8405ea64113	01900165-e3fd-7c77-ac6c-c407670e7452
01900165-e465-7cea-8968-c241c3263b53	01900165-e3fd-7c77-ac6c-c407670e7452
01900165-e46a-774d-b8df-2b60bca105b4	01900165-e3fd-7c77-ac6c-c407670e7452
01900165-e46e-7352-9b3c-22e17e1386d5	01900165-e3fd-7c77-ac6c-c407670e7452
01900165-e474-746b-a497-c616ca668fcf	01900165-e3fd-7c77-ac6c-c407670e7452
0190016a-02ae-74d4-919e-6225e41533ee	0190016a-02ae-737d-a612-d920568bca3b
0190016a-02ae-7373-8929-adebadf90178	0190016a-02ae-737d-a612-d920568bca3b
0190016a-031c-760f-b2b1-af0e57a9a674	0190016a-02ae-737d-a612-d920568bca3b
0190016a-0321-7993-81dc-698e6860631b	0190016a-02ae-737d-a612-d920568bca3b
0190016a-0323-7750-b1d6-0bb8854465eb	0190016a-02ae-737d-a612-d920568bca3b
0190016a-032d-7408-ba2d-fd9241115a9e	0190016a-02ae-737d-a612-d920568bca3b
01900171-5864-7847-8baa-b09bcac2bdd0	01900171-5864-7a14-824f-be47f3665a75
01900171-5864-7808-a239-7740b4220610	01900171-5864-7a14-824f-be47f3665a75
01900171-58ad-7a4d-9d2b-cca1972fe199	01900171-5864-7a14-824f-be47f3665a75
01900171-58b1-7cda-a9dc-9eafd1a4d491	01900171-5864-7a14-824f-be47f3665a75
01900171-58b3-76d4-9ecb-7c824e7bde5d	01900171-5864-7a14-824f-be47f3665a75
01900171-58bc-7615-88ba-d946bb64e32b	01900171-5864-7a14-824f-be47f3665a75
01900176-e5bd-7a04-a660-34292715ad29	01900176-e5bd-7400-ae7c-4d930bf27269
01900176-e5be-7162-bc06-db4905311c7d	01900176-e5bd-7400-ae7c-4d930bf27269
01900176-e60b-79e6-869f-38fa7a3d592c	01900176-e5bd-7400-ae7c-4d930bf27269
01900176-e60e-7cbe-92d5-f220dcb2b77b	01900176-e5bd-7400-ae7c-4d930bf27269
01900176-e611-7653-a21f-cee383b3e5ca	01900176-e5bd-7400-ae7c-4d930bf27269
01900176-e616-7215-9bf7-5b3ef159b4ee	01900176-e5bd-7400-ae7c-4d930bf27269
01900177-7db9-7a40-9d1f-f6aa566027ad	01900177-7db9-740f-a139-ed6a0806272a
01900177-7db9-747b-aca7-061b68519e6d	01900177-7db9-740f-a139-ed6a0806272a
01900177-7e1e-7f2b-a0d4-30eee62ac2e5	01900177-7db9-740f-a139-ed6a0806272a
01900177-7e20-7387-919d-7b2525aae983	01900177-7db9-740f-a139-ed6a0806272a
01900177-7e22-75f9-9313-e84af22854e1	01900177-7db9-740f-a139-ed6a0806272a
01900177-7e29-73c2-ae9e-f7da996ec8e6	01900177-7db9-740f-a139-ed6a0806272a
01900178-a338-7881-8900-423d5743dd21	01900178-a338-70b9-9b0a-81e8a41253ec
01900178-a338-7571-aadd-ef3813865c2b	01900178-a338-70b9-9b0a-81e8a41253ec
01900178-a39d-7deb-b2cd-120a82a52e5c	01900178-a338-70b9-9b0a-81e8a41253ec
01900178-a3a4-709b-890d-5f9b15750769	01900178-a338-70b9-9b0a-81e8a41253ec
01900178-a3a6-7381-a2d3-8241ed5fade4	01900178-a338-70b9-9b0a-81e8a41253ec
01900178-a3b7-7daa-89f2-2471219c4586	01900178-a338-70b9-9b0a-81e8a41253ec
019001ea-72f6-70c2-a4fb-a2e874c8b5a3	019001ea-72f5-7b13-b0d5-8e20a4977a6d
019001ea-72f6-75c6-bb29-7d0abd55b937	019001ea-72f5-7b13-b0d5-8e20a4977a6d
019001ea-732d-7176-96f0-8e44a2f844d8	019001ea-72f5-7b13-b0d5-8e20a4977a6d
019001ea-732f-7531-b16f-cc0cf96cb408	019001ea-72f5-7b13-b0d5-8e20a4977a6d
019001ea-7331-7d17-8939-8622a12cbe8b	019001ea-72f5-7b13-b0d5-8e20a4977a6d
019001ea-7337-7949-aecd-f224cd16f575	019001ea-72f5-7b13-b0d5-8e20a4977a6d
0190020d-c8ce-727b-95b7-099a638371fc	0190020d-c8ce-70ed-88a5-9ae4f3c087ce
0190020d-c8ce-7936-91c7-70f60caecb92	0190020d-c8ce-70ed-88a5-9ae4f3c087ce
0190020d-c925-725a-b331-540f828793f0	0190020d-c8ce-70ed-88a5-9ae4f3c087ce
0190020d-c929-7a51-af55-d70bac33d23e	0190020d-c8ce-70ed-88a5-9ae4f3c087ce
0190020d-c92c-7941-8672-de6b6948dfc4	0190020d-c8ce-70ed-88a5-9ae4f3c087ce
0190020d-c932-7b13-903f-a7d2a91ed289	0190020d-c8ce-70ed-88a5-9ae4f3c087ce
0190020f-6d3c-722b-80e4-e5f3dd2602e2	0190020f-6d3c-752e-b3b7-0f83b9e60a24
0190020f-6d3c-7ea2-8833-27d0cdf84e7d	0190020f-6d3c-752e-b3b7-0f83b9e60a24
0190020f-6da5-7434-8bde-87fa6c23a1ac	0190020f-6d3c-752e-b3b7-0f83b9e60a24
0190020f-6da6-7a52-8293-969befcba3b9	0190020f-6d3c-752e-b3b7-0f83b9e60a24
0190020f-6da9-7dc4-8dd3-8b5514ea0bae	0190020f-6d3c-752e-b3b7-0f83b9e60a24
0190020f-6db1-706a-b509-3a0661662a07	0190020f-6d3c-752e-b3b7-0f83b9e60a24
01900211-de2f-7803-afcd-4c73a01f4e7b	01900211-de2f-7205-bb11-a533725f0a76
01900211-de2f-7bd0-a1dd-f0c71fd3159b	01900211-de2f-7205-bb11-a533725f0a76
01900211-de86-726c-a7a8-4468906d2905	01900211-de2f-7205-bb11-a533725f0a76
01900211-de89-79d6-a526-cbd62100ae77	01900211-de2f-7205-bb11-a533725f0a76
01900211-de8b-784b-9716-bc76fe8757e0	01900211-de2f-7205-bb11-a533725f0a76
01900211-de91-711e-b2b3-1e389b3d40aa	01900211-de2f-7205-bb11-a533725f0a76
01900214-f7a6-795c-9f58-72f979832a1d	01900214-f7a6-7010-8f57-f9814011b9f1
01900214-f7a6-743b-82ea-fa0104487a2f	01900214-f7a6-7010-8f57-f9814011b9f1
01900214-f7df-7264-861a-4691b20d9c94	01900214-f7a6-7010-8f57-f9814011b9f1
01900214-f7e0-7c94-8a4a-590839662d2d	01900214-f7a6-7010-8f57-f9814011b9f1
01900214-f7e1-7076-9437-bb9255ca25b8	01900214-f7a6-7010-8f57-f9814011b9f1
01900214-f7e4-7dce-8035-d7b9a579333f	01900214-f7a6-7010-8f57-f9814011b9f1
01900217-9e32-7ce5-993b-5b4718160cf8	01900217-9e32-7c67-b81b-91397d61fc23
01900217-9e32-7722-b0af-97054561a36a	01900217-9e32-7c67-b81b-91397d61fc23
01900217-9e76-7a55-aa75-a1903995e763	01900217-9e32-7c67-b81b-91397d61fc23
01900217-9e7a-789d-be6b-ed8929c10fb3	01900217-9e32-7c67-b81b-91397d61fc23
01900217-9e82-7370-a388-498be9bb4f6f	01900217-9e32-7c67-b81b-91397d61fc23
01900217-9e8b-746c-bcdb-57bf4b027985	01900217-9e32-7c67-b81b-91397d61fc23
0190021b-01bb-7521-a79b-ac4c62c03c20	0190021b-01bb-7c50-9e55-497351217413
0190021b-01bb-74e4-8d58-ed3f0edd01d3	0190021b-01bb-7c50-9e55-497351217413
0190021b-01ef-7694-af25-d97dba79e94a	0190021b-01bb-7c50-9e55-497351217413
0190021b-01f1-713d-ae95-738e9b8633d3	0190021b-01bb-7c50-9e55-497351217413
0190021b-01f7-7756-abc0-b9f78690421c	0190021b-01bb-7c50-9e55-497351217413
0190021b-01fc-7b45-aa36-fa420c197cf5	0190021b-01bb-7c50-9e55-497351217413
0190021f-55fa-7e92-bf7d-5828e8adec6c	0190021f-55fa-7682-af92-3c52a4bb73ce
0190021f-55fa-7cde-8f03-ac35f9d99ea9	0190021f-55fa-7682-af92-3c52a4bb73ce
0190021f-562e-72e7-a20d-5fc6d38f6f58	0190021f-55fa-7682-af92-3c52a4bb73ce
0190021f-5630-7aba-9421-f4024d850277	0190021f-55fa-7682-af92-3c52a4bb73ce
0190021f-5632-760d-8b6e-1b05570b9c0d	0190021f-55fa-7682-af92-3c52a4bb73ce
0190021f-563a-79bf-839c-2c3f1af048d4	0190021f-55fa-7682-af92-3c52a4bb73ce
0190022e-efdd-783f-a10f-187fe33ea1b2	0190022e-efdd-7be0-9c18-ec420b3a5e99
0190022e-efde-7c0a-b9d3-2f701b274cec	0190022e-efdd-7be0-9c18-ec420b3a5e99
0190022e-f015-7bd6-ade1-4a38d8083bbb	0190022e-efdd-7be0-9c18-ec420b3a5e99
0190022e-f017-7f00-abf3-c4bb078f1073	0190022e-efdd-7be0-9c18-ec420b3a5e99
0190022e-f018-7082-a6cf-e7297b7e9dd1	0190022e-efdd-7be0-9c18-ec420b3a5e99
0190022e-f021-713e-a455-8350b5c73baf	0190022e-efdd-7be0-9c18-ec420b3a5e99
0190022f-f5d8-7fa6-aaa8-62cd59d5c4f8	0190022f-f5d8-7594-864a-7cb144468b2a
0190022f-f5d8-78cb-81c9-778ee623b08d	0190022f-f5d8-7594-864a-7cb144468b2a
0190022f-f60f-7fec-bace-c6f951e1810a	0190022f-f5d8-7594-864a-7cb144468b2a
0190022f-f613-74ec-b9d2-8d15c3f964d2	0190022f-f5d8-7594-864a-7cb144468b2a
0190022f-f614-770b-b491-a8107694964d	0190022f-f5d8-7594-864a-7cb144468b2a
0190022f-f61a-71ac-b8f3-570f0fa68d83	0190022f-f5d8-7594-864a-7cb144468b2a
01900231-0260-7768-926c-a26bc2cc9fb9	01900231-0260-75a2-a203-0537371f6303
01900231-0260-74e3-914f-14fc7ce2d589	01900231-0260-75a2-a203-0537371f6303
01900231-0291-77a9-bdaf-bd342929e891	01900231-0260-75a2-a203-0537371f6303
01900231-0293-7446-b8bc-34965700370b	01900231-0260-75a2-a203-0537371f6303
01900231-0298-712c-a3f9-7b8fcbaa31c8	01900231-0260-75a2-a203-0537371f6303
01900231-029f-7a9d-b3aa-dc06de154d9b	01900231-0260-75a2-a203-0537371f6303
0190023c-a096-71d9-8ca9-bcc595f33d6f	0190023c-a096-7bd7-8aed-5bc4bfbc0a33
0190023c-a096-7c89-9bf5-7c9ca7387035	0190023c-a096-7bd7-8aed-5bc4bfbc0a33
0190023c-a0e9-702f-ba6f-f6d896d5354a	0190023c-a096-7bd7-8aed-5bc4bfbc0a33
0190023c-a0ea-7b08-81e0-05cb032ad1be	0190023c-a096-7bd7-8aed-5bc4bfbc0a33
0190023c-a0eb-7712-a98a-6e0b2d650f71	0190023c-a096-7bd7-8aed-5bc4bfbc0a33
0190023c-a0ed-7d31-9a4b-0cd7e3db8df3	0190023c-a096-7bd7-8aed-5bc4bfbc0a33
01900231-c01d-7608-8bfc-953aab2933fa	01900231-c01d-790d-a094-d8749aaf6ec2
01900231-c01d-7cbc-991d-291b604242b6	01900231-c01d-790d-a094-d8749aaf6ec2
01900231-c076-79cb-9f2d-61981c45d59e	01900231-c01d-790d-a094-d8749aaf6ec2
01900231-c079-7341-b3c3-ce526e758b17	01900231-c01d-790d-a094-d8749aaf6ec2
01900231-c07a-7bd1-94c9-16840a2dcf6f	01900231-c01d-790d-a094-d8749aaf6ec2
01900231-c081-7b4e-87a2-36c49185ad74	01900231-c01d-790d-a094-d8749aaf6ec2
01900232-5bf2-7721-86b2-1886149a9f6a	01900232-5bf1-7892-83ea-6d02c5dddca1
01900232-5bf2-7dda-a25a-490fd391a4cf	01900232-5bf1-7892-83ea-6d02c5dddca1
01900232-5c33-76fb-8d14-64c7f830dbf6	01900232-5bf1-7892-83ea-6d02c5dddca1
01900232-5c34-7629-bd4f-324ad4990aa4	01900232-5bf1-7892-83ea-6d02c5dddca1
01900232-5c35-7920-b002-e4dd86771999	01900232-5bf1-7892-83ea-6d02c5dddca1
01900232-5c39-785d-9f8b-1cba8dfe1790	01900232-5bf1-7892-83ea-6d02c5dddca1
0190023a-e36f-7ec6-921f-7222ee24fefe	0190023a-e36f-746b-b42b-11164ab3d23e
0190023a-e370-7fec-8e41-2fafd29a191e	0190023a-e36f-746b-b42b-11164ab3d23e
0190023a-e3e9-7681-80e4-3fb3cc284f51	0190023a-e36f-746b-b42b-11164ab3d23e
0190023a-e3ea-7d7d-931a-0c994202e4c0	0190023a-e36f-746b-b42b-11164ab3d23e
0190023a-e3eb-7ee6-b7b9-f8859e9e03cf	0190023a-e36f-746b-b42b-11164ab3d23e
0190023a-e3ee-7013-9d37-905b52962ede	0190023a-e36f-746b-b42b-11164ab3d23e
0190023b-c131-7ab1-acb7-bcb70d47e6a0	0190023b-c131-7a12-85d6-4283e13040ae
0190023b-c131-7953-be79-98eed72b10a9	0190023b-c131-7a12-85d6-4283e13040ae
0190023b-c19c-7d59-9aca-50cc099f958f	0190023b-c131-7a12-85d6-4283e13040ae
0190023b-c19f-7187-bd96-b6c8e4efe605	0190023b-c131-7a12-85d6-4283e13040ae
0190023b-c1a3-70d7-ae90-e352bfa8716d	0190023b-c131-7a12-85d6-4283e13040ae
0190023b-c1a7-7366-be5f-77ea84d6f8d5	0190023b-c131-7a12-85d6-4283e13040ae
0190023e-8de3-7e00-921a-c2a6f39d82c0	0190023e-8de3-7c06-b9c3-db8ff8f2dbef
0190023e-8de3-7187-b933-0561573ba702	0190023e-8de3-7c06-b9c3-db8ff8f2dbef
0190023e-8e4e-7a09-9424-45fc9f1b1f89	0190023e-8de3-7c06-b9c3-db8ff8f2dbef
0190023e-8e54-7a4e-86e3-c6bca96ff120	0190023e-8de3-7c06-b9c3-db8ff8f2dbef
0190023e-8e57-782d-ba7c-d5f69ac1b6ec	0190023e-8de3-7c06-b9c3-db8ff8f2dbef
0190023e-8e5b-7429-8dad-e3b1c94fbcc2	0190023e-8de3-7c06-b9c3-db8ff8f2dbef
01900243-87f4-7ce5-a3e6-6859ce3f57ef	01900243-87f4-7128-be39-608e2ee91e40
01900243-87f4-7f73-80d6-3837a993a75d	01900243-87f4-7128-be39-608e2ee91e40
01900243-8877-7459-9e8a-3e925b24a5b4	01900243-87f4-7128-be39-608e2ee91e40
01900243-8879-7a0c-aa47-a46fc43103c8	01900243-87f4-7128-be39-608e2ee91e40
01900243-887b-7ebf-87ff-69a33dad8465	01900243-87f4-7128-be39-608e2ee91e40
01900243-8883-7318-adb8-b5a8f593e977	01900243-87f4-7128-be39-608e2ee91e40
01900244-c2e1-75fc-8b55-c32627e04991	01900244-c2e1-7719-adbb-01ec2d2ca73b
01900244-c2e1-7bd7-85ea-132c3f1c63c1	01900244-c2e1-7719-adbb-01ec2d2ca73b
01900244-c33c-75a3-a18e-29dcb918c5ad	01900244-c2e1-7719-adbb-01ec2d2ca73b
01900244-c33f-78c0-8618-932cf3602455	01900244-c2e1-7719-adbb-01ec2d2ca73b
01900244-c342-72a5-8515-87b2ce7aa049	01900244-c2e1-7719-adbb-01ec2d2ca73b
01900244-c346-7c45-bac6-4e5dd960eb6e	01900244-c2e1-7719-adbb-01ec2d2ca73b
019002d0-5bf1-74dc-ada9-e0660d7c4317	019002d0-5bf1-7807-8a77-528f6e58bc15
019002d0-5bf1-7e8c-8ec8-acf5b4ca6c57	019002d0-5bf1-7807-8a77-528f6e58bc15
019002d0-5c24-7432-9fb6-cbe0fe002cdd	019002d0-5bf1-7807-8a77-528f6e58bc15
019002d0-5c25-711d-84c5-37d725a79c40	019002d0-5bf1-7807-8a77-528f6e58bc15
019002d0-5c26-7196-83dd-a3cc7479b4e3	019002d0-5bf1-7807-8a77-528f6e58bc15
019002d0-5c29-7dac-9545-cb5b144d389c	019002d0-5bf1-7807-8a77-528f6e58bc15
019002d3-0ce8-7afc-8901-8f7333598585	019002d3-0ce8-7d9c-bdd5-5213ff89182c
019002d3-0ce8-781c-a8fc-b01925c826dd	019002d3-0ce8-7d9c-bdd5-5213ff89182c
019002d3-0d19-71b7-974c-8712ab90bba8	019002d3-0ce8-7d9c-bdd5-5213ff89182c
019002d3-0d1a-7d31-824b-dffd8988ff58	019002d3-0ce8-7d9c-bdd5-5213ff89182c
019002d3-0d1b-7873-a400-87ac79b7a492	019002d3-0ce8-7d9c-bdd5-5213ff89182c
019002d3-0d1f-7cac-a548-c2e7a5e9bf5e	019002d3-0ce8-7d9c-bdd5-5213ff89182c
019002d4-a001-7bd3-91ee-c84b409325cd	019002d4-a001-747a-8c82-b37feb482e6c
019002d4-a001-723a-b300-9be7be1a2388	019002d4-a001-747a-8c82-b37feb482e6c
019002d4-a02c-70e2-962d-de05831102ba	019002d4-a001-747a-8c82-b37feb482e6c
019002d4-a02e-726e-911b-5457c7c56aca	019002d4-a001-747a-8c82-b37feb482e6c
019002d4-a030-7f4c-b65d-51d7b53be98d	019002d4-a001-747a-8c82-b37feb482e6c
019002d4-a036-7340-825e-80cf66a2f638	019002d4-a001-747a-8c82-b37feb482e6c
01900396-85e8-7c9e-8cb6-55121b2c71ca	01900396-85df-7af3-8ef0-5ba3eff61f8c
01900396-85e8-7c96-b65f-d28fbcc818c5	01900396-85df-7af3-8ef0-5ba3eff61f8c
01900396-868e-789c-a4be-f4a14c635dd2	01900396-85df-7af3-8ef0-5ba3eff61f8c
01900396-869d-7724-926e-0bd77126e171	01900396-85df-7af3-8ef0-5ba3eff61f8c
01900396-86a3-70a5-8712-8dc945000802	01900396-85df-7af3-8ef0-5ba3eff61f8c
01900396-86ae-7ee8-b684-0cb312e015c2	01900396-85df-7af3-8ef0-5ba3eff61f8c
01900397-bbc5-73d7-8f31-ecdac84693b3	01900397-bbc5-7b9f-a282-6c9d3cf92918
01900397-bbc5-79c9-8649-2aa88b80c0ad	01900397-bbc5-7b9f-a282-6c9d3cf92918
01900397-bc07-7041-824a-f58c5f2a3fcf	01900397-bbc5-7b9f-a282-6c9d3cf92918
01900397-bc09-7d24-bbe7-3b19cfcb9156	01900397-bbc5-7b9f-a282-6c9d3cf92918
01900397-bc0b-7c9d-976f-0bbf8cb07b5b	01900397-bbc5-7b9f-a282-6c9d3cf92918
01900397-bc0e-744c-8eff-29d94d28a22a	01900397-bbc5-7b9f-a282-6c9d3cf92918
01900718-038e-758c-9ee8-80bdae29f13a	01900718-0385-720e-a32d-93fb5460794d
01900718-038f-7df4-aa65-d08711df5560	01900718-0385-720e-a32d-93fb5460794d
01900718-044a-7ff7-a39e-37d542229ccb	01900718-0385-720e-a32d-93fb5460794d
01900718-0457-7e6a-a0d4-a2f2e607b5bd	01900718-0385-720e-a32d-93fb5460794d
01900718-045c-7b1d-be7e-8cb93aa21747	01900718-0385-720e-a32d-93fb5460794d
01900718-0464-77f7-ac93-2991bd617cf4	01900718-0385-720e-a32d-93fb5460794d
0190071a-0a6c-70ab-8fff-dfaeabbd1c1a	0190071a-0a6c-7c5d-9b84-aa8d6ca15254
0190071a-0a6d-7d5a-997c-921894749875	0190071a-0a6c-7c5d-9b84-aa8d6ca15254
0190071a-0af2-759a-8d48-85dcf6abc13c	0190071a-0a6c-7c5d-9b84-aa8d6ca15254
0190071a-0af4-7aee-bc88-5d9ea2734a72	0190071a-0a6c-7c5d-9b84-aa8d6ca15254
0190071a-0af7-70f8-85a3-bcc2b58ee31a	0190071a-0a6c-7c5d-9b84-aa8d6ca15254
0190071a-0b00-74d5-b36e-53189c7f6f8e	0190071a-0a6c-7c5d-9b84-aa8d6ca15254
0190071e-f432-7097-8435-1cd0c6fd46a0	0190071e-f431-7db5-8b40-05a407c843d7
0190071e-f432-70d2-b6d9-6324d07bdb52	0190071e-f431-7db5-8b40-05a407c843d7
0190071e-f4ce-7257-950f-e964914dfdf2	0190071e-f431-7db5-8b40-05a407c843d7
0190071e-f4d4-79fc-abaa-e851448bfdbb	0190071e-f431-7db5-8b40-05a407c843d7
0190071e-f4da-7ba6-beac-44dc588b58c1	0190071e-f431-7db5-8b40-05a407c843d7
0190071e-f4e5-77c6-8a3d-a39ff03e63d3	0190071e-f431-7db5-8b40-05a407c843d7
01900720-1c61-7feb-af0c-32d518323638	01900720-1c61-7e71-9ba0-d6c778638787
01900720-1c61-7a9d-a0b5-82019f724c5e	01900720-1c61-7e71-9ba0-d6c778638787
01900720-1d3f-792a-ae58-7d0bd91fd22a	01900720-1c61-7e71-9ba0-d6c778638787
01900720-1d42-7155-bae3-0889c3e4cbc5	01900720-1c61-7e71-9ba0-d6c778638787
01900720-1d4d-7095-9e6b-875063485d18	01900720-1c61-7e71-9ba0-d6c778638787
01900720-1d54-7689-8fb3-630a79926a8d	01900720-1c61-7e71-9ba0-d6c778638787
01900721-ea95-7f92-96a8-a0cb207afe90	01900721-ea95-7f44-a2c5-6ba1dc3fe7e2
01900721-ea96-7813-b35c-953fddb9cf94	01900721-ea95-7f44-a2c5-6ba1dc3fe7e2
01900721-eae9-7b35-9661-a2e2ee438969	01900721-ea95-7f44-a2c5-6ba1dc3fe7e2
01900721-eaea-7435-870a-bcc60bb8b4f3	01900721-ea95-7f44-a2c5-6ba1dc3fe7e2
01900721-eaf0-73c9-b708-9f98d5934035	01900721-ea95-7f44-a2c5-6ba1dc3fe7e2
01900721-eaf9-7c20-8176-80997a5cfd0d	01900721-ea95-7f44-a2c5-6ba1dc3fe7e2
01900726-58cb-7262-9cbb-81d7a4d42362	01900726-58cb-74fd-94e9-053e33f756e3
01900726-58cb-74a3-afce-f55083e0726f	01900726-58cb-74fd-94e9-053e33f756e3
01900726-5934-7e84-80b9-65569033ac7a	01900726-58cb-74fd-94e9-053e33f756e3
01900726-5938-7e9b-8bf5-8ce5a57c130a	01900726-58cb-74fd-94e9-053e33f756e3
01900726-593d-774b-ae93-30866ed6ac96	01900726-58cb-74fd-94e9-053e33f756e3
01900726-5948-7a16-8d23-4ac88a5d1b07	01900726-58cb-74fd-94e9-053e33f756e3
01900739-7129-7015-a838-424d222b9387	01900739-7129-77e9-8d70-1702ef8d3554
01900739-7129-7cbf-b230-fcf393986e6d	01900739-7129-77e9-8d70-1702ef8d3554
01900739-715e-76ab-bdb7-441ecfa6cab0	01900739-7129-77e9-8d70-1702ef8d3554
01900739-7160-72d6-94a1-9fc4c84c3e30	01900739-7129-77e9-8d70-1702ef8d3554
01900739-7161-7079-8f3f-43078255be13	01900739-7129-77e9-8d70-1702ef8d3554
01900739-7164-7ba5-a7f7-fab730e9e0b8	01900739-7129-77e9-8d70-1702ef8d3554
0190073a-0fb2-7b3c-a8c7-09ff305da4c0	0190073a-0fb2-7eb3-bc6d-c1c6cf149abd
0190073a-0fb2-70cc-ab49-14bcd488266d	0190073a-0fb2-7eb3-bc6d-c1c6cf149abd
0190073a-0fe0-7f69-b239-e03cdbf1cd00	0190073a-0fb2-7eb3-bc6d-c1c6cf149abd
0190073a-0fe2-7b96-a271-c2e542b61423	0190073a-0fb2-7eb3-bc6d-c1c6cf149abd
0190073a-0fe4-7ed0-9feb-3a380f9df600	0190073a-0fb2-7eb3-bc6d-c1c6cf149abd
0190073a-0fe8-775a-b58a-af6f330087e2	0190073a-0fb2-7eb3-bc6d-c1c6cf149abd
0190073b-bed9-7c59-a922-c188b71b346a	0190073b-bed8-7444-9aca-440e5f9dc283
0190073b-bed9-7144-a2b1-e14c1bf8738f	0190073b-bed8-7444-9aca-440e5f9dc283
0190073b-bef9-7fa7-a336-9314061fcd69	0190073b-bed8-7444-9aca-440e5f9dc283
0190073b-befb-7ba5-a226-243aa51e1c16	0190073b-bed8-7444-9aca-440e5f9dc283
0190073b-befd-770d-bbea-8c9fc03736b5	0190073b-bed8-7444-9aca-440e5f9dc283
0190073b-bf00-7149-b6cb-97feb0b387bc	0190073b-bed8-7444-9aca-440e5f9dc283
0190074b-9ef5-76b8-ba40-4f58e452d3fd	0190074b-9ef5-769d-8d06-9a2a1a79f838
0190074b-9ef5-77d8-a5a2-f023c68ac578	0190074b-9ef5-769d-8d06-9a2a1a79f838
0190074b-9f1a-7f40-9f07-aa535541f365	0190074b-9ef5-769d-8d06-9a2a1a79f838
0190074b-9f1b-79ab-8539-751acef3e8ab	0190074b-9ef5-769d-8d06-9a2a1a79f838
0190074b-9f1c-73d4-ad7c-3dbeb8eb1a3f	0190074b-9ef5-769d-8d06-9a2a1a79f838
0190074b-9f1f-78c6-a689-114d9a992d47	0190074b-9ef5-769d-8d06-9a2a1a79f838
01900770-9bec-7315-8de0-ec01bfea203e	01900770-9bec-72ff-a739-ab3ecf534b97
01900770-9bec-77f8-89ca-41b649267114	01900770-9bec-72ff-a739-ab3ecf534b97
01900770-9c42-7d17-8c5e-7388de47125c	01900770-9bec-72ff-a739-ab3ecf534b97
01900770-9c44-71fa-9ad4-e7ce34263d41	01900770-9bec-72ff-a739-ab3ecf534b97
01900770-9c49-74c0-ac6a-dfc6dbb3e0bb	01900770-9bec-72ff-a739-ab3ecf534b97
01900770-9c4f-79e8-9b96-5ab29d960bd2	01900770-9bec-72ff-a739-ab3ecf534b97
01900771-39d3-7eb6-98c1-fe5a066d4754	01900771-39d3-7884-8357-e02efd68d272
01900771-39d3-7f5d-bd99-fc0f3dd1df30	01900771-39d3-7884-8357-e02efd68d272
01900771-39f7-7004-8e51-23d0795136c4	01900771-39d3-7884-8357-e02efd68d272
01900771-39f8-78ea-b62f-a4cc4105506c	01900771-39d3-7884-8357-e02efd68d272
01900771-39f8-7296-b0d0-c0ce2690e017	01900771-39d3-7884-8357-e02efd68d272
01900771-39fc-7384-904c-8d6012c3c627	01900771-39d3-7884-8357-e02efd68d272
\.


--
-- Data for Name: milestone_state; Type: TABLE DATA; Schema: diwi_testset; Owner: ali
--

COPY diwi_testset.milestone_state (id, milestone_id, date, create_user_id, change_start_date, change_end_date, status, omschrijving, change_user_id) FROM stdin;
c7a00daa-0c52-4bb0-9915-78855da9997f	292414eb-4a4e-405c-954b-e01bb355bc9b	2024-01-10	2122426c-6e70-419c-a054-f51dd24d798b	2024-01-15 19:06:32+01	\N	GEPLAND	Milestone ian 10 - v2	\N
fc8e4916-3442-4d7c-8f5f-34b477108040	ee3cbe15-7a5d-42c6-a807-0a7593a24d4f	2024-03-01	2122426c-6e70-419c-a054-f51dd24d798b	2024-01-05 19:06:32+01	\N	GEPLAND	Milestone May 1	\N
50164197-792e-41b8-928d-aaaa54ae2cf4	342887ab-2106-45c4-9565-a4b83f4d3362	2024-05-30	2122426c-6e70-419c-a054-f51dd24d798b	2024-01-05 19:06:32+01	\N	GEPLAND	Milestone May 30	\N
dc7fa3d7-1be8-4917-8fe9-c99136a14420	7c6bfe67-6618-4a6a-9507-2cd15f88c11f	2024-05-15	2122426c-6e70-419c-a054-f51dd24d798b	2024-01-05 19:06:32+01	\N	GEPLAND	Milestone May 15	\N
5d6e237e-29c2-4890-b2e4-9b92533c56f6	1c155b85-29e3-4fec-85a2-96bda344fe8a	2024-05-05	2122426c-6e70-419c-a054-f51dd24d798b	2024-01-05 19:06:32+01	\N	GEPLAND	Milestone May 5	\N
5b607079-72d9-47cb-adba-523c61c98a7e	529ca978-1d23-418a-a94c-bd219454a587	2024-05-25	2122426c-6e70-419c-a054-f51dd24d798b	2024-01-05 19:06:32+01	\N	GEPLAND	Milestone May 25	\N
1d212147-4eea-4899-93f2-4fa08dcbc622	4237d087-3d45-4acf-a1a6-0a67b754608e	2024-05-18	2122426c-6e70-419c-a054-f51dd24d798b	2024-01-05 19:06:32+01	\N	GEPLAND	Milestone May 18	\N
4277edda-68eb-498e-bf98-6f4010ea18ad	07f3a0ad-f76a-4dd9-b4c6-6eb8113968e0	2024-02-20	2122426c-6e70-419c-a054-f51dd24d798b	2024-01-15 19:06:32+01	\N	GEPLAND	Milestone ian 30 - v2	\N
d9aa3be7-23c3-475b-ac5a-5de6e2f3a866	13fcd006-456a-48c3-883d-da89113e3f17	2024-03-10	2122426c-6e70-419c-a054-f51dd24d798b	2024-03-21 17:31:20.001327+01	\N	GEPLAND	Milestone 10 march	\N
018e620d-0fb0-7f56-9d56-33635826c7fc	018e620d-0fa7-7103-b305-ef6e06e5900b	2024-02-01	018e61da-976d-7fca-9165-3e872014d47f	2024-03-21 18:26:46.946523+01	\N	GEPLAND	2024-02-01	\N
018e6217-1ef5-742e-b651-7e803b07ac49	018e6217-1ef4-71a2-8655-341334c4f1c0	2024-03-29	018e61da-976d-7fca-9165-3e872014d47f	2024-03-21 18:37:46.227744+01	\N	GEPLAND	2024-03-29	\N
018e621b-4ea8-78c3-b745-e319da641ed7	018e621b-4ea8-7951-a11a-653fc1af247e	2023-12-31	018e61da-976d-7fca-9165-3e872014d47f	2024-03-21 18:42:20.551487+01	\N	GEPLAND	\N	\N
018e621b-4ea8-7dad-a279-d30f444398e8	018e621b-4ea8-777a-82e2-96093d6bc4dd	2024-12-30	018e61da-976d-7fca-9165-3e872014d47f	2024-03-21 18:42:20.551487+01	\N	GEPLAND	\N	\N
018e6548-029d-7885-a7fc-14e01c58d575	018e6548-029c-7faf-90cf-799a8aaec292	2024-01-01	018e61da-976d-7fca-9165-3e872014d47f	2024-03-22 09:30:01.864297+01	\N	GEPLAND	\N	\N
018e6548-029d-7a91-b912-e1ddd39ebbb3	018e6548-029d-7008-8aae-8d9aa4ad4098	2024-12-30	018e61da-976d-7fca-9165-3e872014d47f	2024-03-22 09:30:01.864297+01	\N	GEPLAND	\N	\N
018e654d-68e1-795e-a228-769299dd8428	018e654d-68e1-715b-979a-8c21fb608dc7	2024-01-01	018e61da-976d-7fca-9165-3e872014d47f	2024-03-22 09:35:55.743291+01	\N	GEPLAND	\N	\N
018e654d-68e2-7775-a802-8a872f723c99	018e654d-68e2-7561-8c97-bac27af68f4d	2024-12-30	018e61da-976d-7fca-9165-3e872014d47f	2024-03-22 09:35:55.743291+01	\N	GEPLAND	\N	\N
018e655d-7c9c-7036-a091-5b0092c4e416	018e655d-7c92-7b0e-a18a-7ee5b867571d	2024-02-29	018e61da-976d-7fca-9165-3e872014d47f	2024-03-22 09:53:29.358146+01	\N	GEPLAND	2024-02-29	\N
018e655d-7c9d-7d5f-9baa-da762dfcba6a	018e655d-7c9d-7dcd-ade9-5185df48e587	2024-03-30	018e61da-976d-7fca-9165-3e872014d47f	2024-03-22 09:53:29.372952+01	\N	GEPLAND	2024-03-30	\N
018e6560-758e-73d2-80c9-6864bd4c630f	018e6560-758e-7bea-99c5-848191ed520a	2024-03-01	018e61da-976d-7fca-9165-3e872014d47f	2024-03-22 09:56:44.174324+01	\N	GEPLAND	2024-03-01	\N
018e6560-758e-7704-801f-12eb209ff2f8	018e6560-758e-7e35-beca-f8b54703c83a	2024-03-31	018e61da-976d-7fca-9165-3e872014d47f	2024-03-22 09:56:44.174622+01	\N	GEPLAND	2024-03-31	\N
018e6566-7c86-7753-ba3d-bf411c49156c	018e6566-7c86-7b9a-a2d7-634b92219493	2024-01-01	018e61da-976d-7fca-9165-3e872014d47f	2024-03-22 10:03:19.154631+01	\N	GEPLAND	\N	\N
018e6566-7c86-70c4-ab35-7395d41fa0c8	018e6566-7c86-76a1-a3f0-7434a7101fd3	2024-12-31	018e61da-976d-7fca-9165-3e872014d47f	2024-03-22 10:03:19.154631+01	\N	GEPLAND	\N	\N
018e6567-5cc5-78ad-81f8-3e1320ffc02e	018e6567-5cc5-7681-85b8-a0a1e974d2ba	2024-03-01	018e61da-976d-7fca-9165-3e872014d47f	2024-03-22 10:04:16.5817+01	\N	GEPLAND	2024-03-01	\N
018e6567-5cc6-7b30-ba52-c033820133b0	018e6567-5cc6-7d13-b704-f7658a9f9a65	2024-03-31	018e61da-976d-7fca-9165-3e872014d47f	2024-03-22 10:04:16.582041+01	\N	GEPLAND	2024-03-31	\N
018e656d-591d-7815-b7b1-72e3f9de8df8	018e656d-591d-7f2f-b8da-35cdf53a3eba	2024-03-22	018e61da-976d-7fca-9165-3e872014d47f	2024-03-22 10:10:48.861224+01	\N	GEPLAND	2024-03-22	\N
018e657a-109d-7127-b8be-4814014738f1	018e657a-109d-7df3-aa26-0ea1c02f0de7	2024-03-23	018e61da-976d-7fca-9165-3e872014d47f	2024-03-22 10:24:42.269384+01	\N	GEPLAND	2024-03-23	\N
018e6594-726c-72d0-b1d3-8c9e91296b42	018e6594-726b-7285-9c34-e426816b3939	2024-03-22	018e61da-976d-7fca-9165-3e872014d47f	2024-03-22 10:53:31.24372+01	\N	GEPLAND	2024-03-22	\N
018e65d5-2dc4-78f4-88d4-cb9e120e2ca1	018e65d5-2dc4-7b76-bb24-5dd79a0b905b	2024-03-23	018e61da-976d-7fca-9165-3e872014d47f	2024-03-22 12:04:13.508362+01	\N	GEPLAND	2024-03-23	\N
018e66cd-d70f-7de6-bf45-8db4890ec459	018e66cd-d70f-775e-a3cb-c2e9a368adc2	2024-03-22	018e61da-976d-7fca-9165-3e872014d47f	2024-03-22 16:35:49.775138+01	\N	GEPLAND	2024-03-22	\N
018e6a86-fc1c-7933-aa9a-22372a2d5182	018e6a86-fc1a-77e0-a57e-164c0994a44a	2024-03-01	018e61da-976d-7fca-9165-3e872014d47f	2024-03-23 09:56:55.03476+01	\N	GEPLAND	\N	\N
018e6a86-fc1c-7509-a2bc-c247a79a05ae	018e6a86-fc1c-7e4e-b414-84e1e81a26c7	2024-12-31	018e61da-976d-7fca-9165-3e872014d47f	2024-03-23 09:56:55.03476+01	\N	GEPLAND	\N	\N
018e6a88-d65e-7115-991e-4fb5f045bb57	018e6a88-d65e-73af-85a5-0b5b048702c8	2024-03-10	018e61da-976d-7fca-9165-3e872014d47f	2024-03-23 09:58:56.47815+01	\N	GEPLAND	2024-03-10	\N
018e6a88-d65e-7663-93a0-2607b6cead43	018e6a88-d65e-73a1-a14a-0e6a0eb6a745	2024-03-30	018e61da-976d-7fca-9165-3e872014d47f	2024-03-23 09:58:56.478523+01	\N	GEPLAND	2024-03-30	\N
018e6a89-64d9-7845-89fc-07892b67636a	018e6a89-64d9-79c0-9fd3-3d955837118c	2024-03-23	018e61da-976d-7fca-9165-3e872014d47f	2024-03-23 09:59:32.953655+01	\N	GEPLAND	2024-03-23	\N
018e6a8c-a5ff-7a52-a19a-6373d123e980	018e6a8c-a5ff-76de-b66f-6fbc32cbe618	2024-03-01	018e61da-976d-7fca-9165-3e872014d47f	2024-03-23 10:03:06.238946+01	\N	GEPLAND	\N	\N
018e6a8c-a600-7e85-8b5f-4bb90b872062	018e6a8c-a600-73ea-9a7a-f64d1f3bbbaf	2024-03-30	018e61da-976d-7fca-9165-3e872014d47f	2024-03-23 10:03:06.238946+01	\N	GEPLAND	\N	\N
018e6ab5-fa49-79f6-a471-9c911df9731d	018e6ab5-fa49-74ab-b053-384768b17105	2024-03-01	018e61da-976d-7fca-9165-3e872014d47f	2024-03-23 10:48:14.792726+01	2024-03-23 10:49:11.73393+01	GEPLAND	\N	018e61da-976d-7fca-9165-3e872014d47f
018e6ab5-fa49-7cfc-b857-3d6265331a52	018e6ab5-fa49-7434-bedf-23482b8a5c73	2024-03-31	018e61da-976d-7fca-9165-3e872014d47f	2024-03-23 10:48:14.792726+01	2024-03-23 10:49:11.73529+01	GEPLAND	\N	018e61da-976d-7fca-9165-3e872014d47f
018e6ab6-e64a-756f-b168-0760d7da426e	018e6ab6-e64a-7966-8edc-79fbd8efd7ad	2024-03-24	018e61da-976d-7fca-9165-3e872014d47f	2024-03-23 10:49:15.210204+01	\N	GEPLAND	2024-03-24	\N
018e6ab6-e64a-7a8b-aae1-c9c0b8e6628b	018e6ab6-e64a-77d6-94a9-fd51afd4a342	2024-03-27	018e61da-976d-7fca-9165-3e872014d47f	2024-03-23 10:49:15.210462+01	\N	GEPLAND	2024-03-27	\N
018e6ab6-fec7-771b-9395-85cc4347f793	018e6ab6-fec7-7c74-8cf3-68ef9a22783c	2024-03-23	018e61da-976d-7fca-9165-3e872014d47f	2024-03-23 10:49:21.479207+01	\N	GEPLAND	2024-03-23	\N
018e6ab6-ff47-7146-baa1-42fa68f04167	018e6ab5-fa49-74ab-b053-384768b17105	2024-03-01	018e61da-976d-7fca-9165-3e872014d47f	2024-03-23 10:49:21.604565+01	\N	GEPLAND	\N	\N
018e6ab6-ff47-7cf2-938d-f669c1bed6c1	018e6ab5-fa49-7434-bedf-23482b8a5c73	2024-03-31	018e61da-976d-7fca-9165-3e872014d47f	2024-03-23 10:49:21.60762+01	\N	GEPLAND	\N	\N
018e6ab6-d8b7-726b-9f84-a377e1c4faa0	018e6ab5-fa49-74ab-b053-384768b17105	2024-02-29	018e61da-976d-7fca-9165-3e872014d47f	2024-03-23 10:49:11.73393+01	2024-03-23 10:49:21.604565+01	GEPLAND	\N	018e61da-976d-7fca-9165-3e872014d47f
018e6ab6-d8b7-729c-9718-c6e6ebe348b3	018e6ab5-fa49-7434-bedf-23482b8a5c73	2024-03-30	018e61da-976d-7fca-9165-3e872014d47f	2024-03-23 10:49:11.73529+01	2024-03-23 10:49:21.60762+01	GEPLAND	\N	018e61da-976d-7fca-9165-3e872014d47f
018e6aba-aead-7fc5-9da2-6de2bf1f36fc	018e6aba-aead-721a-bb81-ae4f10bf38fc	2024-03-23	018e61da-976d-7fca-9165-3e872014d47f	2024-03-23 10:53:23.11726+01	\N	GEPLAND	\N	\N
018e6aba-aead-7278-9a97-dd5545a97780	018e6aba-aead-7986-bbf1-43adfc71eb1c	2024-03-31	018e61da-976d-7fca-9165-3e872014d47f	2024-03-23 10:53:23.11726+01	\N	GEPLAND	\N	\N
018e6abb-06de-7195-8fb8-6bdc7edddc8b	018e6abb-06de-7b80-a40f-e43678785876	2024-03-25	018e61da-976d-7fca-9165-3e872014d47f	2024-03-23 10:53:45.694092+01	\N	GEPLAND	2024-03-25	\N
018e6abc-e4b9-754b-971a-d9e4cea01e57	018e6abc-e4b9-7cee-a63b-0b5d3d37cb2d	2024-03-23	018e61da-976d-7fca-9165-3e872014d47f	2024-03-23 10:55:48.025235+01	\N	GEPLAND	\N	\N
018e6abc-e4bd-7ae9-8111-8e7789a87bba	018e6abc-e4bc-7df8-bfcb-a13585a01db7	2024-03-31	018e61da-976d-7fca-9165-3e872014d47f	2024-03-23 10:55:48.025235+01	\N	GEPLAND	\N	\N
018e6abd-c474-78d1-90ac-ec9c73131ed9	018e6abd-c474-72f4-befc-6869a12436e8	2024-03-24	018e61da-976d-7fca-9165-3e872014d47f	2024-03-23 10:56:45.300158+01	\N	GEPLAND	2024-03-24	\N
018e6abd-c474-7321-ad32-8ce1295b127b	018e6abd-c474-7702-b07f-073985a5d416	2024-03-29	018e61da-976d-7fca-9165-3e872014d47f	2024-03-23 10:56:45.300682+01	\N	GEPLAND	2024-03-29	\N
018e6ac4-0852-783c-a1d3-aa75bca8f458	018e6ac4-0851-7eef-9cfb-8d5db43e12ea	2024-03-23	018e61da-976d-7fca-9165-3e872014d47f	2024-03-23 11:03:35.88679+01	\N	GEPLAND	\N	\N
018e6ac4-0852-7ab1-a9fc-5225d03040bb	018e6ac4-0852-7006-8bfe-cdb0c79a846a	2024-03-26	018e61da-976d-7fca-9165-3e872014d47f	2024-03-23 11:03:35.88679+01	\N	GEPLAND	\N	\N
018e6ac4-673a-79ad-8210-3a1a3a16d838	018e6ac4-6739-760b-bcb5-c3847ddfb251	2024-03-01	018e61da-976d-7fca-9165-3e872014d47f	2024-03-23 11:04:00.183398+01	\N	GEPLAND	\N	\N
018e6ac4-673a-7ade-a563-a47a9f409d7e	018e6ac4-673a-7fe8-b736-bbbdacbd42fa	2024-03-31	018e61da-976d-7fca-9165-3e872014d47f	2024-03-23 11:04:00.183398+01	\N	GEPLAND	\N	\N
018e6ac6-0237-7222-96b1-7b6fe5dcba6a	018e6ac6-0237-7faa-b66e-de6396127c81	2024-03-01	018e61da-976d-7fca-9165-3e872014d47f	2024-03-23 11:05:45.398305+01	\N	GEPLAND	\N	\N
018e6ac6-0238-7a26-b989-be2ceb946216	018e6ac6-0237-72f8-8987-38ba921800de	2024-03-31	018e61da-976d-7fca-9165-3e872014d47f	2024-03-23 11:05:45.398305+01	\N	GEPLAND	\N	\N
018e6ac9-8d17-70ce-bbcd-d1565f04d20e	018e6ac9-8d17-70a9-a273-62e6b7d70390	2024-03-01	018e61da-976d-7fca-9165-3e872014d47f	2024-03-23 11:09:37.559117+01	\N	GEPLAND	\N	\N
018e6ac9-8d17-7267-892c-9b619069d275	018e6ac9-8d17-7efa-bbe3-89e7d2be12f1	2024-03-29	018e61da-976d-7fca-9165-3e872014d47f	2024-03-23 11:09:37.559117+01	\N	GEPLAND	\N	\N
018e6aca-379a-7daa-a6d2-d3d3d782a011	018e6aca-379a-7459-a74a-694d231c0161	2024-03-23	018e61da-976d-7fca-9165-3e872014d47f	2024-03-23 11:10:21.210501+01	\N	GEPLAND	2024-03-23	\N
018e6aca-379a-7bbe-bcca-749018e50f6e	018e6aca-379a-7357-978e-8c236cfbd21b	2024-03-28	018e61da-976d-7fca-9165-3e872014d47f	2024-03-23 11:10:21.210819+01	\N	GEPLAND	2024-03-28	\N
018e7ac1-9254-7b7b-abcc-97a680565b47	018e7ac1-9254-710b-a380-63ec67014fd4	2024-03-26	018e61da-976d-7fca-9165-3e872014d47f	2024-03-26 13:34:50.068405+01	\N	GEPLAND	2024-03-26	\N
018e7aff-69d9-7dc0-b0f6-d4dd05f81cbb	018e7aff-69d9-78d0-b7ac-4004a566f9a7	2024-03-26	018e61da-976d-7fca-9165-3e872014d47f	2024-03-26 14:42:22.937631+01	\N	GEPLAND	2024-03-26	\N
018e7aff-69d9-7144-8692-890addb08a4d	018e7aff-69d8-7969-8559-0684180e090d	2024-03-26	018e61da-976d-7fca-9165-3e872014d47f	2024-03-26 14:42:22.936526+01	\N	GEPLAND	2024-03-26	\N
018e7b00-5467-7907-9255-fe56b9f7698b	018e7b00-5467-7943-9bbf-1e60aae63e7f	2024-02-01	018e61da-976d-7fca-9165-3e872014d47f	2024-03-26 14:43:22.983739+01	\N	GEPLAND	2024-02-01	\N
018e7b00-5468-7d2e-9cec-b6f859edfee2	018e7b00-5468-7f88-a5e5-6e7d42899c0c	2024-02-15	018e61da-976d-7fca-9165-3e872014d47f	2024-03-26 14:43:22.984036+01	\N	GEPLAND	2024-02-15	\N
018e7b10-5624-70f4-96df-21c290d21ce0	018e7b10-5624-71aa-888b-e5d540974c06	2024-01-01	018e61da-976d-7fca-9165-3e872014d47f	2024-03-26 15:00:52.00391+01	\N	GEPLAND	\N	\N
018e7b10-5624-7ec9-91d5-82c50a9fc5da	018e7b10-5624-76e6-a531-626801bfa91e	2024-12-31	018e61da-976d-7fca-9165-3e872014d47f	2024-03-26 15:00:52.00391+01	\N	GEPLAND	\N	\N
018e7b10-5677-74dc-8881-44f5dd3e5376	018e7b10-5676-7276-aa1e-d91205112298	2024-03-26	018e61da-976d-7fca-9165-3e872014d47f	2024-03-26 15:00:52.086947+01	\N	GEPLAND	2024-03-26	\N
018e7b10-5683-7138-8660-2bf8f90e64f2	018e7b10-5683-78ae-9377-24f724fa5c87	2024-03-26	018e61da-976d-7fca-9165-3e872014d47f	2024-03-26 15:00:52.099295+01	\N	GEPLAND	2024-03-26	\N
018e7b10-5686-703d-a698-9d3657de0e82	018e7b10-5686-7916-b650-ded08b0f7335	2024-03-26	018e61da-976d-7fca-9165-3e872014d47f	2024-03-26 15:00:52.102777+01	\N	GEPLAND	2024-03-26	\N
018e7b10-568b-7ea1-a52d-64fd03ab5055	018e7b10-568a-73ab-a811-4ab285cdea28	2024-03-26	018e61da-976d-7fca-9165-3e872014d47f	2024-03-26 15:00:52.106463+01	\N	GEPLAND	2024-03-26	\N
018e7b12-6b60-77d2-89a2-57840bb538d0	018e7b12-6b60-7f03-9f6d-c1700af2c043	2024-03-01	018e61da-976d-7fca-9165-3e872014d47f	2024-03-26 15:03:08.512115+01	\N	GEPLAND	2024-03-01	\N
018e7b12-6b60-758b-879e-350d4c48ce8a	018e7b12-6b60-7138-8e4c-984f121fb240	2024-05-31	018e61da-976d-7fca-9165-3e872014d47f	2024-03-26 15:03:08.512418+01	\N	GEPLAND	2024-05-31	\N
018e7b2b-0d71-741c-8341-13108aefd849	018e61e1-d224-7467-bc4f-942186f7bd86	2023-11-29	018e61da-976d-7fca-9165-3e872014d47f	2024-03-26 15:30:02.859671+01	\N	GEPLAND	\N	\N
018e7b2b-0d72-70cf-8f9a-41918b57b0d4	018e61e1-d225-712d-8838-a08bd94a89a9	2024-12-29	018e61da-976d-7fca-9165-3e872014d47f	2024-03-26 15:30:02.865481+01	\N	GEPLAND	\N	\N
018e61e1-d225-7f3d-8a29-9842b97f344b	018e61e1-d224-7467-bc4f-942186f7bd86	2023-11-30	018e61da-976d-7fca-9165-3e872014d47f	2024-03-21 17:39:33.149642+01	2024-03-26 15:30:02.859671+01	GEPLAND	\N	018e61da-976d-7fca-9165-3e872014d47f
018e61e1-d225-7e69-9af3-60e0ca6316d2	018e61e1-d225-712d-8838-a08bd94a89a9	2024-12-30	018e61da-976d-7fca-9165-3e872014d47f	2024-03-21 17:39:33.149642+01	2024-03-26 15:30:02.865481+01	GEPLAND	\N	018e61da-976d-7fca-9165-3e872014d47f
018e7f1e-b0ea-76d5-826b-d9f259bf10b1	018e7f1e-b0e8-77f1-abd1-1e2a9651863a	2024-03-01	018e61da-976d-7fca-9165-3e872014d47f	2024-03-27 09:55:01.577761+01	\N	GEPLAND	\N	\N
018e7f1e-b0ea-703a-9b74-3c6d1cf52f1d	018e7f1e-b0ea-71d3-87e5-01affdbc78d7	2024-03-31	018e61da-976d-7fca-9165-3e872014d47f	2024-03-27 09:55:01.577761+01	\N	GEPLAND	\N	\N
018e7f38-5675-7b96-b80a-27eda89cc6bf	018e7f38-5675-7c01-9ca1-d384678dbffc	2024-03-18	018e61da-976d-7fca-9165-3e872014d47f	2024-03-27 10:23:02.389029+01	\N	GEPLAND	2024-03-18	\N
018e7f38-5675-7d3a-83ce-8b399cb5c073	018e7f38-5675-7449-9d79-f2cb15b6fb81	2024-03-28	018e61da-976d-7fca-9165-3e872014d47f	2024-03-27 10:23:02.389278+01	\N	GEPLAND	2024-03-28	\N
018e7f38-86d3-7521-8d53-6eac95807078	018e7f38-86d3-73bf-9381-a72b46969bc1	2024-03-27	018e61da-976d-7fca-9165-3e872014d47f	2024-03-27 10:23:14.771402+01	\N	GEPLAND	2024-03-27	\N
018e7f8c-a20f-7254-877c-45168830bf0f	018e7f8c-a20f-7e19-89b9-8944d23bf40b	2023-12-01	018e61da-976d-7fca-9165-3e872014d47f	2024-03-27 11:55:06.767536+01	\N	GEPLAND	\N	\N
018e7f8c-a20f-7294-8d48-b23729211feb	018e7f8c-a20f-7255-8ed6-5806d078709d	2025-01-31	018e61da-976d-7fca-9165-3e872014d47f	2024-03-27 11:55:06.767536+01	\N	GEPLAND	\N	\N
018e7f8d-8e37-73aa-a5f5-e55440fa449f	018e7f8d-8e36-77fa-82a3-792654f6b67d	2024-03-01	018e61da-976d-7fca-9165-3e872014d47f	2024-03-27 11:56:07.222922+01	\N	GEPLAND	2024-03-01	\N
018e7f8d-8e37-791b-8877-c06c2d058aeb	018e7f8d-8e37-7551-9b72-63fcedaac440	2024-03-31	018e61da-976d-7fca-9165-3e872014d47f	2024-03-27 11:56:07.223329+01	\N	GEPLAND	2024-03-31	\N
018e7f8d-aacd-7ef2-b1a5-6ca88b64ac1a	018e7f8d-aacd-7114-a789-95329c2ce8ad	2024-03-27	018e61da-976d-7fca-9165-3e872014d47f	2024-03-27 11:56:14.541656+01	\N	GEPLAND	2024-03-27	\N
018e7f90-0900-7df6-a267-6618a73cf3d3	018e7f90-0900-7f13-a975-f6b2ff313cd6	2024-01-01	018e61da-976d-7fca-9165-3e872014d47f	2024-03-27 11:58:49.728405+01	\N	GEPLAND	\N	\N
018e7f90-0901-7bc2-a745-371f1dabc5f6	018e7f90-0901-711d-90b7-5f814f8a866a	2024-07-31	018e61da-976d-7fca-9165-3e872014d47f	2024-03-27 11:58:49.728405+01	\N	GEPLAND	\N	\N
018e7f9e-3f4c-7174-9389-3e5ea92a9e80	018e7f9e-3f4c-7945-831a-73bacabeec76	2024-03-01	018e61da-976d-7fca-9165-3e872014d47f	2024-03-27 12:14:21.1324+01	\N	GEPLAND	2024-03-01	\N
018e7f9e-3f4c-7bb2-bce8-1a96103e1cfa	018e7f9e-3f4c-7762-9717-b7c92126962c	2024-03-31	018e61da-976d-7fca-9165-3e872014d47f	2024-03-27 12:14:21.132649+01	\N	GEPLAND	2024-03-31	\N
018e7fb1-980e-7b7b-adbe-b2424e681dd9	018e7f9d-bdfc-7718-ac27-40e469a21db2	2023-12-31	018e61da-976d-7fca-9165-3e872014d47f	2024-03-27 12:35:29.036431+01	\N	GEPLAND	\N	\N
018e7fb1-980f-70ae-b453-35354d0fb577	018e7f9d-bdfc-7306-bb6d-3cf299b5cbc7	2024-07-30	018e61da-976d-7fca-9165-3e872014d47f	2024-03-27 12:35:29.038784+01	\N	GEPLAND	\N	\N
018e7f9d-bdfc-7548-b794-8844539aa6ce	018e7f9d-bdfc-7718-ac27-40e469a21db2	2024-01-01	018e61da-976d-7fca-9165-3e872014d47f	2024-03-27 12:13:48.028378+01	2024-03-27 12:35:29.036431+01	GEPLAND	\N	018e61da-976d-7fca-9165-3e872014d47f
018e7f9d-bdfc-7663-b13c-5a1d55fe6334	018e7f9d-bdfc-7306-bb6d-3cf299b5cbc7	2024-07-31	018e61da-976d-7fca-9165-3e872014d47f	2024-03-27 12:13:48.028378+01	2024-03-27 12:35:29.038784+01	GEPLAND	\N	018e61da-976d-7fca-9165-3e872014d47f
018e8404-6b9f-7216-90b0-106a33b28b77	018e8404-6b9c-7832-a926-c2db16012b9d	2024-03-07	018e61da-976d-7fca-9165-3e872014d47f	2024-03-28 08:44:25.980809+01	\N	GEPLAND	\N	\N
018e8404-6b9f-7462-915b-99d417e5d653	018e8404-6b9f-77c0-8038-b3b857a35f4a	2024-03-31	018e61da-976d-7fca-9165-3e872014d47f	2024-03-28 08:44:25.980809+01	\N	GEPLAND	\N	\N
018e8545-8af4-7b45-be8c-2db1d1d092a2	018e8545-8af4-7cba-bfef-399c9bf4ecb3	2024-03-28	018e61da-976d-7fca-9165-3e872014d47f	2024-03-28 14:35:11.092627+01	\N	GEPLAND	2024-03-28	\N
018e8545-8afb-70b9-8d94-e2fef5255f46	018e8545-8afb-7c67-adbb-f438555ee023	2024-03-28	018e61da-976d-7fca-9165-3e872014d47f	2024-03-28 14:35:11.099767+01	\N	GEPLAND	2024-03-28	\N
018e8545-8b01-728e-91f4-71056e17c462	018e8545-8b01-76a0-986e-ea296a6585a4	2024-03-28	018e61da-976d-7fca-9165-3e872014d47f	2024-03-28 14:35:11.105139+01	\N	GEPLAND	2024-03-28	\N
018e8545-8b05-7e94-a85f-ffe528d0c592	018e8545-8b05-7ee0-964e-cc2711e1aaf0	2024-03-28	018e61da-976d-7fca-9165-3e872014d47f	2024-03-28 14:35:11.109238+01	\N	GEPLAND	2024-03-28	\N
018e855f-f199-7494-91eb-79af0e2d636f	018e855f-f198-7309-ab69-0f2364779305	2024-01-01	018e61da-976d-7fca-9165-3e872014d47f	2024-03-28 15:04:01.280282+01	\N	GEPLAND	\N	\N
018e855f-f199-737e-b211-a570107534b7	018e855f-f199-7b2c-870a-8ef8cb2c6c99	2025-01-01	018e61da-976d-7fca-9165-3e872014d47f	2024-03-28 15:04:01.280282+01	\N	GEPLAND	\N	\N
018e8561-f1bf-74d3-a4e2-4bfc49f22b71	018e8561-f1be-7605-90bc-16659f4abe7c	2024-01-01	018e61da-976d-7fca-9165-3e872014d47f	2024-03-28 15:06:12.387776+01	\N	GEPLAND	\N	\N
018e8561-f1bf-7f47-8365-8ff7b3a57e51	018e8561-f1bf-7d88-a8fc-d042df119c67	2025-01-01	018e61da-976d-7fca-9165-3e872014d47f	2024-03-28 15:06:12.387776+01	\N	GEPLAND	\N	\N
018e8562-6993-7a2f-b737-db669a5243c0	018e8562-6993-7280-9a0e-699fa2d3d1aa	2024-03-29	018e61da-976d-7fca-9165-3e872014d47f	2024-03-28 15:06:43.091433+01	\N	GEPLAND	2024-03-29	\N
018e8562-6993-7ed1-b15e-0ec05636924b	018e8562-6993-7025-8a49-d8daa6bbad69	2024-03-31	018e61da-976d-7fca-9165-3e872014d47f	2024-03-28 15:06:43.091795+01	\N	GEPLAND	2024-03-31	\N
018e856b-2b04-7fad-8234-ade78ba1bcf5	018e856b-2b03-7a62-ba21-184d077af500	2024-01-01	018e61da-976d-7fca-9165-3e872014d47f	2024-03-28 15:16:16.879765+01	\N	GEPLAND	\N	\N
018e856b-2b05-7a47-b9ec-78d96a93a6b5	018e856b-2b05-742b-bee4-44eb32a30cbb	2024-12-31	018e61da-976d-7fca-9165-3e872014d47f	2024-03-28 15:16:16.879765+01	\N	GEPLAND	\N	\N
018e857b-bad8-7938-b514-45d18f2dca40	018e857b-bad6-74bf-baf9-314b62113b91	2024-01-01	018e61da-976d-7fca-9165-3e872014d47f	2024-03-28 15:34:22.27506+01	\N	GEPLAND	\N	\N
018e857b-bad8-7dad-a21c-1a88e7714480	018e857b-bad8-75ce-b83d-381c6642389a	2025-01-01	018e61da-976d-7fca-9165-3e872014d47f	2024-03-28 15:34:22.27506+01	\N	GEPLAND	\N	\N
018e8581-a868-71a4-b65e-234278c10464	018e8581-a868-7b73-9d5c-bb33172894ee	2024-03-01	018e61da-976d-7fca-9165-3e872014d47f	2024-03-28 15:40:50.79224+01	\N	GEPLAND	2024-03-01	\N
018e8581-a868-78f9-b92d-7ea7c7817a58	018e8581-a868-767d-ae3e-d8cae764ddd6	2024-03-31	018e61da-976d-7fca-9165-3e872014d47f	2024-03-28 15:40:50.792493+01	\N	GEPLAND	2024-03-31	\N
018e8581-f92a-79fc-92ec-02f73a424ff2	018e8581-f92a-7047-b00a-5bdd5365a12f	2024-03-28	018e61da-976d-7fca-9165-3e872014d47f	2024-03-28 15:41:11.466083+01	\N	GEPLAND	2024-03-28	\N
018e8582-c988-78e9-9f25-7b8f40b7f6d8	018e8582-c988-742c-a501-8de1c5463f73	2024-01-01	018e61da-976d-7fca-9165-3e872014d47f	2024-03-28 15:42:04.808463+01	\N	GEPLAND	\N	\N
018e8582-c989-7457-9f12-1318d2659eec	018e8582-c988-75e9-8d7c-7ded79862e13	2024-12-31	018e61da-976d-7fca-9165-3e872014d47f	2024-03-28 15:42:04.808463+01	\N	GEPLAND	\N	\N
018e8582-c9d0-799e-8c6d-4213bd865829	018e8582-c9d0-736c-aa60-acd8567eb28e	2024-03-28	018e61da-976d-7fca-9165-3e872014d47f	2024-03-28 15:42:04.880499+01	\N	GEPLAND	2024-03-28	\N
018e8582-c9d7-7a72-8222-323df901f03d	018e8582-c9d7-797b-962e-f189d829d365	2024-03-28	018e61da-976d-7fca-9165-3e872014d47f	2024-03-28 15:42:04.887768+01	\N	GEPLAND	2024-03-28	\N
018e8582-c9e0-76ed-bb57-5e2ea4db331f	018e8582-c9e0-7234-92e3-9e11c0ae60c3	2024-03-28	018e61da-976d-7fca-9165-3e872014d47f	2024-03-28 15:42:04.896717+01	\N	GEPLAND	2024-03-28	\N
018e8582-c9e5-7199-8083-0a9ab340cd92	018e8582-c9e5-78be-a742-91dbe9eb9d52	2024-03-28	018e61da-976d-7fca-9165-3e872014d47f	2024-03-28 15:42:04.901234+01	\N	GEPLAND	2024-03-28	\N
018e8583-ba17-7010-ac50-acb21dd55902	018e8583-ba17-7254-9666-95587ce3e88b	2024-03-01	018e61da-976d-7fca-9165-3e872014d47f	2024-03-28 15:43:06.391699+01	\N	GEPLAND	2024-03-01	\N
018e8583-ba18-7d16-8aab-fd259ad00523	018e8583-ba18-75eb-b6af-95cc7bce8857	2024-03-31	018e61da-976d-7fca-9165-3e872014d47f	2024-03-28 15:43:06.392018+01	\N	GEPLAND	2024-03-31	\N
018e8590-b78b-74ae-b5f0-5dae57cca20e	018e8590-b78a-7d04-92f1-1d131612df93	2024-02-01	018e61da-976d-7fca-9165-3e872014d47f	2024-03-28 15:57:17.68632+01	\N	GEPLAND	\N	\N
018e8590-b78b-7fba-b7df-9d73e12c4254	018e8590-b78b-712a-b6b0-993821f5f7cb	2024-08-31	018e61da-976d-7fca-9165-3e872014d47f	2024-03-28 15:57:17.68632+01	\N	GEPLAND	\N	\N
018e85bc-ea91-7f1e-bed8-0cdc6055f19b	018e85bc-ea8f-774a-868a-7402522498f6	2024-01-01	018e61da-976d-7fca-9165-3e872014d47f	2024-03-28 16:45:34.330976+01	\N	GEPLAND	\N	\N
018e85bc-ea91-7e48-8544-a2101a0fa98a	018e85bc-ea91-7d83-8491-c36a93ca6b81	2024-12-01	018e61da-976d-7fca-9165-3e872014d47f	2024-03-28 16:45:34.330976+01	\N	GEPLAND	\N	\N
018e892a-f549-7813-9792-55a679aa94e9	018e892a-f542-784c-9097-e5d5c830a820	2024-03-29	018e61da-976d-7fca-9165-3e872014d47f	2024-03-29 08:44:37.693767+01	\N	GEPLAND	2024-03-29	\N
018e892a-f54e-7bcc-9914-cd56ddae507e	018e892a-f54e-7826-820a-f5b3a7b2dabb	2024-03-29	018e61da-976d-7fca-9165-3e872014d47f	2024-03-29 08:44:37.710073+01	\N	GEPLAND	2024-03-29	\N
018e892a-f551-71fb-9a96-ec7c70123407	018e892a-f551-7786-9ad7-f0f43de46e19	2024-03-29	018e61da-976d-7fca-9165-3e872014d47f	2024-03-29 08:44:37.713731+01	\N	GEPLAND	2024-03-29	\N
018e892a-f554-7c80-ae70-2418857df3e7	018e892a-f553-7142-9c34-25c884be6354	2024-03-29	018e61da-976d-7fca-9165-3e872014d47f	2024-03-29 08:44:37.715863+01	\N	GEPLAND	2024-03-29	\N
018e892a-f5b7-7e75-8bd7-4fde1eac4a3d	018e892a-f5b6-70b1-9ac6-9bd4eb9498c4	2024-03-02	018e61da-976d-7fca-9165-3e872014d47f	2024-03-29 08:44:37.814877+01	\N	GEPLAND	2024-03-02	\N
018e892a-f640-7e87-a664-1b2cb6f78b94	018e892a-f640-7b45-8a80-8fde2832099f	2024-03-30	018e61da-976d-7fca-9165-3e872014d47f	2024-03-29 08:44:37.95212+01	\N	GEPLAND	2024-03-30	\N
018e8a26-d33b-7bb8-a637-767371d54d96	018e8a26-d33b-74b5-8649-f4f0014ef68b	2024-01-01	018e61da-976d-7fca-9165-3e872014d47f	2024-03-29 13:19:44.057113+01	\N	GEPLAND	\N	\N
018e8a26-d33b-7b2e-803e-3add4b14390f	018e8a26-d33b-7b7d-812b-46cfd4ca8c1c	2024-09-30	018e61da-976d-7fca-9165-3e872014d47f	2024-03-29 13:19:44.057113+01	\N	GEPLAND	\N	\N
018e8aa0-8106-78d7-9fdb-0417b175ce97	018e8aa0-8106-7e28-86d7-b670bbf09976	2024-01-01	018e61da-976d-7fca-9165-3e872014d47f	2024-03-29 15:32:38.404138+01	\N	GEPLAND	\N	\N
018e8aa0-8107-765c-a14a-fdd2e3f2372f	018e8aa0-8107-7965-9633-890a1c35c043	2024-05-31	018e61da-976d-7fca-9165-3e872014d47f	2024-03-29 15:32:38.404138+01	\N	GEPLAND	\N	\N
018e8aaf-b145-7e03-a44f-eaccb5cbb511	018e8aaf-b145-7254-b4fd-c248a4cde7b0	2024-01-01	018e61da-976d-7fca-9165-3e872014d47f	2024-03-29 15:49:13.796342+01	\N	GEPLAND	\N	\N
018e8aaf-b145-7733-a0c0-758b93b2c4a7	018e8aaf-b145-779e-b28f-90cca244ca7f	2025-01-01	018e61da-976d-7fca-9165-3e872014d47f	2024-03-29 15:49:13.796342+01	\N	GEPLAND	\N	\N
018e8abf-3936-7c06-ae93-7ad2ca817c9c	018e8abf-3936-7b9b-88af-f02cf4a28bf7	2024-01-01	018e61da-976d-7fca-9165-3e872014d47f	2024-03-29 16:06:11.637667+01	\N	GEPLAND	\N	\N
018e8abf-3937-7359-b760-4e42fa299cd2	018e8abf-3936-76e6-9cd1-c96b976320ef	2024-06-30	018e61da-976d-7fca-9165-3e872014d47f	2024-03-29 16:06:11.637667+01	\N	GEPLAND	\N	\N
018e8ac2-0bc2-7ae1-a61c-2684df2e0cb4	018e8ac2-0bb9-7b24-9487-c2ff0ccb8fe8	2024-03-01	018e61da-976d-7fca-9165-3e872014d47f	2024-03-29 16:09:16.519405+01	\N	GEPLAND	\N	\N
018e8ac2-0bc5-728c-bae7-c882152fc801	018e8ac2-0bc4-7288-8a93-2ce056c11e3b	2024-03-31	018e61da-976d-7fca-9165-3e872014d47f	2024-03-29 16:09:16.519405+01	\N	GEPLAND	\N	\N
018e8ac3-cd88-7f26-8ac5-c2735902d08c	018e8ac3-cd85-74e2-9f05-c238b06dcd4f	2024-02-01	018e61da-976d-7fca-9165-3e872014d47f	2024-03-29 16:11:11.680155+01	\N	GEPLAND	\N	\N
018e8ac3-cd88-7c11-9647-8efd925ce453	018e8ac3-cd88-7228-8ce6-862cb523ed1f	2024-04-30	018e61da-976d-7fca-9165-3e872014d47f	2024-03-29 16:11:11.680155+01	\N	GEPLAND	\N	\N
018e8ad3-8b3d-7765-a955-441c1d0010c1	018e8ad3-8b3c-7928-b96f-ac3ad1abc2d2	2024-03-20	018e61da-976d-7fca-9165-3e872014d47f	2024-03-29 16:28:23.356815+01	\N	GEPLAND	2024-03-20	\N
018e8ad3-8b3d-76ef-8aa6-b445ff58d3fa	018e8ad3-8b3d-76cd-acd7-5e792350a2cd	2024-03-30	018e61da-976d-7fca-9165-3e872014d47f	2024-03-29 16:28:23.357079+01	\N	GEPLAND	2024-03-30	\N
018e8afb-87a8-7b20-99aa-43f8ba90b385	018e8afb-87a8-7c37-9cb9-c92b3d8dd223	2024-03-01	018e61da-976d-7fca-9165-3e872014d47f	2024-03-29 17:12:03.879671+01	\N	GEPLAND	2024-03-01	\N
018e8afb-87a9-7a50-8763-365ec1f620f0	018e8afb-87a9-7a2a-a227-19fef97c26bb	2024-03-31	018e61da-976d-7fca-9165-3e872014d47f	2024-03-29 17:12:03.881724+01	\N	GEPLAND	2024-03-31	\N
018e8afc-dc64-7b74-bb1e-72cb8c2bf420	018e8afc-dc64-7d12-970c-2b90d288804e	2024-03-08	018e61da-976d-7fca-9165-3e872014d47f	2024-03-29 17:13:31.108407+01	\N	GEPLAND	2024-03-08	\N
018e8afd-8bd7-7b57-a99c-a63723bc53c4	018e8afd-8bd7-7eb6-8eca-8201421b2953	2024-01-01	018e61da-976d-7fca-9165-3e872014d47f	2024-03-29 17:14:16.023265+01	\N	GEPLAND	\N	\N
018e8afd-8bd7-7528-851c-c4c5f3b14d00	018e8afd-8bd7-71d9-b8cb-4dfb9629b8f3	2024-03-31	018e61da-976d-7fca-9165-3e872014d47f	2024-03-29 17:14:16.023265+01	\N	GEPLAND	\N	\N
018e8b04-a753-7013-bdc4-406916dd04e0	018e8b04-a753-7825-95fd-eb85e7e0ab71	2024-03-15	018e61da-976d-7fca-9165-3e872014d47f	2024-03-29 17:22:01.811281+01	\N	GEPLAND	2024-03-15	\N
018e8b0b-1058-74fd-94b9-31d3ef6c8427	018e8b0b-1058-723d-8674-884ceff6ea04	2024-03-29	018e61da-976d-7fca-9165-3e872014d47f	2024-03-29 17:29:01.911991+01	\N	GEPLAND	2024-03-29	\N
018f4de4-fead-7868-a62f-c007ed152ac6	018f4de4-fea8-7164-b9bf-6ad784077e61	2024-05-06	018e61da-976d-7fca-9165-3e872014d47f	2024-05-06 14:33:24.134689+02	\N	GEPLAND	2024-05-06	\N
018f4e5f-ef07-7f7a-8440-143f4bd48c16	018f4e5f-ef07-7303-a3a5-4087a4d6a7f8	2024-05-06	018e61da-976d-7fca-9165-3e872014d47f	2024-05-06 16:47:41.06337+02	\N	GEPLAND	2024-05-06	\N
018f4e5f-ef07-71e3-b88b-4b11b058bd1d	018f4e5f-ef07-75c9-afb5-d242340602bf	2024-05-06	018e61da-976d-7fca-9165-3e872014d47f	2024-05-06 16:47:41.063366+02	\N	GEPLAND	2024-05-06	\N
018f4e5f-ef07-7b86-8716-97199b1979e6	018f4e5f-ef07-7462-8ff3-e53fa26d1e9d	2024-05-06	018e61da-976d-7fca-9165-3e872014d47f	2024-05-06 16:47:41.063366+02	\N	GEPLAND	2024-05-06	\N
018f57b1-778a-7a4b-bb0f-8b3fe9805956	018f57b1-7782-7382-b9eb-d78fe32dd872	2024-03-01	018e61da-976d-7fca-9165-3e872014d47f	2024-05-08 12:13:19.250779+02	\N	GEPLAND	\N	\N
018f57b1-778c-7d18-b470-27aa79f8ced5	018f57b1-778b-7658-9e4a-deecef504ad1	2024-03-29	018e61da-976d-7fca-9165-3e872014d47f	2024-05-08 12:13:19.250779+02	\N	GEPLAND	\N	\N
018f57b1-7790-721a-8638-04d78530a9f3	018f57b1-778f-7836-a3c9-07b57a4597a8	2024-03-05	018e61da-976d-7fca-9165-3e872014d47f	2024-05-08 12:13:19.250779+02	\N	GEPLAND	\N	\N
018fdd0c-250f-77ed-aa03-777dfdb7268e	018fdd0c-24ff-79dd-a842-01db99abc88e	2024-06-03	018e61da-976d-7fca-9165-3e872014d47f	2024-06-03 09:41:51.736918+02	\N	GEPLAND	2024-06-03	\N
018ff2fa-5edc-71ac-a37c-c2fc8ebbf001	018ff2fa-5ed9-7fd6-bb2d-4e15dd058391	2023-06-07	018e61da-976d-7fca-9165-3e872014d47f	2024-06-07 15:54:05.625519+02	\N	GEPLAND	\N	\N
018ff2fa-5edc-71c3-a0bb-3848c093c797	018ff2fa-5edc-793b-896c-b69b35c13e2f	2025-06-07	018e61da-976d-7fca-9165-3e872014d47f	2024-06-07 15:54:05.625519+02	\N	GEPLAND	\N	\N
018ff304-7d21-7268-9136-391d73bbb075	018ff304-7d21-7d40-b25d-6e5946e8a46c	2021-01-01	018e61da-976d-7fca-9165-3e872014d47f	2024-06-07 16:05:08.769081+02	\N	GEPLAND	\N	\N
018ff304-7d21-7fe8-8d5d-abc83515dc7a	018ff304-7d21-766b-b6e2-be579294e95a	2025-01-01	018e61da-976d-7fca-9165-3e872014d47f	2024-06-07 16:05:08.769081+02	\N	GEPLAND	\N	\N
018ff304-7e30-7108-ae7e-bc20d48032b4	018ff304-7e30-73d5-9673-664b0e2a4046	2024-06-07	018e61da-976d-7fca-9165-3e872014d47f	2024-06-07 16:05:09.040177+02	\N	GEPLAND	2024-06-07	\N
018ff304-7e40-7294-b761-9ae7d27deb16	018ff304-7e3f-717f-8eb2-4fa3db825253	2024-06-07	018e61da-976d-7fca-9165-3e872014d47f	2024-06-07 16:05:09.055851+02	\N	GEPLAND	2024-06-07	\N
018ff304-7e52-71ef-9517-1e1d2f55396f	018ff304-7e51-7e06-a3e0-81a188f8300f	2024-06-07	018e61da-976d-7fca-9165-3e872014d47f	2024-06-07 16:05:09.073768+02	\N	GEPLAND	2024-06-07	\N
018ff304-7e6d-77dc-b0f9-5050a31facbe	018ff304-7e6c-7963-bcf6-961dba8c6d45	2024-06-07	018e61da-976d-7fca-9165-3e872014d47f	2024-06-07 16:05:09.100565+02	\N	GEPLAND	2024-06-07	\N
018ff305-952d-751c-a02d-11a63e37a7df	018ff305-952c-7135-ae76-97b784721d52	2021-01-01	018e61da-976d-7fca-9165-3e872014d47f	2024-06-07 16:06:20.460175+02	\N	GEPLAND	\N	\N
018ff305-952d-7669-b473-ec568ee7a6ae	018ff305-952d-713e-9162-c0123338a6f8	2025-01-01	018e61da-976d-7fca-9165-3e872014d47f	2024-06-07 16:06:20.460175+02	\N	GEPLAND	\N	\N
018ff305-95d1-7f17-9723-e5e03da924eb	018ff305-95d1-7e1a-9d00-3be580b9f98b	2024-06-07	018e61da-976d-7fca-9165-3e872014d47f	2024-06-07 16:06:20.625066+02	\N	GEPLAND	2024-06-07	\N
018ff305-95d2-7676-aebb-d832302f16f7	018ff305-95d2-753c-af6f-633175ab07e3	2024-06-07	018e61da-976d-7fca-9165-3e872014d47f	2024-06-07 16:06:20.626509+02	\N	GEPLAND	2024-06-07	\N
018ff305-95d5-7507-b544-2414c6990d99	018ff305-95d5-76e6-90ff-0e359d6d1076	2024-06-07	018e61da-976d-7fca-9165-3e872014d47f	2024-06-07 16:06:20.628927+02	\N	GEPLAND	2024-06-07	\N
018ff305-95e4-7fbc-81b9-d0c961577580	018ff305-95e3-7f5a-8a1e-1c091d591fab	2024-06-07	018e61da-976d-7fca-9165-3e872014d47f	2024-06-07 16:06:20.643759+02	\N	GEPLAND	2024-06-07	\N
018ff307-5a89-7c23-98fe-6ba784c31768	018ff307-5a89-773a-98e1-6bdeaa3c3501	2021-01-01	018e61da-976d-7fca-9165-3e872014d47f	2024-06-07 16:08:16.519912+02	\N	GEPLAND	\N	\N
018ff307-5a89-7c6e-9fbd-9dd12e190d05	018ff307-5a89-7292-82e4-8f50f9f77745	2025-01-01	018e61da-976d-7fca-9165-3e872014d47f	2024-06-07 16:08:16.519912+02	\N	GEPLAND	\N	\N
018ff307-5b3d-7521-bffe-0409f4692357	018ff307-5b3c-7507-8d7f-5f2ba8ce0a84	2024-06-07	018e61da-976d-7fca-9165-3e872014d47f	2024-06-07 16:08:16.700675+02	\N	GEPLAND	2024-06-07	\N
018ff307-5b41-74ed-9f42-33d115b2d3a9	018ff307-5b41-731f-84c7-366069c43ba2	2024-06-07	018e61da-976d-7fca-9165-3e872014d47f	2024-06-07 16:08:16.704917+02	\N	GEPLAND	2024-06-07	\N
018ff307-5b4c-72f9-8c56-1ab46a7747ba	018ff307-5b4b-7cf9-83e5-243cadbf9bd5	2024-06-07	018e61da-976d-7fca-9165-3e872014d47f	2024-06-07 16:08:16.715605+02	\N	GEPLAND	2024-06-07	\N
018ff307-5b5c-77d0-bb61-6809f932402f	018ff307-5b5c-77a0-9fc8-51d44862518e	2024-06-07	018e61da-976d-7fca-9165-3e872014d47f	2024-06-07 16:08:16.732463+02	\N	GEPLAND	2024-06-07	\N
01900157-ca25-7372-9035-44132ec4099c	01900157-ca25-76b4-95bd-cde8b1cf4044	2021-01-01	018e61da-976d-7fca-9165-3e872014d47f	2024-06-10 10:50:48.978656+02	\N	GEPLAND	\N	\N
01900157-ca25-7f2f-b609-00ca886fcfc6	01900157-ca25-7dc8-bb36-c841a9241938	2025-01-01	018e61da-976d-7fca-9165-3e872014d47f	2024-06-10 10:50:48.978656+02	\N	GEPLAND	\N	\N
01900157-cad9-739a-a56a-c8ec813ad442	01900157-cad9-736b-be55-b18c9dfa2e37	2024-06-10	018e61da-976d-7fca-9165-3e872014d47f	2024-06-10 10:50:49.177203+02	\N	GEPLAND	2024-06-10	\N
01900157-cae0-78a4-92a3-6fa0e3132f0f	01900157-cae0-7a3d-9065-62aa5efb4a23	2024-06-10	018e61da-976d-7fca-9165-3e872014d47f	2024-06-10 10:50:49.184627+02	\N	GEPLAND	2024-06-10	\N
01900157-caed-74f5-8d24-bf26209fb872	01900157-caed-72a8-8e25-ce83938fd491	2024-06-10	018e61da-976d-7fca-9165-3e872014d47f	2024-06-10 10:50:49.1972+02	\N	GEPLAND	2024-06-10	\N
01900157-caf7-7f6b-a919-fb90550a79fc	01900157-caf7-7888-abd6-b726f20283b8	2024-06-10	018e61da-976d-7fca-9165-3e872014d47f	2024-06-10 10:50:49.207106+02	\N	GEPLAND	2024-06-10	\N
01900165-e3fe-7246-8404-2b7d499bf8dc	01900165-e3fe-7417-8dd2-07df15c4a57f	2021-01-01	018e61da-976d-7fca-9165-3e872014d47f	2024-06-10 11:06:13.1177+02	\N	GEPLAND	\N	\N
01900165-e3fe-7100-947c-40d5a2eb794c	01900165-e3fe-70d9-b539-c8405ea64113	2025-01-01	018e61da-976d-7fca-9165-3e872014d47f	2024-06-10 11:06:13.1177+02	\N	GEPLAND	\N	\N
01900165-e465-773a-85d8-118c6c32418f	01900165-e465-7cea-8968-c241c3263b53	2024-06-10	018e61da-976d-7fca-9165-3e872014d47f	2024-06-10 11:06:13.22113+02	\N	GEPLAND	2024-06-10	\N
01900165-e46a-7dc2-a216-a704abd69db6	01900165-e46a-774d-b8df-2b60bca105b4	2024-06-10	018e61da-976d-7fca-9165-3e872014d47f	2024-06-10 11:06:13.226382+02	\N	GEPLAND	2024-06-10	\N
01900165-e46e-76e8-82ab-82ec68f155fd	01900165-e46e-7352-9b3c-22e17e1386d5	2024-06-10	018e61da-976d-7fca-9165-3e872014d47f	2024-06-10 11:06:13.230661+02	\N	GEPLAND	2024-06-10	\N
01900165-e474-70a9-8731-2f7a403c3665	01900165-e474-746b-a497-c616ca668fcf	2024-06-10	018e61da-976d-7fca-9165-3e872014d47f	2024-06-10 11:06:13.236268+02	\N	GEPLAND	2024-06-10	\N
0190016a-02ae-7299-98ec-bf1cad7978b6	0190016a-02ae-74d4-919e-6225e41533ee	2021-01-01	018e61da-976d-7fca-9165-3e872014d47f	2024-06-10 11:10:43.118006+02	\N	GEPLAND	\N	\N
0190016a-02ae-7881-b970-f1164521e396	0190016a-02ae-7373-8929-adebadf90178	2025-01-01	018e61da-976d-7fca-9165-3e872014d47f	2024-06-10 11:10:43.118006+02	\N	GEPLAND	\N	\N
0190016a-031d-7c1d-b8ac-c70d8068508c	0190016a-031c-760f-b2b1-af0e57a9a674	2024-06-10	018e61da-976d-7fca-9165-3e872014d47f	2024-06-10 11:10:43.228359+02	\N	GEPLAND	2024-06-10	\N
0190016a-0321-7954-96de-28de641ef855	0190016a-0321-7993-81dc-698e6860631b	2024-06-10	018e61da-976d-7fca-9165-3e872014d47f	2024-06-10 11:10:43.233411+02	\N	GEPLAND	2024-06-10	\N
0190016a-0323-7204-ba98-2b8cbaed179a	0190016a-0323-7750-b1d6-0bb8854465eb	2024-06-10	018e61da-976d-7fca-9165-3e872014d47f	2024-06-10 11:10:43.2352+02	\N	GEPLAND	2024-06-10	\N
0190016a-032d-7d77-992e-56121e281b2c	0190016a-032d-7408-ba2d-fd9241115a9e	2024-06-10	018e61da-976d-7fca-9165-3e872014d47f	2024-06-10 11:10:43.245268+02	\N	GEPLAND	2024-06-10	\N
01900171-5864-7174-b3a7-35da884c48df	01900171-5864-7847-8baa-b09bcac2bdd0	2021-01-01	018e61da-976d-7fca-9165-3e872014d47f	2024-06-10 11:18:43.812089+02	\N	GEPLAND	\N	\N
01900171-5864-7e17-9f40-9cca87ebe641	01900171-5864-7808-a239-7740b4220610	2025-01-01	018e61da-976d-7fca-9165-3e872014d47f	2024-06-10 11:18:43.812089+02	\N	GEPLAND	\N	\N
01900171-58ae-78ec-879b-d607882b2160	01900171-58ad-7a4d-9d2b-cca1972fe199	2024-06-10	018e61da-976d-7fca-9165-3e872014d47f	2024-06-10 11:18:43.885862+02	\N	GEPLAND	2024-06-10	\N
01900171-58b1-733b-909f-f04a48debc93	01900171-58b1-7cda-a9dc-9eafd1a4d491	2024-06-10	018e61da-976d-7fca-9165-3e872014d47f	2024-06-10 11:18:43.889195+02	\N	GEPLAND	2024-06-10	\N
01900171-58b3-7383-bce4-bbe32e87081c	01900171-58b3-76d4-9ecb-7c824e7bde5d	2024-06-10	018e61da-976d-7fca-9165-3e872014d47f	2024-06-10 11:18:43.891192+02	\N	GEPLAND	2024-06-10	\N
01900171-58bd-789b-9a65-79250e214104	01900171-58bc-7615-88ba-d946bb64e32b	2024-06-10	018e61da-976d-7fca-9165-3e872014d47f	2024-06-10 11:18:43.900577+02	\N	GEPLAND	2024-06-10	\N
01900176-e5bd-7f3a-858e-d508b1a46354	01900176-e5bd-7a04-a660-34292715ad29	2021-01-01	018e61da-976d-7fca-9165-3e872014d47f	2024-06-10 11:24:47.677201+02	\N	GEPLAND	\N	\N
01900176-e5be-7d04-8aa7-ae6afd90298d	01900176-e5be-7162-bc06-db4905311c7d	2025-01-01	018e61da-976d-7fca-9165-3e872014d47f	2024-06-10 11:24:47.677201+02	\N	GEPLAND	\N	\N
01900176-e60b-796d-a720-80c3b04a50e5	01900176-e60b-79e6-869f-38fa7a3d592c	2024-06-10	018e61da-976d-7fca-9165-3e872014d47f	2024-06-10 11:24:47.755018+02	\N	GEPLAND	2024-06-10	\N
01900176-e60e-7362-be4e-ab88e9ae70de	01900176-e60e-7cbe-92d5-f220dcb2b77b	2024-06-10	018e61da-976d-7fca-9165-3e872014d47f	2024-06-10 11:24:47.758537+02	\N	GEPLAND	2024-06-10	\N
01900176-e611-7d73-8594-b72744d83995	01900176-e611-7653-a21f-cee383b3e5ca	2024-06-10	018e61da-976d-7fca-9165-3e872014d47f	2024-06-10 11:24:47.76151+02	\N	GEPLAND	2024-06-10	\N
01900176-e617-7e5c-8301-47a209079616	01900176-e616-7215-9bf7-5b3ef159b4ee	2024-06-10	018e61da-976d-7fca-9165-3e872014d47f	2024-06-10 11:24:47.766865+02	\N	GEPLAND	2024-06-10	\N
01900177-7db9-7f1f-a408-493dbdd667b8	01900177-7db9-7a40-9d1f-f6aa566027ad	2021-01-01	018e61da-976d-7fca-9165-3e872014d47f	2024-06-10 11:25:26.584313+02	\N	GEPLAND	\N	\N
01900177-7db9-7f3f-b405-b62b0133bdb1	01900177-7db9-747b-aca7-061b68519e6d	2025-01-01	018e61da-976d-7fca-9165-3e872014d47f	2024-06-10 11:25:26.584313+02	\N	GEPLAND	\N	\N
01900177-7e1e-7c5d-8ef6-662c10053bd6	01900177-7e1e-7f2b-a0d4-30eee62ac2e5	2024-06-10	018e61da-976d-7fca-9165-3e872014d47f	2024-06-10 11:25:26.686627+02	\N	GEPLAND	2024-06-10	\N
01900177-7e20-7420-b780-cb62eff469a8	01900177-7e20-7387-919d-7b2525aae983	2024-06-10	018e61da-976d-7fca-9165-3e872014d47f	2024-06-10 11:25:26.688259+02	\N	GEPLAND	2024-06-10	\N
01900177-7e22-795d-b68d-6cbea02269c4	01900177-7e22-75f9-9313-e84af22854e1	2024-06-10	018e61da-976d-7fca-9165-3e872014d47f	2024-06-10 11:25:26.690129+02	\N	GEPLAND	2024-06-10	\N
01900177-7e29-7c18-8a28-afb612508631	01900177-7e29-73c2-ae9e-f7da996ec8e6	2024-06-10	018e61da-976d-7fca-9165-3e872014d47f	2024-06-10 11:25:26.696883+02	\N	GEPLAND	2024-06-10	\N
01900178-a338-7a04-a66b-95459db329be	01900178-a338-7881-8900-423d5743dd21	2021-01-01	018e61da-976d-7fca-9165-3e872014d47f	2024-06-10 11:26:41.720294+02	\N	GEPLAND	\N	\N
01900178-a338-7d52-b665-930853f3cebf	01900178-a338-7571-aadd-ef3813865c2b	2025-01-01	018e61da-976d-7fca-9165-3e872014d47f	2024-06-10 11:26:41.720294+02	\N	GEPLAND	\N	\N
01900178-a39d-733a-b047-13b559488fd0	01900178-a39d-7deb-b2cd-120a82a52e5c	2024-06-10	018e61da-976d-7fca-9165-3e872014d47f	2024-06-10 11:26:41.821022+02	\N	GEPLAND	2024-06-10	\N
01900178-a3a4-7e45-94a9-6c50e28ef8bc	01900178-a3a4-709b-890d-5f9b15750769	2024-06-10	018e61da-976d-7fca-9165-3e872014d47f	2024-06-10 11:26:41.828095+02	\N	GEPLAND	2024-06-10	\N
01900178-a3a6-7863-8876-e88ed3c23f6c	01900178-a3a6-7381-a2d3-8241ed5fade4	2024-06-10	018e61da-976d-7fca-9165-3e872014d47f	2024-06-10 11:26:41.830606+02	\N	GEPLAND	2024-06-10	\N
01900178-a3b7-705c-b900-2fae7eb50309	01900178-a3b7-7daa-89f2-2471219c4586	2024-06-10	018e61da-976d-7fca-9165-3e872014d47f	2024-06-10 11:26:41.846615+02	\N	GEPLAND	2024-06-10	\N
019001ea-72f6-7593-ad83-297cdd90d659	019001ea-72f6-70c2-a4fb-a2e874c8b5a3	2021-01-01	018e61da-976d-7fca-9165-3e872014d47f	2024-06-10 13:31:00.469674+02	\N	GEPLAND	\N	\N
019001ea-72f6-7239-8286-f6377e6cc466	019001ea-72f6-75c6-bb29-7d0abd55b937	2025-01-01	018e61da-976d-7fca-9165-3e872014d47f	2024-06-10 13:31:00.469674+02	\N	GEPLAND	\N	\N
019001ea-732d-7f38-b728-ea6c2b30802a	019001ea-732d-7176-96f0-8e44a2f844d8	2024-06-10	018e61da-976d-7fca-9165-3e872014d47f	2024-06-10 13:31:00.52559+02	\N	GEPLAND	2024-06-10	\N
019001ea-732f-74ab-9764-e7563019939a	019001ea-732f-7531-b16f-cc0cf96cb408	2024-06-10	018e61da-976d-7fca-9165-3e872014d47f	2024-06-10 13:31:00.527257+02	\N	GEPLAND	2024-06-10	\N
019001ea-7331-75d5-9a1e-f11d5876e9f3	019001ea-7331-7d17-8939-8622a12cbe8b	2024-06-10	018e61da-976d-7fca-9165-3e872014d47f	2024-06-10 13:31:00.529117+02	\N	GEPLAND	2024-06-10	\N
019001ea-7338-75da-8474-0dc2edd0f09d	019001ea-7337-7949-aecd-f224cd16f575	2024-06-10	018e61da-976d-7fca-9165-3e872014d47f	2024-06-10 13:31:00.535522+02	\N	GEPLAND	2024-06-10	\N
0190020d-c8ce-72d6-96d1-0039cef2dcb9	0190020d-c8ce-727b-95b7-099a638371fc	2021-01-01	018e61da-976d-7fca-9165-3e872014d47f	2024-06-10 14:09:36.205855+02	\N	GEPLAND	\N	\N
0190020d-c8ce-75bf-afc8-bfa9654a3320	0190020d-c8ce-7936-91c7-70f60caecb92	2025-01-01	018e61da-976d-7fca-9165-3e872014d47f	2024-06-10 14:09:36.205855+02	\N	GEPLAND	\N	\N
0190020d-c926-7ac5-8ff6-951535dd77ec	0190020d-c925-725a-b331-540f828793f0	2024-06-10	018e61da-976d-7fca-9165-3e872014d47f	2024-06-10 14:09:36.293902+02	\N	GEPLAND	2024-06-10	\N
0190020d-c929-7885-b975-264d97343def	0190020d-c929-7a51-af55-d70bac33d23e	2024-06-10	018e61da-976d-7fca-9165-3e872014d47f	2024-06-10 14:09:36.296967+02	\N	GEPLAND	2024-06-10	\N
0190020d-c92d-7e57-a954-251290b56f62	0190020d-c92c-7941-8672-de6b6948dfc4	2024-06-10	018e61da-976d-7fca-9165-3e872014d47f	2024-06-10 14:09:36.300586+02	\N	GEPLAND	2024-06-10	\N
0190020d-c932-7eb6-94fb-df4f86f127c7	0190020d-c932-7b13-903f-a7d2a91ed289	2024-06-10	018e61da-976d-7fca-9165-3e872014d47f	2024-06-10 14:09:36.306035+02	\N	GEPLAND	2024-06-10	\N
0190020f-6d3c-75e6-b3a2-4089c6d94b13	0190020f-6d3c-722b-80e4-e5f3dd2602e2	2021-01-01	018e61da-976d-7fca-9165-3e872014d47f	2024-06-10 14:11:23.835495+02	\N	GEPLAND	\N	\N
0190020f-6d3c-7608-a4ba-67cdde0efa5b	0190020f-6d3c-7ea2-8833-27d0cdf84e7d	2025-01-01	018e61da-976d-7fca-9165-3e872014d47f	2024-06-10 14:11:23.835495+02	\N	GEPLAND	\N	\N
0190020f-6da5-7d23-b618-bad44bee7085	0190020f-6da5-7434-8bde-87fa6c23a1ac	2024-06-10	018e61da-976d-7fca-9165-3e872014d47f	2024-06-10 14:11:23.941513+02	\N	GEPLAND	2024-06-10	\N
0190020f-6da6-7585-af59-145025970970	0190020f-6da6-7a52-8293-969befcba3b9	2024-06-10	018e61da-976d-7fca-9165-3e872014d47f	2024-06-10 14:11:23.942636+02	\N	GEPLAND	2024-06-10	\N
0190020f-6da9-714c-8055-70a4e56ce475	0190020f-6da9-7dc4-8dd3-8b5514ea0bae	2024-06-10	018e61da-976d-7fca-9165-3e872014d47f	2024-06-10 14:11:23.945226+02	\N	GEPLAND	2024-06-10	\N
0190020f-6db2-78fe-8876-208782822a12	0190020f-6db1-706a-b509-3a0661662a07	2024-06-10	018e61da-976d-7fca-9165-3e872014d47f	2024-06-10 14:11:23.953563+02	\N	GEPLAND	2024-06-10	\N
01900211-de2f-77c9-b000-5426ef2679f8	01900211-de2f-7803-afcd-4c73a01f4e7b	2021-01-01	018e61da-976d-7fca-9165-3e872014d47f	2024-06-10 14:14:03.822946+02	\N	GEPLAND	\N	\N
01900211-de2f-7283-ac21-d2583bd97277	01900211-de2f-7bd0-a1dd-f0c71fd3159b	2025-01-01	018e61da-976d-7fca-9165-3e872014d47f	2024-06-10 14:14:03.822946+02	\N	GEPLAND	\N	\N
01900211-de86-7316-b925-a44d4105562a	01900211-de86-726c-a7a8-4468906d2905	2024-06-10	018e61da-976d-7fca-9165-3e872014d47f	2024-06-10 14:14:03.910155+02	\N	GEPLAND	2024-06-10	\N
01900211-de89-72e4-bdd1-751e67351530	01900211-de89-79d6-a526-cbd62100ae77	2024-06-10	018e61da-976d-7fca-9165-3e872014d47f	2024-06-10 14:14:03.913507+02	\N	GEPLAND	2024-06-10	\N
01900211-de8c-7692-b18c-e0b58f69cb8d	01900211-de8b-784b-9716-bc76fe8757e0	2024-06-10	018e61da-976d-7fca-9165-3e872014d47f	2024-06-10 14:14:03.915659+02	\N	GEPLAND	2024-06-10	\N
01900211-de91-766c-9b6f-243e56937138	01900211-de91-711e-b2b3-1e389b3d40aa	2024-06-10	018e61da-976d-7fca-9165-3e872014d47f	2024-06-10 14:14:03.921148+02	\N	GEPLAND	2024-06-10	\N
01900214-f7a6-7649-882f-978db5e96caf	01900214-f7a6-795c-9f58-72f979832a1d	2021-01-01	018e61da-976d-7fca-9165-3e872014d47f	2024-06-10 14:17:26.950086+02	\N	GEPLAND	\N	\N
01900214-f7a6-793d-8e8b-0ff1b9c8d4c9	01900214-f7a6-743b-82ea-fa0104487a2f	2025-01-01	018e61da-976d-7fca-9165-3e872014d47f	2024-06-10 14:17:26.950086+02	\N	GEPLAND	\N	\N
01900214-f7df-7140-97e3-456dd8d8702a	01900214-f7df-7264-861a-4691b20d9c94	2024-06-10	018e61da-976d-7fca-9165-3e872014d47f	2024-06-10 14:17:27.007373+02	\N	GEPLAND	2024-06-10	\N
01900214-f7e0-72e8-b625-69b9702e1f7f	01900214-f7e0-7c94-8a4a-590839662d2d	2024-06-10	018e61da-976d-7fca-9165-3e872014d47f	2024-06-10 14:17:27.008688+02	\N	GEPLAND	2024-06-10	\N
01900214-f7e1-7623-912e-275fe166b5c5	01900214-f7e1-7076-9437-bb9255ca25b8	2024-06-10	018e61da-976d-7fca-9165-3e872014d47f	2024-06-10 14:17:27.009848+02	\N	GEPLAND	2024-06-10	\N
01900214-f7e4-74b1-a6f7-50d0fd65b8a5	01900214-f7e4-7dce-8035-d7b9a579333f	2024-06-10	018e61da-976d-7fca-9165-3e872014d47f	2024-06-10 14:17:27.012736+02	\N	GEPLAND	2024-06-10	\N
01900217-9e32-7a81-ba8c-03b5a7026e29	01900217-9e32-7ce5-993b-5b4718160cf8	2021-01-01	018e61da-976d-7fca-9165-3e872014d47f	2024-06-10 14:20:20.658289+02	\N	GEPLAND	\N	\N
01900217-9e32-7536-8ba0-0f055a466f0d	01900217-9e32-7722-b0af-97054561a36a	2025-01-01	018e61da-976d-7fca-9165-3e872014d47f	2024-06-10 14:20:20.658289+02	\N	GEPLAND	\N	\N
01900217-9e76-7c94-9be4-18e4566b8167	01900217-9e76-7a55-aa75-a1903995e763	2024-06-10	018e61da-976d-7fca-9165-3e872014d47f	2024-06-10 14:20:20.725941+02	\N	GEPLAND	2024-06-10	\N
01900217-9e7b-76b9-ba08-444e09180da2	01900217-9e7a-789d-be6b-ed8929c10fb3	2024-06-10	018e61da-976d-7fca-9165-3e872014d47f	2024-06-10 14:20:20.730854+02	\N	GEPLAND	2024-06-10	\N
01900217-9e83-72b6-94a5-ddb165485118	01900217-9e82-7370-a388-498be9bb4f6f	2024-06-10	018e61da-976d-7fca-9165-3e872014d47f	2024-06-10 14:20:20.738367+02	\N	GEPLAND	2024-06-10	\N
01900217-9e8b-762f-94a6-9dfcbd7bf81d	01900217-9e8b-746c-bcdb-57bf4b027985	2024-06-10	018e61da-976d-7fca-9165-3e872014d47f	2024-06-10 14:20:20.747685+02	\N	GEPLAND	2024-06-10	\N
0190021b-01bb-71ba-8773-cc6411e7f416	0190021b-01bb-7521-a79b-ac4c62c03c20	2021-01-01	018e61da-976d-7fca-9165-3e872014d47f	2024-06-10 14:24:02.747483+02	\N	GEPLAND	\N	\N
0190021b-01bb-7fb3-8178-947c0b655be8	0190021b-01bb-74e4-8d58-ed3f0edd01d3	2025-01-01	018e61da-976d-7fca-9165-3e872014d47f	2024-06-10 14:24:02.747483+02	\N	GEPLAND	\N	\N
0190021b-01ef-755b-bd64-499f5ff4c363	0190021b-01ef-7694-af25-d97dba79e94a	2024-06-10	018e61da-976d-7fca-9165-3e872014d47f	2024-06-10 14:24:02.798968+02	\N	GEPLAND	2024-06-10	\N
0190021b-01f1-74cb-bd87-40f9197f187e	0190021b-01f1-713d-ae95-738e9b8633d3	2024-06-10	018e61da-976d-7fca-9165-3e872014d47f	2024-06-10 14:24:02.800948+02	\N	GEPLAND	2024-06-10	\N
0190021b-01f7-784b-9c4a-b59401eb2d32	0190021b-01f7-7756-abc0-b9f78690421c	2024-06-10	018e61da-976d-7fca-9165-3e872014d47f	2024-06-10 14:24:02.806952+02	\N	GEPLAND	2024-06-10	\N
0190021b-01fc-70d6-b165-fe11cc2ce9f1	0190021b-01fc-7b45-aa36-fa420c197cf5	2024-06-10	018e61da-976d-7fca-9165-3e872014d47f	2024-06-10 14:24:02.812177+02	\N	GEPLAND	2024-06-10	\N
0190021f-55fa-7e29-9e99-2cd7991c665d	0190021f-55fa-7e92-bf7d-5828e8adec6c	2021-01-01	018e61da-976d-7fca-9165-3e872014d47f	2024-06-10 14:28:46.458469+02	\N	GEPLAND	\N	\N
0190021f-55fa-7a4d-a8b7-0714d7ee9bb7	0190021f-55fa-7cde-8f03-ac35f9d99ea9	2025-01-01	018e61da-976d-7fca-9165-3e872014d47f	2024-06-10 14:28:46.458469+02	\N	GEPLAND	\N	\N
0190021f-562f-7b86-b66c-9e41e84d0eb5	0190021f-562e-72e7-a20d-5fc6d38f6f58	2024-06-10	018e61da-976d-7fca-9165-3e872014d47f	2024-06-10 14:28:46.510932+02	\N	GEPLAND	2024-06-10	\N
0190021f-5630-71b5-b2c3-d217256a749e	0190021f-5630-7aba-9421-f4024d850277	2024-06-10	018e61da-976d-7fca-9165-3e872014d47f	2024-06-10 14:28:46.51219+02	\N	GEPLAND	2024-06-10	\N
0190021f-5632-7754-9d77-618450eec05a	0190021f-5632-760d-8b6e-1b05570b9c0d	2024-06-10	018e61da-976d-7fca-9165-3e872014d47f	2024-06-10 14:28:46.514831+02	\N	GEPLAND	2024-06-10	\N
0190021f-563b-7f12-81a0-29a3144690c9	0190021f-563a-79bf-839c-2c3f1af048d4	2024-06-10	018e61da-976d-7fca-9165-3e872014d47f	2024-06-10 14:28:46.522776+02	\N	GEPLAND	2024-06-10	\N
0190022e-efdd-7a12-b3ce-225bc0864668	0190022e-efdd-783f-a10f-187fe33ea1b2	2021-01-01	018e61da-976d-7fca-9165-3e872014d47f	2024-06-10 14:45:48.893267+02	\N	GEPLAND	\N	\N
0190022e-efde-7c67-a8e5-71a67844af56	0190022e-efde-7c0a-b9d3-2f701b274cec	2025-01-01	018e61da-976d-7fca-9165-3e872014d47f	2024-06-10 14:45:48.893267+02	\N	GEPLAND	\N	\N
0190022e-f016-7f15-a626-610bf5c4ba3b	0190022e-f015-7bd6-ade1-4a38d8083bbb	2024-06-10	018e61da-976d-7fca-9165-3e872014d47f	2024-06-10 14:45:48.949909+02	\N	GEPLAND	2024-06-10	\N
0190022e-f017-7485-b472-586ad45cb3b0	0190022e-f017-7f00-abf3-c4bb078f1073	2024-06-10	018e61da-976d-7fca-9165-3e872014d47f	2024-06-10 14:45:48.950995+02	\N	GEPLAND	2024-06-10	\N
0190022e-f018-79fe-85b5-387fa33f32c3	0190022e-f018-7082-a6cf-e7297b7e9dd1	2024-06-10	018e61da-976d-7fca-9165-3e872014d47f	2024-06-10 14:45:48.952147+02	\N	GEPLAND	2024-06-10	\N
0190022e-f021-7f0d-ab05-d31035e4d8bf	0190022e-f021-713e-a455-8350b5c73baf	2024-06-10	018e61da-976d-7fca-9165-3e872014d47f	2024-06-10 14:45:48.961029+02	\N	GEPLAND	2024-06-10	\N
0190022f-f5d8-742f-8279-f55790517bc5	0190022f-f5d8-7fa6-aaa8-62cd59d5c4f8	2021-01-01	018e61da-976d-7fca-9165-3e872014d47f	2024-06-10 14:46:55.959927+02	\N	GEPLAND	\N	\N
0190022f-f5d8-7ccb-aaad-e50dc8f89031	0190022f-f5d8-78cb-81c9-778ee623b08d	2025-01-01	018e61da-976d-7fca-9165-3e872014d47f	2024-06-10 14:46:55.959927+02	\N	GEPLAND	\N	\N
0190022f-f60f-7cbd-9421-4a7348c87593	0190022f-f60f-7fec-bace-c6f951e1810a	2024-06-10	018e61da-976d-7fca-9165-3e872014d47f	2024-06-10 14:46:56.015216+02	\N	GEPLAND	2024-06-10	\N
0190022f-f613-77b3-a19d-1412e23e522d	0190022f-f613-74ec-b9d2-8d15c3f964d2	2024-06-10	018e61da-976d-7fca-9165-3e872014d47f	2024-06-10 14:46:56.018986+02	\N	GEPLAND	2024-06-10	\N
0190022f-f615-77e9-b790-3d0979984d1f	0190022f-f614-770b-b491-a8107694964d	2024-06-10	018e61da-976d-7fca-9165-3e872014d47f	2024-06-10 14:46:56.020807+02	\N	GEPLAND	2024-06-10	\N
0190022f-f61a-7054-b7ef-dd435f62c9c8	0190022f-f61a-71ac-b8f3-570f0fa68d83	2024-06-10	018e61da-976d-7fca-9165-3e872014d47f	2024-06-10 14:46:56.026039+02	\N	GEPLAND	2024-06-10	\N
01900231-0260-71ec-b491-49baa20a5e16	01900231-0260-7768-926c-a26bc2cc9fb9	2021-01-01	018e61da-976d-7fca-9165-3e872014d47f	2024-06-10 14:48:04.704554+02	\N	GEPLAND	\N	\N
01900231-0260-70f0-ab02-413a2d88bacf	01900231-0260-74e3-914f-14fc7ce2d589	2025-01-01	018e61da-976d-7fca-9165-3e872014d47f	2024-06-10 14:48:04.704554+02	\N	GEPLAND	\N	\N
01900231-0291-7947-acf3-49e8a1965502	01900231-0291-77a9-bdaf-bd342929e891	2024-06-10	018e61da-976d-7fca-9165-3e872014d47f	2024-06-10 14:48:04.753326+02	\N	GEPLAND	2024-06-10	\N
01900231-0293-7252-9fc4-ee516f5b9d25	01900231-0293-7446-b8bc-34965700370b	2024-06-10	018e61da-976d-7fca-9165-3e872014d47f	2024-06-10 14:48:04.755289+02	\N	GEPLAND	2024-06-10	\N
01900231-0298-7a99-bbd5-c5c72a292d2f	01900231-0298-712c-a3f9-7b8fcbaa31c8	2024-06-10	018e61da-976d-7fca-9165-3e872014d47f	2024-06-10 14:48:04.76079+02	\N	GEPLAND	2024-06-10	\N
01900231-029f-74ca-8636-d31f1fe1b3a9	01900231-029f-7a9d-b3aa-dc06de154d9b	2024-06-10	018e61da-976d-7fca-9165-3e872014d47f	2024-06-10 14:48:04.767086+02	\N	GEPLAND	2024-06-10	\N
01900231-c01d-7930-a52b-c33154cb7ff9	01900231-c01d-7608-8bfc-953aab2933fa	2021-01-01	018e61da-976d-7fca-9165-3e872014d47f	2024-06-10 14:48:53.277451+02	\N	GEPLAND	\N	\N
01900231-c01d-7d7a-86e8-eb8fda485ead	01900231-c01d-7cbc-991d-291b604242b6	2025-01-01	018e61da-976d-7fca-9165-3e872014d47f	2024-06-10 14:48:53.277451+02	\N	GEPLAND	\N	\N
01900231-c077-719c-b1f0-cbbb6fa52b30	01900231-c076-79cb-9f2d-61981c45d59e	2024-06-10	018e61da-976d-7fca-9165-3e872014d47f	2024-06-10 14:48:53.366778+02	\N	GEPLAND	2024-06-10	\N
01900231-c079-725e-b0a7-1fb4dd2cc172	01900231-c079-7341-b3c3-ce526e758b17	2024-06-10	018e61da-976d-7fca-9165-3e872014d47f	2024-06-10 14:48:53.369398+02	\N	GEPLAND	2024-06-10	\N
01900231-c07a-79a5-ab9b-560d0e3df1e4	01900231-c07a-7bd1-94c9-16840a2dcf6f	2024-06-10	018e61da-976d-7fca-9165-3e872014d47f	2024-06-10 14:48:53.370748+02	\N	GEPLAND	2024-06-10	\N
01900231-c081-7a56-96a1-9d2a4f3e21e6	01900231-c081-7b4e-87a2-36c49185ad74	2024-06-10	018e61da-976d-7fca-9165-3e872014d47f	2024-06-10 14:48:53.37708+02	\N	GEPLAND	2024-06-10	\N
01900232-5bf2-7b83-b36e-f435438d0c3d	01900232-5bf2-7721-86b2-1886149a9f6a	2021-01-01	018e61da-976d-7fca-9165-3e872014d47f	2024-06-10 14:49:33.169633+02	\N	GEPLAND	\N	\N
01900232-5bf2-70a7-9010-9d244aedc427	01900232-5bf2-7dda-a25a-490fd391a4cf	2025-01-01	018e61da-976d-7fca-9165-3e872014d47f	2024-06-10 14:49:33.169633+02	\N	GEPLAND	\N	\N
01900232-5c33-7db2-a325-99abc18dc81d	01900232-5c33-76fb-8d14-64c7f830dbf6	2024-06-10	018e61da-976d-7fca-9165-3e872014d47f	2024-06-10 14:49:33.235266+02	\N	GEPLAND	2024-06-10	\N
01900232-5c34-7f57-aa18-9f8f51444fa9	01900232-5c34-7629-bd4f-324ad4990aa4	2024-06-10	018e61da-976d-7fca-9165-3e872014d47f	2024-06-10 14:49:33.236451+02	\N	GEPLAND	2024-06-10	\N
01900232-5c35-7c42-8d2e-110396a09b0d	01900232-5c35-7920-b002-e4dd86771999	2024-06-10	018e61da-976d-7fca-9165-3e872014d47f	2024-06-10 14:49:33.237522+02	\N	GEPLAND	2024-06-10	\N
01900232-5c39-7230-82b9-f208fc86ea16	01900232-5c39-785d-9f8b-1cba8dfe1790	2024-06-10	018e61da-976d-7fca-9165-3e872014d47f	2024-06-10 14:49:33.240989+02	\N	GEPLAND	2024-06-10	\N
0190023a-e370-7ec6-9df9-347c8dc0a204	0190023a-e36f-7ec6-921f-7222ee24fefe	2021-01-01	018e61da-976d-7fca-9165-3e872014d47f	2024-06-10 14:58:52.143335+02	\N	GEPLAND	\N	\N
0190023a-e370-745d-a1c5-f4c91da004d4	0190023a-e370-7fec-8e41-2fafd29a191e	2025-01-01	018e61da-976d-7fca-9165-3e872014d47f	2024-06-10 14:58:52.143335+02	\N	GEPLAND	\N	\N
0190023a-e3ea-79f9-8253-0d6d37def502	0190023a-e3e9-7681-80e4-3fb3cc284f51	2024-06-10	018e61da-976d-7fca-9165-3e872014d47f	2024-06-10 14:58:52.265922+02	\N	GEPLAND	2024-06-10	\N
0190023a-e3eb-7094-b40a-538a0df7c26d	0190023a-e3ea-7d7d-931a-0c994202e4c0	2024-06-10	018e61da-976d-7fca-9165-3e872014d47f	2024-06-10 14:58:52.266974+02	\N	GEPLAND	2024-06-10	\N
0190023a-e3ec-7044-8f46-9518bf6fc056	0190023a-e3eb-7ee6-b7b9-f8859e9e03cf	2024-06-10	018e61da-976d-7fca-9165-3e872014d47f	2024-06-10 14:58:52.267957+02	\N	GEPLAND	2024-06-10	\N
0190023a-e3ef-7812-87ea-d3706e7bc689	0190023a-e3ee-7013-9d37-905b52962ede	2024-06-10	018e61da-976d-7fca-9165-3e872014d47f	2024-06-10 14:58:52.27087+02	\N	GEPLAND	2024-06-10	\N
0190023b-c131-75f0-946a-56c1c9871a83	0190023b-c131-7ab1-acb7-bcb70d47e6a0	2021-01-01	018e61da-976d-7fca-9165-3e872014d47f	2024-06-10 14:59:48.913252+02	\N	GEPLAND	\N	\N
0190023b-c131-779d-b011-11ccee49644a	0190023b-c131-7953-be79-98eed72b10a9	2025-01-01	018e61da-976d-7fca-9165-3e872014d47f	2024-06-10 14:59:48.913252+02	\N	GEPLAND	\N	\N
0190023b-c19d-7b73-a011-92e19364a2b7	0190023b-c19c-7d59-9aca-50cc099f958f	2024-06-10	018e61da-976d-7fca-9165-3e872014d47f	2024-06-10 14:59:49.020724+02	\N	GEPLAND	2024-06-10	\N
0190023b-c19f-74e3-a21a-c83780234c75	0190023b-c19f-7187-bd96-b6c8e4efe605	2024-06-10	018e61da-976d-7fca-9165-3e872014d47f	2024-06-10 14:59:49.02359+02	\N	GEPLAND	2024-06-10	\N
0190023b-c1a3-74ab-8a38-0fab5bbb0de2	0190023b-c1a3-70d7-ae90-e352bfa8716d	2024-06-10	018e61da-976d-7fca-9165-3e872014d47f	2024-06-10 14:59:49.02735+02	\N	GEPLAND	2024-06-10	\N
0190023b-c1a7-74bf-9e00-0f7d73f9cfe9	0190023b-c1a7-7366-be5f-77ea84d6f8d5	2024-06-10	018e61da-976d-7fca-9165-3e872014d47f	2024-06-10 14:59:49.030958+02	\N	GEPLAND	2024-06-10	\N
0190023c-a096-7f50-a5cc-575c8d1a1673	0190023c-a096-71d9-8ca9-bcc595f33d6f	2021-01-01	018e61da-976d-7fca-9165-3e872014d47f	2024-06-10 15:00:46.102064+02	\N	GEPLAND	\N	\N
0190023c-a096-7176-b7a3-fb340b268108	0190023c-a096-7c89-9bf5-7c9ca7387035	2025-01-01	018e61da-976d-7fca-9165-3e872014d47f	2024-06-10 15:00:46.102064+02	\N	GEPLAND	\N	\N
0190023c-a0e9-7d8f-b16d-b5bbd4b063f7	0190023c-a0e9-702f-ba6f-f6d896d5354a	2024-06-10	018e61da-976d-7fca-9165-3e872014d47f	2024-06-10 15:00:46.185636+02	\N	GEPLAND	2024-06-10	\N
0190023c-a0ea-7aef-a3e3-8d300ff6abda	0190023c-a0ea-7b08-81e0-05cb032ad1be	2024-06-10	018e61da-976d-7fca-9165-3e872014d47f	2024-06-10 15:00:46.186569+02	\N	GEPLAND	2024-06-10	\N
0190023c-a0eb-7b71-badd-3ef897751c96	0190023c-a0eb-7712-a98a-6e0b2d650f71	2024-06-10	018e61da-976d-7fca-9165-3e872014d47f	2024-06-10 15:00:46.187258+02	\N	GEPLAND	2024-06-10	\N
0190023c-a0ed-7f95-a4a7-bc29a861dbe9	0190023c-a0ed-7d31-9a4b-0cd7e3db8df3	2024-06-10	018e61da-976d-7fca-9165-3e872014d47f	2024-06-10 15:00:46.18959+02	\N	GEPLAND	2024-06-10	\N
0190023e-8de3-7a39-b47a-37b727819042	0190023e-8de3-7e00-921a-c2a6f39d82c0	2021-01-01	018e61da-976d-7fca-9165-3e872014d47f	2024-06-10 15:02:52.386667+02	\N	GEPLAND	\N	\N
0190023e-8de3-7c5f-bdca-48df30676c49	0190023e-8de3-7187-b933-0561573ba702	2025-01-01	018e61da-976d-7fca-9165-3e872014d47f	2024-06-10 15:02:52.386667+02	\N	GEPLAND	\N	\N
0190023e-8e4f-70d7-9bb0-819c427a27f4	0190023e-8e4e-7a09-9424-45fc9f1b1f89	2024-06-10	018e61da-976d-7fca-9165-3e872014d47f	2024-06-10 15:02:52.494835+02	\N	GEPLAND	2024-06-10	\N
0190023e-8e54-79f2-a09d-e24a4b184be7	0190023e-8e54-7a4e-86e3-c6bca96ff120	2024-06-10	018e61da-976d-7fca-9165-3e872014d47f	2024-06-10 15:02:52.500295+02	\N	GEPLAND	2024-06-10	\N
0190023e-8e57-7362-8b6d-19582b675117	0190023e-8e57-782d-ba7c-d5f69ac1b6ec	2024-06-10	018e61da-976d-7fca-9165-3e872014d47f	2024-06-10 15:02:52.503652+02	\N	GEPLAND	2024-06-10	\N
0190023e-8e5b-74ba-abd1-3537c5b19f5c	0190023e-8e5b-7429-8dad-e3b1c94fbcc2	2024-06-10	018e61da-976d-7fca-9165-3e872014d47f	2024-06-10 15:02:52.507199+02	\N	GEPLAND	2024-06-10	\N
01900243-87f4-71a7-9554-f7a865612501	01900243-87f4-7ce5-a3e6-6859ce3f57ef	2021-01-01	018e61da-976d-7fca-9165-3e872014d47f	2024-06-10 15:08:18.547965+02	\N	GEPLAND	\N	\N
01900243-87f4-7c84-b33c-338f01e75aca	01900243-87f4-7f73-80d6-3837a993a75d	2025-01-01	018e61da-976d-7fca-9165-3e872014d47f	2024-06-10 15:08:18.547965+02	\N	GEPLAND	\N	\N
01900243-8877-76b7-8212-9153c42e01ad	01900243-8877-7459-9e8a-3e925b24a5b4	2024-06-10	018e61da-976d-7fca-9165-3e872014d47f	2024-06-10 15:08:18.679597+02	\N	GEPLAND	2024-06-10	\N
01900243-8879-7c0e-92e9-a90e513dc3ca	01900243-8879-7a0c-aa47-a46fc43103c8	2024-06-10	018e61da-976d-7fca-9165-3e872014d47f	2024-06-10 15:08:18.681208+02	\N	GEPLAND	2024-06-10	\N
01900243-887b-7159-81e9-1aa27b5d053e	01900243-887b-7ebf-87ff-69a33dad8465	2024-06-10	018e61da-976d-7fca-9165-3e872014d47f	2024-06-10 15:08:18.683322+02	\N	GEPLAND	2024-06-10	\N
01900243-8883-7a64-91df-7f66ab7d3f96	01900243-8883-7318-adb8-b5a8f593e977	2024-06-10	018e61da-976d-7fca-9165-3e872014d47f	2024-06-10 15:08:18.691127+02	\N	GEPLAND	2024-06-10	\N
01900244-c2e1-7ec9-abd8-86b6cacf5c12	01900244-c2e1-75fc-8b55-c32627e04991	2021-01-01	018e61da-976d-7fca-9165-3e872014d47f	2024-06-10 15:09:39.169221+02	\N	GEPLAND	\N	\N
01900244-c2e1-77ab-a4be-e22bb09a22b3	01900244-c2e1-7bd7-85ea-132c3f1c63c1	2025-01-01	018e61da-976d-7fca-9165-3e872014d47f	2024-06-10 15:09:39.169221+02	\N	GEPLAND	\N	\N
01900244-c33c-7e62-ba13-db65db1d95cf	01900244-c33c-75a3-a18e-29dcb918c5ad	2024-06-10	018e61da-976d-7fca-9165-3e872014d47f	2024-06-10 15:09:39.260286+02	\N	GEPLAND	2024-06-10	\N
01900244-c33f-7eac-92ff-2659c3b4c4f1	01900244-c33f-78c0-8618-932cf3602455	2024-06-10	018e61da-976d-7fca-9165-3e872014d47f	2024-06-10 15:09:39.263455+02	\N	GEPLAND	2024-06-10	\N
01900244-c342-70e4-8812-658236ac2d0f	01900244-c342-72a5-8515-87b2ce7aa049	2024-06-10	018e61da-976d-7fca-9165-3e872014d47f	2024-06-10 15:09:39.2662+02	\N	GEPLAND	2024-06-10	\N
01900244-c346-7506-9a71-c1e41f7faa23	01900244-c346-7c45-bac6-4e5dd960eb6e	2024-06-10	018e61da-976d-7fca-9165-3e872014d47f	2024-06-10 15:09:39.270217+02	\N	GEPLAND	2024-06-10	\N
019002d0-5bf1-7eae-b885-8e5f72a44452	019002d0-5bf1-74dc-ada9-e0660d7c4317	2021-01-01	018e61da-976d-7fca-9165-3e872014d47f	2024-06-10 17:42:07.857135+02	\N	GEPLAND	\N	\N
019002d0-5bf1-7c89-b1e1-f0b00cb74b78	019002d0-5bf1-7e8c-8ec8-acf5b4ca6c57	2025-01-01	018e61da-976d-7fca-9165-3e872014d47f	2024-06-10 17:42:07.857135+02	\N	GEPLAND	\N	\N
019002d0-5c24-750b-aeaf-75aa173fbcbd	019002d0-5c24-7432-9fb6-cbe0fe002cdd	2024-06-10	018e61da-976d-7fca-9165-3e872014d47f	2024-06-10 17:42:07.908804+02	\N	GEPLAND	2024-06-10	\N
019002d0-5c25-7903-9d5d-6bba178c06dc	019002d0-5c25-711d-84c5-37d725a79c40	2024-06-10	018e61da-976d-7fca-9165-3e872014d47f	2024-06-10 17:42:07.909688+02	\N	GEPLAND	2024-06-10	\N
019002d0-5c26-73d3-acab-540b489cc9dc	019002d0-5c26-7196-83dd-a3cc7479b4e3	2024-06-10	018e61da-976d-7fca-9165-3e872014d47f	2024-06-10 17:42:07.910426+02	\N	GEPLAND	2024-06-10	\N
019002d0-5c29-733e-81c0-4f1a3b982087	019002d0-5c29-7dac-9545-cb5b144d389c	2024-06-10	018e61da-976d-7fca-9165-3e872014d47f	2024-06-10 17:42:07.91328+02	\N	GEPLAND	2024-06-10	\N
019002d3-0ce8-78b6-ae1e-7709318247b0	019002d3-0ce8-7afc-8901-8f7333598585	2021-01-01	018e61da-976d-7fca-9165-3e872014d47f	2024-06-10 17:45:04.232428+02	\N	GEPLAND	\N	\N
019002d3-0ce8-7ec3-a22f-1d4dd7f0356d	019002d3-0ce8-781c-a8fc-b01925c826dd	2025-01-01	018e61da-976d-7fca-9165-3e872014d47f	2024-06-10 17:45:04.232428+02	\N	GEPLAND	\N	\N
019002d3-0d19-70f9-9aa7-ea1e1d8bb232	019002d3-0d19-71b7-974c-8712ab90bba8	2024-06-10	018e61da-976d-7fca-9165-3e872014d47f	2024-06-10 17:45:04.28173+02	\N	GEPLAND	2024-06-10	\N
019002d3-0d1a-732d-be24-8861b2856520	019002d3-0d1a-7d31-824b-dffd8988ff58	2024-06-10	018e61da-976d-7fca-9165-3e872014d47f	2024-06-10 17:45:04.282896+02	\N	GEPLAND	2024-06-10	\N
019002d3-0d1b-7e3e-94df-3288c7f0de58	019002d3-0d1b-7873-a400-87ac79b7a492	2024-06-10	018e61da-976d-7fca-9165-3e872014d47f	2024-06-10 17:45:04.283901+02	\N	GEPLAND	2024-06-10	\N
019002d3-0d1f-7f46-98af-4978d7d19437	019002d3-0d1f-7cac-a548-c2e7a5e9bf5e	2024-06-10	018e61da-976d-7fca-9165-3e872014d47f	2024-06-10 17:45:04.287662+02	\N	GEPLAND	2024-06-10	\N
019002d4-a001-71ed-b272-1e0f0d19b5d1	019002d4-a001-7bd3-91ee-c84b409325cd	2021-01-01	018e61da-976d-7fca-9165-3e872014d47f	2024-06-10 17:46:47.425059+02	\N	GEPLAND	\N	\N
019002d4-a001-7f17-b9b7-65e7ea4b6240	019002d4-a001-723a-b300-9be7be1a2388	2025-01-01	018e61da-976d-7fca-9165-3e872014d47f	2024-06-10 17:46:47.425059+02	\N	GEPLAND	\N	\N
019002d4-a02c-720b-a656-b9657fb1ec7d	019002d4-a02c-70e2-962d-de05831102ba	2024-06-10	018e61da-976d-7fca-9165-3e872014d47f	2024-06-10 17:46:47.468052+02	\N	GEPLAND	2024-06-10	\N
019002d4-a02e-738b-963a-db99a45841e0	019002d4-a02e-726e-911b-5457c7c56aca	2024-06-10	018e61da-976d-7fca-9165-3e872014d47f	2024-06-10 17:46:47.470255+02	\N	GEPLAND	2024-06-10	\N
019002d4-a030-7e97-9fb4-3a2f25ca9099	019002d4-a030-7f4c-b65d-51d7b53be98d	2024-06-10	018e61da-976d-7fca-9165-3e872014d47f	2024-06-10 17:46:47.472331+02	\N	GEPLAND	2024-06-10	\N
019002d4-a036-742a-b113-5f3f06512f2b	019002d4-a036-7340-825e-80cf66a2f638	2024-06-10	018e61da-976d-7fca-9165-3e872014d47f	2024-06-10 17:46:47.478754+02	\N	GEPLAND	2024-06-10	\N
01900396-85e8-7ec3-816a-768c14c2d5b3	01900396-85e8-7c9e-8cb6-55121b2c71ca	2021-01-01	018e61da-976d-7fca-9165-3e872014d47f	2024-06-10 21:18:34.71172+02	\N	GEPLAND	\N	\N
01900396-85e8-7718-94ea-325bb766774a	01900396-85e8-7c96-b65f-d28fbcc818c5	2025-01-01	018e61da-976d-7fca-9165-3e872014d47f	2024-06-10 21:18:34.71172+02	\N	GEPLAND	\N	\N
01900396-868e-78dd-a1e4-d5aef47d6dca	01900396-868e-789c-a4be-f4a14c635dd2	2024-06-10	018e61da-976d-7fca-9165-3e872014d47f	2024-06-10 21:18:34.894529+02	\N	GEPLAND	2024-06-10	\N
01900396-869d-79e3-b597-b6f22dfe428e	01900396-869d-7724-926e-0bd77126e171	2024-06-10	018e61da-976d-7fca-9165-3e872014d47f	2024-06-10 21:18:34.909452+02	\N	GEPLAND	2024-06-10	\N
01900396-86a3-75ad-89ad-3028cd4551b6	01900396-86a3-70a5-8712-8dc945000802	2024-06-10	018e61da-976d-7fca-9165-3e872014d47f	2024-06-10 21:18:34.915465+02	\N	GEPLAND	2024-06-10	\N
01900396-86af-7e1f-8f6c-a72f463b2efb	01900396-86ae-7ee8-b684-0cb312e015c2	2024-06-10	018e61da-976d-7fca-9165-3e872014d47f	2024-06-10 21:18:34.926497+02	\N	GEPLAND	2024-06-10	\N
01900397-bbc5-7ede-be50-34b33119a590	01900397-bbc5-73d7-8f31-ecdac84693b3	2021-01-01	018e61da-976d-7fca-9165-3e872014d47f	2024-06-10 21:19:54.053326+02	\N	GEPLAND	\N	\N
01900397-bbc5-7607-a776-ba95d3a48672	01900397-bbc5-79c9-8649-2aa88b80c0ad	2025-01-01	018e61da-976d-7fca-9165-3e872014d47f	2024-06-10 21:19:54.053326+02	\N	GEPLAND	\N	\N
01900397-bc07-72e4-acff-18bf41b5a44c	01900397-bc07-7041-824a-f58c5f2a3fcf	2024-06-10	018e61da-976d-7fca-9165-3e872014d47f	2024-06-10 21:19:54.119287+02	\N	GEPLAND	2024-06-10	\N
01900397-bc09-72a2-8385-8fb8cd5e1e81	01900397-bc09-7d24-bbe7-3b19cfcb9156	2024-06-10	018e61da-976d-7fca-9165-3e872014d47f	2024-06-10 21:19:54.121521+02	\N	GEPLAND	2024-06-10	\N
01900397-bc0b-7e40-8229-6921742c2743	01900397-bc0b-7c9d-976f-0bbf8cb07b5b	2024-06-10	018e61da-976d-7fca-9165-3e872014d47f	2024-06-10 21:19:54.123308+02	\N	GEPLAND	2024-06-10	\N
01900397-bc0e-7b3b-9b64-78e1bf1e1f32	01900397-bc0e-744c-8eff-29d94d28a22a	2024-06-10	018e61da-976d-7fca-9165-3e872014d47f	2024-06-10 21:19:54.126815+02	\N	GEPLAND	2024-06-10	\N
01900718-038f-7687-b49e-21958d469e02	01900718-038e-758c-9ee8-80bdae29f13a	2021-01-01	018e61da-976d-7fca-9165-3e872014d47f	2024-06-11 13:38:52.665041+02	\N	GEPLAND	\N	\N
01900718-038f-7f9e-a714-84838029868b	01900718-038f-7df4-aa65-d08711df5560	2025-01-01	018e61da-976d-7fca-9165-3e872014d47f	2024-06-11 13:38:52.665041+02	\N	GEPLAND	\N	\N
01900718-044a-7864-ae92-6517014ae93d	01900718-044a-7ff7-a39e-37d542229ccb	2024-06-11	018e61da-976d-7fca-9165-3e872014d47f	2024-06-11 13:38:52.874843+02	\N	GEPLAND	2024-06-11	\N
01900718-0457-71eb-bbe9-958c55852936	01900718-0457-7e6a-a0d4-a2f2e607b5bd	2024-06-11	018e61da-976d-7fca-9165-3e872014d47f	2024-06-11 13:38:52.887592+02	\N	GEPLAND	2024-06-11	\N
01900718-045c-746e-840a-7d045e888b6f	01900718-045c-7b1d-be7e-8cb93aa21747	2024-06-11	018e61da-976d-7fca-9165-3e872014d47f	2024-06-11 13:38:52.892507+02	\N	GEPLAND	2024-06-11	\N
01900718-0465-72f2-8ffa-1a633ee1ffe2	01900718-0464-77f7-ac93-2991bd617cf4	2024-06-11	018e61da-976d-7fca-9165-3e872014d47f	2024-06-11 13:38:52.900888+02	\N	GEPLAND	2024-06-11	\N
0190071a-0a6d-7c76-992d-da596d32b774	0190071a-0a6c-70ab-8fff-dfaeabbd1c1a	2021-01-01	018e61da-976d-7fca-9165-3e872014d47f	2024-06-11 13:41:05.515675+02	\N	GEPLAND	\N	\N
0190071a-0a6d-727e-b016-4d5579ba5d72	0190071a-0a6d-7d5a-997c-921894749875	2025-01-01	018e61da-976d-7fca-9165-3e872014d47f	2024-06-11 13:41:05.515675+02	\N	GEPLAND	\N	\N
0190071a-0af2-7948-ab06-787a027613ef	0190071a-0af2-759a-8d48-85dcf6abc13c	2024-06-11	018e61da-976d-7fca-9165-3e872014d47f	2024-06-11 13:41:05.650412+02	\N	GEPLAND	2024-06-11	\N
0190071a-0af5-74a5-864d-fe2d5d5eddeb	0190071a-0af4-7aee-bc88-5d9ea2734a72	2024-06-11	018e61da-976d-7fca-9165-3e872014d47f	2024-06-11 13:41:05.652869+02	\N	GEPLAND	2024-06-11	\N
0190071a-0af7-753d-85f2-cf48c6f65e45	0190071a-0af7-70f8-85a3-bcc2b58ee31a	2024-06-11	018e61da-976d-7fca-9165-3e872014d47f	2024-06-11 13:41:05.655249+02	\N	GEPLAND	2024-06-11	\N
0190071a-0b00-7c91-8661-e223eb67c6ee	0190071a-0b00-74d5-b36e-53189c7f6f8e	2024-06-11	018e61da-976d-7fca-9165-3e872014d47f	2024-06-11 13:41:05.664299+02	\N	GEPLAND	2024-06-11	\N
0190071e-f432-7e37-a6cb-fcd4c868102e	0190071e-f432-7097-8435-1cd0c6fd46a0	2021-01-01	018e61da-976d-7fca-9165-3e872014d47f	2024-06-11 13:46:27.505802+02	\N	GEPLAND	\N	\N
0190071e-f432-7fcd-a35d-a4bd42147886	0190071e-f432-70d2-b6d9-6324d07bdb52	2025-01-01	018e61da-976d-7fca-9165-3e872014d47f	2024-06-11 13:46:27.505802+02	\N	GEPLAND	\N	\N
0190071e-f4ce-7340-9670-300b6e42ba4e	0190071e-f4ce-7257-950f-e964914dfdf2	2024-06-11	018e61da-976d-7fca-9165-3e872014d47f	2024-06-11 13:46:27.661969+02	\N	GEPLAND	2024-06-11	\N
0190071e-f4d4-7d8a-8d05-bed7979bc945	0190071e-f4d4-79fc-abaa-e851448bfdbb	2024-06-11	018e61da-976d-7fca-9165-3e872014d47f	2024-06-11 13:46:27.668241+02	\N	GEPLAND	2024-06-11	\N
0190071e-f4da-76d1-87c7-2329fb4d0df5	0190071e-f4da-7ba6-beac-44dc588b58c1	2024-06-11	018e61da-976d-7fca-9165-3e872014d47f	2024-06-11 13:46:27.673986+02	\N	GEPLAND	2024-06-11	\N
0190071e-f4e5-7eda-9aaf-5eb1235dd66d	0190071e-f4e5-77c6-8a3d-a39ff03e63d3	2024-06-11	018e61da-976d-7fca-9165-3e872014d47f	2024-06-11 13:46:27.685551+02	\N	GEPLAND	2024-06-11	\N
01900720-1c61-762e-ab2f-972abdf9400e	01900720-1c61-7feb-af0c-32d518323638	2021-01-01	018e61da-976d-7fca-9165-3e872014d47f	2024-06-11 13:47:43.329502+02	\N	GEPLAND	\N	\N
01900720-1c61-715c-9b13-0633ba631d97	01900720-1c61-7a9d-a0b5-82019f724c5e	2025-01-01	018e61da-976d-7fca-9165-3e872014d47f	2024-06-11 13:47:43.329502+02	\N	GEPLAND	\N	\N
01900720-1d3f-7a33-a8ba-4288fd00ecac	01900720-1d3f-792a-ae58-7d0bd91fd22a	2024-06-11	018e61da-976d-7fca-9165-3e872014d47f	2024-06-11 13:47:43.551584+02	\N	GEPLAND	2024-06-11	\N
01900720-1d42-76d5-90af-b97dc24a186d	01900720-1d42-7155-bae3-0889c3e4cbc5	2024-06-11	018e61da-976d-7fca-9165-3e872014d47f	2024-06-11 13:47:43.55466+02	\N	GEPLAND	2024-06-11	\N
01900720-1d4d-73fb-914f-ec92b9b15608	01900720-1d4d-7095-9e6b-875063485d18	2024-06-11	018e61da-976d-7fca-9165-3e872014d47f	2024-06-11 13:47:43.565458+02	\N	GEPLAND	2024-06-11	\N
01900720-1d55-7a03-baf7-0c41526b74c4	01900720-1d54-7689-8fb3-630a79926a8d	2024-06-11	018e61da-976d-7fca-9165-3e872014d47f	2024-06-11 13:47:43.572085+02	\N	GEPLAND	2024-06-11	\N
01900721-ea95-76ba-8333-a0aa504436d3	01900721-ea95-7f92-96a8-a0cb207afe90	2021-01-01	018e61da-976d-7fca-9165-3e872014d47f	2024-06-11 13:49:41.65362+02	\N	GEPLAND	\N	\N
01900721-ea96-7fe4-9abd-32aacadf405d	01900721-ea96-7813-b35c-953fddb9cf94	2025-01-01	018e61da-976d-7fca-9165-3e872014d47f	2024-06-11 13:49:41.65362+02	\N	GEPLAND	\N	\N
01900721-eae9-7fad-8fc9-d6b797e9f3bc	01900721-eae9-7b35-9661-a2e2ee438969	2024-06-11	018e61da-976d-7fca-9165-3e872014d47f	2024-06-11 13:49:41.736976+02	\N	GEPLAND	2024-06-11	\N
01900721-eaea-71fc-b25c-a6b17b3cd477	01900721-eaea-7435-870a-bcc60bb8b4f3	2024-06-11	018e61da-976d-7fca-9165-3e872014d47f	2024-06-11 13:49:41.738693+02	\N	GEPLAND	2024-06-11	\N
01900721-eaf1-7f42-a6c5-dfe31aa9fdc5	01900721-eaf0-73c9-b708-9f98d5934035	2024-06-11	018e61da-976d-7fca-9165-3e872014d47f	2024-06-11 13:49:41.744143+02	\N	GEPLAND	2024-06-11	\N
01900721-eaf9-7523-b5c0-36a3bba37dfb	01900721-eaf9-7c20-8176-80997a5cfd0d	2024-06-11	018e61da-976d-7fca-9165-3e872014d47f	2024-06-11 13:49:41.75298+02	\N	GEPLAND	2024-06-11	\N
01900726-58cb-7c87-8560-3c8d2b3dd87d	01900726-58cb-7262-9cbb-81d7a4d42362	2021-01-01	018e61da-976d-7fca-9165-3e872014d47f	2024-06-11 13:54:32.011001+02	\N	GEPLAND	\N	\N
01900726-58cb-7f02-9643-27196cbe6de6	01900726-58cb-74a3-afce-f55083e0726f	2025-01-01	018e61da-976d-7fca-9165-3e872014d47f	2024-06-11 13:54:32.011001+02	\N	GEPLAND	\N	\N
01900726-5934-7160-b4f9-ff491cdc3a15	01900726-5934-7e84-80b9-65569033ac7a	2024-06-11	018e61da-976d-7fca-9165-3e872014d47f	2024-06-11 13:54:32.116286+02	\N	GEPLAND	2024-06-11	\N
01900726-5938-7cd4-9606-a32f3352c98d	01900726-5938-7e9b-8bf5-8ce5a57c130a	2024-06-11	018e61da-976d-7fca-9165-3e872014d47f	2024-06-11 13:54:32.120685+02	\N	GEPLAND	2024-06-11	\N
01900726-593e-7ebe-85a1-af47ac710f79	01900726-593d-774b-ae93-30866ed6ac96	2024-06-11	018e61da-976d-7fca-9165-3e872014d47f	2024-06-11 13:54:32.125695+02	\N	GEPLAND	2024-06-11	\N
01900726-5948-776f-b328-39a0f12d84da	01900726-5948-7a16-8d23-4ac88a5d1b07	2024-06-11	018e61da-976d-7fca-9165-3e872014d47f	2024-06-11 13:54:32.136003+02	\N	GEPLAND	2024-06-11	\N
01900739-7129-7a03-bd08-2d845e6786bc	01900739-7129-7015-a838-424d222b9387	2021-01-01	018e61da-976d-7fca-9165-3e872014d47f	2024-06-11 14:15:23.433517+02	\N	GEPLAND	\N	\N
01900739-7129-758c-b3fc-e67f202f5acc	01900739-7129-7cbf-b230-fcf393986e6d	2025-01-01	018e61da-976d-7fca-9165-3e872014d47f	2024-06-11 14:15:23.433517+02	\N	GEPLAND	\N	\N
01900739-715e-70e3-8180-684309040218	01900739-715e-76ab-bdb7-441ecfa6cab0	2024-06-11	018e61da-976d-7fca-9165-3e872014d47f	2024-06-11 14:15:23.486773+02	\N	GEPLAND	2024-06-11	\N
01900739-7160-7f29-90d8-9f55d256aacb	01900739-7160-72d6-94a1-9fc4c84c3e30	2024-06-11	018e61da-976d-7fca-9165-3e872014d47f	2024-06-11 14:15:23.488055+02	\N	GEPLAND	2024-06-11	\N
01900739-7161-7daa-9c61-88a9e9eff2a3	01900739-7161-7079-8f3f-43078255be13	2024-06-11	018e61da-976d-7fca-9165-3e872014d47f	2024-06-11 14:15:23.489232+02	\N	GEPLAND	2024-06-11	\N
01900739-7164-796f-af26-e085706c815c	01900739-7164-7ba5-a7f7-fab730e9e0b8	2024-06-11	018e61da-976d-7fca-9165-3e872014d47f	2024-06-11 14:15:23.492527+02	\N	GEPLAND	2024-06-11	\N
0190073a-0fb2-7aed-803c-98c043bfbf8c	0190073a-0fb2-7b3c-a8c7-09ff305da4c0	2021-01-01	018e61da-976d-7fca-9165-3e872014d47f	2024-06-11 14:16:04.018339+02	\N	GEPLAND	\N	\N
0190073a-0fb2-759c-94f4-193c41e11630	0190073a-0fb2-70cc-ab49-14bcd488266d	2025-01-01	018e61da-976d-7fca-9165-3e872014d47f	2024-06-11 14:16:04.018339+02	\N	GEPLAND	\N	\N
0190073a-0fe0-7617-9245-3381b38d236b	0190073a-0fe0-7f69-b239-e03cdbf1cd00	2024-06-11	018e61da-976d-7fca-9165-3e872014d47f	2024-06-11 14:16:04.064289+02	\N	GEPLAND	2024-06-11	\N
0190073a-0fe2-7e80-a604-ce53a37082e5	0190073a-0fe2-7b96-a271-c2e542b61423	2024-06-11	018e61da-976d-7fca-9165-3e872014d47f	2024-06-11 14:16:04.066194+02	\N	GEPLAND	2024-06-11	\N
0190073a-0fe4-7090-ae8d-6f3bf2bd57df	0190073a-0fe4-7ed0-9feb-3a380f9df600	2024-06-11	018e61da-976d-7fca-9165-3e872014d47f	2024-06-11 14:16:04.068166+02	\N	GEPLAND	2024-06-11	\N
0190073a-0fe8-7ceb-8e9c-a1d891955c6b	0190073a-0fe8-775a-b58a-af6f330087e2	2024-06-11	018e61da-976d-7fca-9165-3e872014d47f	2024-06-11 14:16:04.072407+02	\N	GEPLAND	2024-06-11	\N
0190073b-bed9-7a82-a550-59979f4a38a2	0190073b-bed9-7c59-a922-c188b71b346a	2021-01-01	018e61da-976d-7fca-9165-3e872014d47f	2024-06-11 14:17:54.392817+02	\N	GEPLAND	\N	\N
0190073b-bed9-763c-bbb3-114a99a3819f	0190073b-bed9-7144-a2b1-e14c1bf8738f	2025-01-01	018e61da-976d-7fca-9165-3e872014d47f	2024-06-11 14:17:54.392817+02	\N	GEPLAND	\N	\N
0190073b-bef9-74af-a2ee-c0d4a345cfed	0190073b-bef9-7fa7-a336-9314061fcd69	2024-06-11	018e61da-976d-7fca-9165-3e872014d47f	2024-06-11 14:17:54.425744+02	\N	GEPLAND	2024-06-11	\N
0190073b-befb-7217-8ea1-126a0cee0649	0190073b-befb-7ba5-a226-243aa51e1c16	2024-06-11	018e61da-976d-7fca-9165-3e872014d47f	2024-06-11 14:17:54.42749+02	\N	GEPLAND	2024-06-11	\N
0190073b-befd-7cca-8c4d-f5e7b11c69d9	0190073b-befd-770d-bbea-8c9fc03736b5	2024-06-11	018e61da-976d-7fca-9165-3e872014d47f	2024-06-11 14:17:54.429464+02	\N	GEPLAND	2024-06-11	\N
0190073b-bf00-7ddb-b9b4-9ad7b1ff20f9	0190073b-bf00-7149-b6cb-97feb0b387bc	2024-06-11	018e61da-976d-7fca-9165-3e872014d47f	2024-06-11 14:17:54.432532+02	\N	GEPLAND	2024-06-11	\N
0190074b-9ef5-7cd6-9ad1-bdc74720c5f8	0190074b-9ef5-76b8-ba40-4f58e452d3fd	2021-01-01	018e61da-976d-7fca-9165-3e872014d47f	2024-06-11 14:35:14.805289+02	\N	GEPLAND	\N	\N
0190074b-9ef5-7afc-af4b-86b712c18152	0190074b-9ef5-77d8-a5a2-f023c68ac578	2025-01-01	018e61da-976d-7fca-9165-3e872014d47f	2024-06-11 14:35:14.805289+02	\N	GEPLAND	\N	\N
0190074b-9f1a-7d29-9311-89d8dda2d0da	0190074b-9f1a-7f40-9f07-aa535541f365	2024-06-11	018e61da-976d-7fca-9165-3e872014d47f	2024-06-11 14:35:14.842568+02	\N	GEPLAND	2024-06-11	\N
0190074b-9f1b-7064-9e0e-7f770697ca91	0190074b-9f1b-79ab-8539-751acef3e8ab	2024-06-11	018e61da-976d-7fca-9165-3e872014d47f	2024-06-11 14:35:14.843695+02	\N	GEPLAND	2024-06-11	\N
0190074b-9f1c-7e1b-b669-21aece6786d9	0190074b-9f1c-73d4-ad7c-3dbeb8eb1a3f	2024-06-11	018e61da-976d-7fca-9165-3e872014d47f	2024-06-11 14:35:14.844652+02	\N	GEPLAND	2024-06-11	\N
0190074b-9f1f-7681-8b0c-c9e315a873de	0190074b-9f1f-78c6-a689-114d9a992d47	2024-06-11	018e61da-976d-7fca-9165-3e872014d47f	2024-06-11 14:35:14.847255+02	\N	GEPLAND	2024-06-11	\N
01900770-9bec-7473-a89a-32a9b809aa89	01900770-9bec-7315-8de0-ec01bfea203e	2021-01-01	018e61da-976d-7fca-9165-3e872014d47f	2024-06-11 15:15:38.86056+02	\N	GEPLAND	\N	\N
01900770-9bec-726a-854d-a63b33bafb77	01900770-9bec-77f8-89ca-41b649267114	2025-01-01	018e61da-976d-7fca-9165-3e872014d47f	2024-06-11 15:15:38.86056+02	\N	GEPLAND	\N	\N
01900770-9c42-7f62-a1b4-085c126a46e0	01900770-9c42-7d17-8c5e-7388de47125c	2024-06-11	018e61da-976d-7fca-9165-3e872014d47f	2024-06-11 15:15:38.946038+02	\N	GEPLAND	2024-06-11	\N
01900770-9c44-7641-aec0-b16bfe9c2845	01900770-9c44-71fa-9ad4-e7ce34263d41	2024-06-11	018e61da-976d-7fca-9165-3e872014d47f	2024-06-11 15:15:38.947979+02	\N	GEPLAND	2024-06-11	\N
01900770-9c49-7fa5-a617-4c55d486ac6b	01900770-9c49-74c0-ac6a-dfc6dbb3e0bb	2024-06-11	018e61da-976d-7fca-9165-3e872014d47f	2024-06-11 15:15:38.953045+02	\N	GEPLAND	2024-06-11	\N
01900770-9c4f-7bb7-ad2b-917064f4d1c7	01900770-9c4f-79e8-9b96-5ab29d960bd2	2024-06-11	018e61da-976d-7fca-9165-3e872014d47f	2024-06-11 15:15:38.959102+02	\N	GEPLAND	2024-06-11	\N
01900771-39d3-774b-9bb7-1af6390626ab	01900771-39d3-7eb6-98c1-fe5a066d4754	2021-01-01	018e61da-976d-7fca-9165-3e872014d47f	2024-06-11 15:16:19.283057+02	\N	GEPLAND	\N	\N
01900771-39d3-71eb-be80-075c9a057db3	01900771-39d3-7f5d-bd99-fc0f3dd1df30	2025-01-01	018e61da-976d-7fca-9165-3e872014d47f	2024-06-11 15:16:19.283057+02	\N	GEPLAND	\N	\N
01900771-39f7-7c1f-b50e-55ac5321d6aa	01900771-39f7-7004-8e51-23d0795136c4	2024-06-11	018e61da-976d-7fca-9165-3e872014d47f	2024-06-11 15:16:19.319241+02	\N	GEPLAND	2024-06-11	\N
01900771-39f8-7af2-b603-b6ea5b99b628	01900771-39f8-78ea-b62f-a4cc4105506c	2024-06-11	018e61da-976d-7fca-9165-3e872014d47f	2024-06-11 15:16:19.320132+02	\N	GEPLAND	2024-06-11	\N
01900771-39f9-7ffd-9e7e-5f2b023b2d50	01900771-39f8-7296-b0d0-c0ce2690e017	2024-06-11	018e61da-976d-7fca-9165-3e872014d47f	2024-06-11 15:16:19.320968+02	\N	GEPLAND	2024-06-11	\N
01900771-39fc-79fb-91d8-e28aceb50cda	01900771-39fc-7384-904c-8d6012c3c627	2024-06-11	018e61da-976d-7fca-9165-3e872014d47f	2024-06-11 15:16:19.324315+02	\N	GEPLAND	2024-06-11	\N
\.


--
-- Data for Name: organization; Type: TABLE DATA; Schema: diwi_testset; Owner: ali
--

COPY diwi_testset.organization (id) FROM stdin;
a0fd243b-667b-428e-a3f1-bb0fcee141d9
018d1d85-639f-701c-b73f-0f35f98409bc
018e61da-9776-7d52-ac35-89f17d79669e
42af0060-057d-4e8d-a9e6-e345380cd099
232e05e5-e08e-4350-8cf2-7226a74cc5ea
\.


--
-- Data for Name: organization_state; Type: TABLE DATA; Schema: diwi_testset; Owner: ali
--

COPY diwi_testset.organization_state (id, organization_id, parent_organization_id, naam, change_end_date, change_start_date, create_user_id, change_user_id) FROM stdin;
4872eac4-9911-47ef-b4d6-62e4e9223926	018d1d85-639f-701c-b73f-0f35f98409bc	\N	Org1	\N	2024-01-10 19:06:32+01	2122426c-6e70-419c-a054-f51dd24d798b	\N
1272eac4-9911-47ef-b4d6-62e4e0123999	a0fd243b-667b-428e-a3f1-bb0fcee141d9	\N	Org2	\N	2024-01-10 19:06:32+01	2122426c-6e70-419c-a054-f51dd24d798b	\N
018e61da-9776-7236-a59e-525da6aedefe	018e61da-9776-7d52-ac35-89f17d79669e	\N	Ad Min	\N	2024-03-21 17:31:39.34646+01	7ad8f82b-3e04-4c4e-aa59-bf9098c99377	\N
42af0060-057d-4e8d-a9e6-e345380cd099	42af0060-057d-4e8d-a9e6-e345380cd099	\N	Demo user 1	\N	2024-03-22 23:47:39.856519+01	7ad8f82b-3e04-4c4e-aa59-bf9098c99377	\N
232e05e5-e08e-4350-8cf2-7226a74cc5ea	232e05e5-e08e-4350-8cf2-7226a74cc5ea	\N	Demo user 2	\N	2024-03-22 23:47:39.856519+01	7ad8f82b-3e04-4c4e-aa59-bf9098c99377	\N
\.


--
-- Data for Name: organization_to_document; Type: TABLE DATA; Schema: diwi_testset; Owner: ali
--

COPY diwi_testset.organization_to_document (id, organization_id, document_id, change_end_date, change_start_date, create_user_id, change_user_id) FROM stdin;
\.


--
-- Data for Name: organization_to_plan; Type: TABLE DATA; Schema: diwi_testset; Owner: ali
--

COPY diwi_testset.organization_to_plan (id, organization_id, plan_id, change_end_date, change_start_date, create_user_id, change_user_id) FROM stdin;
\.


--
-- Data for Name: organization_to_project; Type: TABLE DATA; Schema: diwi_testset; Owner: ali
--

COPY diwi_testset.organization_to_project (id, organization_id, project_id, change_end_date, change_start_date, create_user_id, change_user_id) FROM stdin;
2cc51a2e-26c7-4915-9014-c281751bda7f	a0fd243b-667b-428e-a3f1-bb0fcee141d9	466da5e2-c96f-4856-aa17-6b37a1c21edc	\N	2024-01-01 19:06:32+01	2122426c-6e70-419c-a054-f51dd24d798b	\N
ab0f94f4-76de-4bbe-966d-db6ecfafddc0	018d1d85-639f-701c-b73f-0f35f98409bc	466da5e2-c96f-4856-aa17-6b37a1c21edc	\N	2024-01-01 19:06:32+01	2122426c-6e70-419c-a054-f51dd24d798b	\N
fb7dbed2-d535-4410-86d5-1466a295786e	018d1d85-639f-701c-b73f-0f35f98409bc	54a0c192-3454-4f7a-becd-96d214461987	\N	2024-01-01 19:06:32+01	2122426c-6e70-419c-a054-f51dd24d798b	\N
874c8757-fe87-4891-bbd6-ff5a162c96dc	a0fd243b-667b-428e-a3f1-bb0fcee141d9	5c9fbb50-d8fd-480d-9e38-7f3b391d3110	\N	2024-01-01 19:06:32+01	2122426c-6e70-419c-a054-f51dd24d798b	\N
018e656d-d9b1-7b8d-9cbe-9239e883c8c8	018e61da-9776-7d52-ac35-89f17d79669e	018e6566-7c86-7689-a4cf-58f57a073d2a	\N	2024-03-22 10:11:21.732265+01	018e61da-976d-7fca-9165-3e872014d47f	\N
018e6ac9-8da5-7d97-80dd-2d2a9518d1c7	a0fd243b-667b-428e-a3f1-bb0fcee141d9	018e6ac9-8d17-7b67-a4af-37004a445073	\N	2024-03-23 11:09:37.661521+01	018e61da-976d-7fca-9165-3e872014d47f	\N
018e7b10-56a4-717c-a56b-d6d61fe3003b	42af0060-057d-4e8d-a9e6-e345380cd099	018e7b10-5624-78a3-89c7-36e649258a50	\N	2024-03-26 15:00:52.07536+01	018e61da-976d-7fca-9165-3e872014d47f	\N
018e8545-8b1b-77f9-a3bf-232b01e2040f	018e61da-9776-7d52-ac35-89f17d79669e	018e61e1-d224-76dd-95aa-4fa7dfe22816	\N	2024-03-28 14:35:11.053052+01	018e61da-976d-7fca-9165-3e872014d47f	\N
018e8582-c9f4-711a-88c7-55d98b99ad5e	232e05e5-e08e-4350-8cf2-7226a74cc5ea	018e8582-c988-7609-b68d-8c2956410c2f	\N	2024-03-28 15:42:04.868883+01	018e61da-976d-7fca-9165-3e872014d47f	\N
018e8584-eed6-7d59-90e0-a17dd822472b	42af0060-057d-4e8d-a9e6-e345380cd099	018e8582-c988-7609-b68d-8c2956410c2f	\N	2024-03-28 15:44:25.378635+01	018e61da-976d-7fca-9165-3e872014d47f	\N
018e8584-eed9-7271-8725-c7628dab1b52	018e61da-9776-7d52-ac35-89f17d79669e	018e8582-c988-7609-b68d-8c2956410c2f	\N	2024-03-28 15:44:25.378635+01	018e61da-976d-7fca-9165-3e872014d47f	\N
018ff304-7e75-71ee-a61e-83055c2530bc	018e61da-9776-7d52-ac35-89f17d79669e	018ff304-7d21-7752-a794-30ab79bfa7d6	\N	2024-06-07 16:05:08.904045+02	018e61da-976d-7fca-9165-3e872014d47f	\N
018ff305-95e9-7016-a47c-cdd9f55f4d9c	018e61da-9776-7d52-ac35-89f17d79669e	018ff305-952c-70bc-966a-3b8b418f0975	\N	2024-06-07 16:06:20.61208+02	018e61da-976d-7fca-9165-3e872014d47f	\N
018ff307-5b63-7362-9586-77384f746c87	018e61da-9776-7d52-ac35-89f17d79669e	018ff307-5a88-7743-9b71-f327c122200d	\N	2024-06-07 16:08:16.659679+02	018e61da-976d-7fca-9165-3e872014d47f	\N
01900157-caff-753c-b46a-bf0a5d8e1909	018e61da-9776-7d52-ac35-89f17d79669e	01900157-ca1a-7d0c-9ef0-376765909310	\N	2024-06-10 10:50:49.135238+02	018e61da-976d-7fca-9165-3e872014d47f	\N
01900165-e477-7388-ac5f-cb46ad63c26a	018e61da-9776-7d52-ac35-89f17d79669e	01900165-e3fd-7c77-ac6c-c407670e7452	\N	2024-06-10 11:06:13.20605+02	018e61da-976d-7fca-9165-3e872014d47f	\N
0190016a-0331-7af8-82c5-a7f60423c53a	018e61da-9776-7d52-ac35-89f17d79669e	0190016a-02ae-737d-a612-d920568bca3b	\N	2024-06-10 11:10:43.211171+02	018e61da-976d-7fca-9165-3e872014d47f	\N
01900171-58c1-7ba7-98aa-0560d572bbcd	018e61da-9776-7d52-ac35-89f17d79669e	01900171-5864-7a14-824f-be47f3665a75	\N	2024-06-10 11:18:43.868364+02	018e61da-976d-7fca-9165-3e872014d47f	\N
01900176-e619-76ea-b97c-b7162150b123	018e61da-9776-7d52-ac35-89f17d79669e	01900176-e5bd-7400-ae7c-4d930bf27269	\N	2024-06-10 11:24:47.743421+02	018e61da-976d-7fca-9165-3e872014d47f	\N
01900177-7e2e-7a32-a2ac-5013bd879ac9	018e61da-9776-7d52-ac35-89f17d79669e	01900177-7db9-740f-a139-ed6a0806272a	\N	2024-06-10 11:25:26.672231+02	018e61da-976d-7fca-9165-3e872014d47f	\N
01900178-a3bb-7210-810d-62a31e1b93e2	018e61da-9776-7d52-ac35-89f17d79669e	01900178-a338-70b9-9b0a-81e8a41253ec	\N	2024-06-10 11:26:41.801007+02	018e61da-976d-7fca-9165-3e872014d47f	\N
019001ea-733b-763b-846e-75b5c1039584	018e61da-9776-7d52-ac35-89f17d79669e	019001ea-72f5-7b13-b0d5-8e20a4977a6d	\N	2024-06-10 13:31:00.517983+02	018e61da-976d-7fca-9165-3e872014d47f	\N
0190020d-c936-7f0b-8241-7a4a0ad50bac	018e61da-9776-7d52-ac35-89f17d79669e	0190020d-c8ce-70ed-88a5-9ae4f3c087ce	\N	2024-06-10 14:09:36.283046+02	018e61da-976d-7fca-9165-3e872014d47f	\N
0190020f-6db5-7eb6-903c-193f65c00fd8	018e61da-9776-7d52-ac35-89f17d79669e	0190020f-6d3c-752e-b3b7-0f83b9e60a24	\N	2024-06-10 14:11:23.926776+02	018e61da-976d-7fca-9165-3e872014d47f	\N
01900211-de92-7de1-a4a0-329ad09edb8f	018e61da-9776-7d52-ac35-89f17d79669e	01900211-de2f-7205-bb11-a533725f0a76	\N	2024-06-10 14:14:03.903037+02	018e61da-976d-7fca-9165-3e872014d47f	\N
01900214-f7e5-788a-9986-c3923da84270	018e61da-9776-7d52-ac35-89f17d79669e	01900214-f7a6-7010-8f57-f9814011b9f1	\N	2024-06-10 14:17:26.997282+02	018e61da-976d-7fca-9165-3e872014d47f	\N
01900217-9e91-7e2a-b22e-4067835473ff	018e61da-9776-7d52-ac35-89f17d79669e	01900217-9e32-7c67-b81b-91397d61fc23	\N	2024-06-10 14:20:20.714274+02	018e61da-976d-7fca-9165-3e872014d47f	\N
0190021b-01fc-7ab2-9e53-533f3e80fcb5	018e61da-9776-7d52-ac35-89f17d79669e	0190021b-01bb-7c50-9e55-497351217413	\N	2024-06-10 14:24:02.794433+02	018e61da-976d-7fca-9165-3e872014d47f	\N
0190021f-563d-72c7-93e6-e5c533877918	018e61da-9776-7d52-ac35-89f17d79669e	0190021f-55fa-7682-af92-3c52a4bb73ce	\N	2024-06-10 14:28:46.507114+02	018e61da-976d-7fca-9165-3e872014d47f	\N
0190022e-f023-7d23-9b7c-09febac1e10b	018e61da-9776-7d52-ac35-89f17d79669e	0190022e-efdd-7be0-9c18-ec420b3a5e99	\N	2024-06-10 14:45:48.939903+02	018e61da-976d-7fca-9165-3e872014d47f	\N
0190022f-f61b-76fe-87f7-079c5bfe1c2d	018e61da-9776-7d52-ac35-89f17d79669e	0190022f-f5d8-7594-864a-7cb144468b2a	\N	2024-06-10 14:46:56.007151+02	018e61da-976d-7fca-9165-3e872014d47f	\N
01900231-02a1-70ef-bc78-442dfa040476	018e61da-9776-7d52-ac35-89f17d79669e	01900231-0260-75a2-a203-0537371f6303	\N	2024-06-10 14:48:04.747843+02	018e61da-976d-7fca-9165-3e872014d47f	\N
01900231-c082-7088-b276-a90fffcd3ff2	018e61da-9776-7d52-ac35-89f17d79669e	01900231-c01d-790d-a094-d8749aaf6ec2	\N	2024-06-10 14:48:53.360914+02	018e61da-976d-7fca-9165-3e872014d47f	\N
01900232-5c3a-70e4-9b96-f78a2691fb85	018e61da-9776-7d52-ac35-89f17d79669e	01900232-5bf1-7892-83ea-6d02c5dddca1	\N	2024-06-10 14:49:33.224459+02	018e61da-976d-7fca-9165-3e872014d47f	\N
0190023a-e3f0-7032-ae8d-aa3a83f48666	018e61da-9776-7d52-ac35-89f17d79669e	0190023a-e36f-746b-b42b-11164ab3d23e	\N	2024-06-10 14:58:52.256242+02	018e61da-976d-7fca-9165-3e872014d47f	\N
0190023b-c1a9-7d27-ac46-d625985339f6	018e61da-9776-7d52-ac35-89f17d79669e	0190023b-c131-7a12-85d6-4283e13040ae	\N	2024-06-10 14:59:49.012096+02	018e61da-976d-7fca-9165-3e872014d47f	\N
0190023c-a0ee-7e69-9ce3-2f5181c58978	018e61da-9776-7d52-ac35-89f17d79669e	0190023c-a096-7bd7-8aed-5bc4bfbc0a33	\N	2024-06-10 15:00:46.175727+02	018e61da-976d-7fca-9165-3e872014d47f	\N
0190023e-8e5d-713c-834c-dca19982b4fa	018e61da-9776-7d52-ac35-89f17d79669e	0190023e-8de3-7c06-b9c3-db8ff8f2dbef	\N	2024-06-10 15:02:52.488763+02	018e61da-976d-7fca-9165-3e872014d47f	\N
01900243-8884-71a1-80c1-3a7811d598c9	018e61da-9776-7d52-ac35-89f17d79669e	01900243-87f4-7128-be39-608e2ee91e40	\N	2024-06-10 15:08:18.664104+02	018e61da-976d-7fca-9165-3e872014d47f	\N
01900244-c346-7af7-b133-dbe880683377	018e61da-9776-7d52-ac35-89f17d79669e	01900244-c2e1-7719-adbb-01ec2d2ca73b	\N	2024-06-10 15:09:39.25514+02	018e61da-976d-7fca-9165-3e872014d47f	\N
019002d0-5c2a-7261-a895-2c7a63ab0afa	018e61da-9776-7d52-ac35-89f17d79669e	019002d0-5bf1-7807-8a77-528f6e58bc15	\N	2024-06-10 17:42:07.904179+02	018e61da-976d-7fca-9165-3e872014d47f	\N
019002d3-0d20-7bca-adb2-6aff981437f4	018e61da-9776-7d52-ac35-89f17d79669e	019002d3-0ce8-7d9c-bdd5-5213ff89182c	\N	2024-06-10 17:45:04.272381+02	018e61da-976d-7fca-9165-3e872014d47f	\N
019002d4-a038-73a9-a818-2f71fa9d7f79	018e61da-9776-7d52-ac35-89f17d79669e	019002d4-a001-747a-8c82-b37feb482e6c	\N	2024-06-10 17:46:47.459208+02	018e61da-976d-7fca-9165-3e872014d47f	\N
01900396-86b2-75b1-9b19-9c85906c65c2	018e61da-9776-7d52-ac35-89f17d79669e	01900396-85df-7af3-8ef0-5ba3eff61f8c	\N	2024-06-10 21:18:34.851891+02	018e61da-976d-7fca-9165-3e872014d47f	\N
01900397-bc10-72dd-8dda-1f3d888ea7c2	018e61da-9776-7d52-ac35-89f17d79669e	01900397-bbc5-7b9f-a282-6c9d3cf92918	\N	2024-06-10 21:19:54.105258+02	018e61da-976d-7fca-9165-3e872014d47f	\N
01900718-0468-72a9-ada1-9fee6a0481fd	018e61da-9776-7d52-ac35-89f17d79669e	01900718-0385-720e-a32d-93fb5460794d	\N	2024-06-11 13:38:52.845197+02	018e61da-976d-7fca-9165-3e872014d47f	\N
0190071a-0b04-7a60-935e-169783e343bb	018e61da-9776-7d52-ac35-89f17d79669e	0190071a-0a6c-7c5d-9b84-aa8d6ca15254	\N	2024-06-11 13:41:05.621168+02	018e61da-976d-7fca-9165-3e872014d47f	\N
0190071e-f4ef-7c44-9b21-bc4fc43179d7	018e61da-9776-7d52-ac35-89f17d79669e	0190071e-f431-7db5-8b40-05a407c843d7	\N	2024-06-11 13:46:27.636546+02	018e61da-976d-7fca-9165-3e872014d47f	\N
01900720-1d5d-7017-942f-32e6e5d505b0	018e61da-9776-7d52-ac35-89f17d79669e	01900720-1c61-7e71-9ba0-d6c778638787	\N	2024-06-11 13:47:43.494732+02	018e61da-976d-7fca-9165-3e872014d47f	\N
01900721-eafb-7b6c-98bb-350ceb9c55ff	018e61da-9776-7d52-ac35-89f17d79669e	01900721-ea95-7f44-a2c5-6ba1dc3fe7e2	\N	2024-06-11 13:49:41.721069+02	018e61da-976d-7fca-9165-3e872014d47f	\N
01900726-594c-79b8-bf7a-bba54d499e16	018e61da-9776-7d52-ac35-89f17d79669e	01900726-58cb-74fd-94e9-053e33f756e3	\N	2024-06-11 13:54:32.10467+02	018e61da-976d-7fca-9165-3e872014d47f	\N
01900739-7165-7b45-ba8d-1c149520c032	018e61da-9776-7d52-ac35-89f17d79669e	01900739-7129-77e9-8d70-1702ef8d3554	\N	2024-06-11 14:15:23.480604+02	018e61da-976d-7fca-9165-3e872014d47f	\N
0190073a-0fea-76d2-a47b-05a2752e4a6d	018e61da-9776-7d52-ac35-89f17d79669e	0190073a-0fb2-7eb3-bc6d-c1c6cf149abd	\N	2024-06-11 14:16:04.055062+02	018e61da-976d-7fca-9165-3e872014d47f	\N
0190073b-bf01-7c67-8044-1a55c7d6c6bf	018e61da-9776-7d52-ac35-89f17d79669e	0190073b-bed8-7444-9aca-440e5f9dc283	\N	2024-06-11 14:17:54.419965+02	018e61da-976d-7fca-9165-3e872014d47f	\N
0190074b-9f1f-7f35-99ac-d2add0011f42	018e61da-9776-7d52-ac35-89f17d79669e	0190074b-9ef5-769d-8d06-9a2a1a79f838	\N	2024-06-11 14:35:14.834078+02	018e61da-976d-7fca-9165-3e872014d47f	\N
01900770-9c50-7658-b7c8-f8bbe8c00277	018e61da-9776-7d52-ac35-89f17d79669e	01900770-9bec-72ff-a739-ab3ecf534b97	\N	2024-06-11 15:15:38.939546+02	018e61da-976d-7fca-9165-3e872014d47f	\N
01900771-39fd-7405-9eca-de9a2cd0533a	018e61da-9776-7d52-ac35-89f17d79669e	01900771-39d3-7884-8357-e02efd68d272	\N	2024-06-11 15:16:19.308295+02	018e61da-976d-7fca-9165-3e872014d47f	\N
\.


--
-- Data for Name: plan; Type: TABLE DATA; Schema: diwi_testset; Owner: ali
--

COPY diwi_testset.plan (id) FROM stdin;
\.


--
-- Data for Name: plan_conditie; Type: TABLE DATA; Schema: diwi_testset; Owner: ali
--

COPY diwi_testset.plan_conditie (id) FROM stdin;
\.


--
-- Data for Name: plan_conditie_doelgroep; Type: TABLE DATA; Schema: diwi_testset; Owner: ali
--

COPY diwi_testset.plan_conditie_doelgroep (id, plan_conditie_id, create_user_id, change_start_date, change_end_date, change_user_id) FROM stdin;
\.


--
-- Data for Name: plan_conditie_doelgroep_value; Type: TABLE DATA; Schema: diwi_testset; Owner: ali
--

COPY diwi_testset.plan_conditie_doelgroep_value (id, plan_conditie_doelgroep_id, doelgroep) FROM stdin;
\.


--
-- Data for Name: plan_conditie_eigendom_en_waarde; Type: TABLE DATA; Schema: diwi_testset; Owner: ali
--

COPY diwi_testset.plan_conditie_eigendom_en_waarde (id, plan_conditie_id, create_user_id, change_start_date, change_end_date, waarde_value_type, waarde_value, huurbedrag_value_type, huurbedrag_value, waarde_value_range, huurbedrag_value_range, change_user_id) FROM stdin;
\.


--
-- Data for Name: plan_conditie_eigendom_en_waarde_soort_value; Type: TABLE DATA; Schema: diwi_testset; Owner: ali
--

COPY diwi_testset.plan_conditie_eigendom_en_waarde_soort_value (id, plan_conditie_eigendom_en_waarde_id, eigendom_soort) FROM stdin;
\.


--
-- Data for Name: plan_conditie_grondpositie; Type: TABLE DATA; Schema: diwi_testset; Owner: ali
--

COPY diwi_testset.plan_conditie_grondpositie (id, plan_conditie_id, create_user_id, change_start_date, change_end_date, change_user_id) FROM stdin;
\.


--
-- Data for Name: plan_conditie_grondpositie_value; Type: TABLE DATA; Schema: diwi_testset; Owner: ali
--

COPY diwi_testset.plan_conditie_grondpositie_value (id, plan_conditie_grondpositie_id, grondpositie) FROM stdin;
\.


--
-- Data for Name: plan_conditie_grootte; Type: TABLE DATA; Schema: diwi_testset; Owner: ali
--

COPY diwi_testset.plan_conditie_grootte (id, plan_conditie_id, create_user_id, change_start_date, change_end_date, value_type, value, value_range, change_user_id) FROM stdin;
\.


--
-- Data for Name: plan_conditie_kadastraal; Type: TABLE DATA; Schema: diwi_testset; Owner: ali
--

COPY diwi_testset.plan_conditie_kadastraal (id, plan_conditie_id, create_user_id, change_start_date, change_end_date, change_user_id) FROM stdin;
\.


--
-- Data for Name: plan_conditie_kadastraal_value; Type: TABLE DATA; Schema: diwi_testset; Owner: ali
--

COPY diwi_testset.plan_conditie_kadastraal_value (id, plan_conditie_kadastraal_id, brk_gemeente_code, brk_sectie, brk_perceelnummer, brk_selectie) FROM stdin;
\.


--
-- Data for Name: plan_conditie_maatwerk_boolean; Type: TABLE DATA; Schema: diwi_testset; Owner: ali
--

COPY diwi_testset.plan_conditie_maatwerk_boolean (id, plan_conditie_id, eigenschap_waarde, create_user_id, change_start_date, change_end_date, change_user_id) FROM stdin;
\.


--
-- Data for Name: plan_conditie_maatwerk_categorie; Type: TABLE DATA; Schema: diwi_testset; Owner: ali
--

COPY diwi_testset.plan_conditie_maatwerk_categorie (id, plan_conditie_id, create_user_id, change_start_date, change_end_date, change_user_id) FROM stdin;
\.


--
-- Data for Name: plan_conditie_maatwerk_categorie_value; Type: TABLE DATA; Schema: diwi_testset; Owner: ali
--

COPY diwi_testset.plan_conditie_maatwerk_categorie_value (id, plan_conditie_maatwerk_categorie_id, eigenschap_waarde_id) FROM stdin;
\.


--
-- Data for Name: plan_conditie_maatwerk_numeriek; Type: TABLE DATA; Schema: diwi_testset; Owner: ali
--

COPY diwi_testset.plan_conditie_maatwerk_numeriek (id, plan_conditie_id, value, create_user_id, change_start_date, change_end_date, value_type, value_range, change_user_id) FROM stdin;
\.


--
-- Data for Name: plan_conditie_maatwerk_ordinaal; Type: TABLE DATA; Schema: diwi_testset; Owner: ali
--

COPY diwi_testset.plan_conditie_maatwerk_ordinaal (id, plan_conditie_id, create_user_id, change_start_date, change_end_date, value_type, value_id, min_value_id, max_value_id, change_user_id) FROM stdin;
\.


--
-- Data for Name: plan_conditie_programmering; Type: TABLE DATA; Schema: diwi_testset; Owner: ali
--

COPY diwi_testset.plan_conditie_programmering (id, plan_conditie_id, programmering, create_user_id, change_start_date, change_end_date, change_user_id) FROM stdin;
\.


--
-- Data for Name: plan_conditie_state; Type: TABLE DATA; Schema: diwi_testset; Owner: ali
--

COPY diwi_testset.plan_conditie_state (id, plan_conditie_id, plan_id, conditie_type, create_user_id, change_start_date, change_end_date, change_user_id) FROM stdin;
\.


--
-- Data for Name: plan_conditie_type_en_fysiek; Type: TABLE DATA; Schema: diwi_testset; Owner: ali
--

COPY diwi_testset.plan_conditie_type_en_fysiek (id, plan_conditie_id, create_user_id, change_start_date, change_end_date, change_user_id) FROM stdin;
\.


--
-- Data for Name: plan_conditie_type_en_fysiek_fysiek_value; Type: TABLE DATA; Schema: diwi_testset; Owner: ali
--

COPY diwi_testset.plan_conditie_type_en_fysiek_fysiek_value (id, plan_conditie_type_en_fysiek_id, fysiek_voorkomen) FROM stdin;
\.


--
-- Data for Name: plan_conditie_type_en_fysiek_type_value; Type: TABLE DATA; Schema: diwi_testset; Owner: ali
--

COPY diwi_testset.plan_conditie_type_en_fysiek_type_value (id, plan_conditie_type_en_fysiek_id, woning_type) FROM stdin;
\.


--
-- Data for Name: plan_soort; Type: TABLE DATA; Schema: diwi_testset; Owner: ali
--

COPY diwi_testset.plan_soort (id) FROM stdin;
\.


--
-- Data for Name: plan_soort_state; Type: TABLE DATA; Schema: diwi_testset; Owner: ali
--

COPY diwi_testset.plan_soort_state (id, plan_soort_id, waarde_label, create_user_id, change_start_date, change_end_date, change_user_id) FROM stdin;
\.


--
-- Data for Name: plan_state; Type: TABLE DATA; Schema: diwi_testset; Owner: ali
--

COPY diwi_testset.plan_state (id, plan_id, naam, deadline, change_start_date, change_end_date, confidentiality_level, create_user_id, doel_soort, doel_richting, doel_waarde, start_datum, change_user_id) FROM stdin;
\.


--
-- Data for Name: plan_state_soort_value; Type: TABLE DATA; Schema: diwi_testset; Owner: ali
--

COPY diwi_testset.plan_state_soort_value (id, plan_state_id, plan_soort_id) FROM stdin;
\.


--
-- Data for Name: project; Type: TABLE DATA; Schema: diwi_testset; Owner: ali
--

COPY diwi_testset.project (id) FROM stdin;
466da5e2-c96f-4856-aa17-6b37a1c21edc
54a0c192-3454-4f7a-becd-96d214461987
5c9fbb50-d8fd-480d-9e38-7f3b391d3110
018e61e1-d224-76dd-95aa-4fa7dfe22816
018e621b-4ea8-7801-b880-4e960e416feb
018e6548-0294-73e6-8535-38500033f66a
018e654d-68e0-70c1-8ca1-acad5da87227
018e6566-7c86-7689-a4cf-58f57a073d2a
018e6a86-fc0d-724c-9605-a7cc30c312b8
018e6a8c-a5ff-73a0-b006-06b92d421629
018e6ab5-fa48-708a-8ead-5d42386fa500
018e6aba-aead-73e9-9253-373e654a2feb
018e6abc-e4b9-724b-a8b9-9301bdc8e3da
018e6ac4-0850-7577-a856-b1409c0c6330
018e6ac4-6738-71a1-95b1-3c8625782165
018e6ac6-0237-7d90-9dc1-c3aa6f3a8ddf
018e6ac9-8d17-7b67-a4af-37004a445073
018e7b10-5624-78a3-89c7-36e649258a50
018e7f1e-b0de-79ff-9acd-9f0f5663bfc2
018e7f8c-a20f-7ff5-909d-a97a037fe67a
018e7f90-0900-772c-be4f-0f2b92770859
018e7f9d-bdfc-7b7d-894b-80ca5a41bb74
018e8404-6b8a-7699-9847-6100d2e5b9e0
018e855f-f18e-70b5-a728-d1622df9ed8e
018e8561-f1b3-76c9-bdea-acc905e43adf
018e856b-2afa-729b-82e5-51cf2557e641
018e857b-bacc-7ec1-a1d0-9aadc458f24f
018e8582-c988-7609-b68d-8c2956410c2f
018e8590-b77f-78a9-b18b-963473d8d21d
018e85bc-ea85-7407-8282-fb09f8d6b400
018e8a26-d33a-748c-9784-0980ddf014d9
018e8aa0-8105-77b0-a5c2-6a8cfc18513b
018e8aaf-b144-7d38-b26d-b8793de8785b
018e8abf-3935-7586-b28a-73cc454d16f6
018e8ac2-0b95-71a2-8e4d-05f32b96917e
018e8ac3-cd72-79a8-8dc6-e321e16b96d4
018e8afd-8bd7-71e0-acdf-2aa8c6636361
018f57b1-773f-7d5d-a276-13fca386d89e
018ff2fa-5ecb-75d6-9efd-f5a32254ddb4
018ff304-7d21-7752-a794-30ab79bfa7d6
018ff305-952c-70bc-966a-3b8b418f0975
018ff307-5a88-7743-9b71-f327c122200d
01900157-ca1a-7d0c-9ef0-376765909310
01900165-e3fd-7c77-ac6c-c407670e7452
0190016a-02ae-737d-a612-d920568bca3b
01900171-5864-7a14-824f-be47f3665a75
01900176-e5bd-7400-ae7c-4d930bf27269
01900177-7db9-740f-a139-ed6a0806272a
01900178-a338-70b9-9b0a-81e8a41253ec
019001ea-72f5-7b13-b0d5-8e20a4977a6d
0190020d-c8ce-70ed-88a5-9ae4f3c087ce
0190020f-6d3c-752e-b3b7-0f83b9e60a24
01900211-de2f-7205-bb11-a533725f0a76
01900214-f7a6-7010-8f57-f9814011b9f1
01900217-9e32-7c67-b81b-91397d61fc23
0190021b-01bb-7c50-9e55-497351217413
0190021f-55fa-7682-af92-3c52a4bb73ce
0190022e-efdd-7be0-9c18-ec420b3a5e99
0190022f-f5d8-7594-864a-7cb144468b2a
01900231-0260-75a2-a203-0537371f6303
01900231-c01d-790d-a094-d8749aaf6ec2
01900232-5bf1-7892-83ea-6d02c5dddca1
0190023a-e36f-746b-b42b-11164ab3d23e
0190023b-c131-7a12-85d6-4283e13040ae
0190023c-a096-7bd7-8aed-5bc4bfbc0a33
0190023e-8de3-7c06-b9c3-db8ff8f2dbef
01900243-87f4-7128-be39-608e2ee91e40
01900244-c2e1-7719-adbb-01ec2d2ca73b
019002d0-5bf1-7807-8a77-528f6e58bc15
019002d3-0ce8-7d9c-bdd5-5213ff89182c
019002d4-a001-747a-8c82-b37feb482e6c
01900396-85df-7af3-8ef0-5ba3eff61f8c
01900397-bbc5-7b9f-a282-6c9d3cf92918
01900718-0385-720e-a32d-93fb5460794d
0190071a-0a6c-7c5d-9b84-aa8d6ca15254
0190071e-f431-7db5-8b40-05a407c843d7
01900720-1c61-7e71-9ba0-d6c778638787
01900721-ea95-7f44-a2c5-6ba1dc3fe7e2
01900726-58cb-74fd-94e9-053e33f756e3
01900739-7129-77e9-8d70-1702ef8d3554
0190073a-0fb2-7eb3-bc6d-c1c6cf149abd
0190073b-bed8-7444-9aca-440e5f9dc283
0190074b-9ef5-769d-8d06-9a2a1a79f838
01900770-9bec-72ff-a739-ab3ecf534b97
01900771-39d3-7884-8357-e02efd68d272
\.


--
-- Data for Name: project_category_changelog; Type: TABLE DATA; Schema: diwi_testset; Owner: ali
--

COPY diwi_testset.project_category_changelog (id, start_milestone_id, end_milestone_id, project_id, create_user_id, change_start_date, change_end_date, change_user_id, property_id) FROM stdin;
018e7ace-2b71-764f-976a-756aedee0075	018e7ac1-9254-710b-a380-63ec67014fd4	018e61e1-d225-712d-8838-a08bd94a89a9	018e61e1-d224-76dd-95aa-4fa7dfe22816	018e61da-976d-7fca-9165-3e872014d47f	2024-03-26 13:48:35.683937+01	\N	\N	018e7abb-d285-7131-bbfe-07d12658ea4f
018e7ac1-9256-7186-bd0d-17e1dee92c13	018e7ac1-9254-710b-a380-63ec67014fd4	018e61e1-d225-712d-8838-a08bd94a89a9	018e61e1-d224-76dd-95aa-4fa7dfe22816	018e61da-976d-7fca-9165-3e872014d47f	2024-03-26 13:34:50.052084+01	2024-03-26 13:48:35.683937+01	018e61da-976d-7fca-9165-3e872014d47f	018e7abb-d285-7131-bbfe-07d12658ea4f
018e7aff-69da-7b89-af1d-b770fba375a0	018e7aff-69d8-7969-8559-0684180e090d	018e6548-029d-7008-8aae-8d9aa4ad4098	018e6548-0294-73e6-8535-38500033f66a	018e61da-976d-7fca-9165-3e872014d47f	2024-03-26 14:42:22.932991+01	\N	\N	018e7abb-d285-7131-bbfe-07d12658ea4f
018e7f99-d924-7f14-a1bc-e60a37ea1bcd	018e7f38-86d3-73bf-9381-a72b46969bc1	018e7f1e-b0ea-71d3-87e5-01affdbc78d7	018e7f1e-b0de-79ff-9acd-9f0f5663bfc2	018e61da-976d-7fca-9165-3e872014d47f	2024-03-27 12:09:32.831858+01	\N	\N	018e7abb-d285-7131-bbfe-07d12658ea4f
018e8584-ef30-7353-819e-0262b67fcc14	018e8582-c9d0-736c-aa60-acd8567eb28e	018e8582-c988-75e9-8d7c-7ded79862e13	018e8582-c988-7609-b68d-8c2956410c2f	018e61da-976d-7fca-9165-3e872014d47f	2024-03-28 15:44:25.5171+01	\N	\N	018e7abb-d285-7131-bbfe-07d12658ea4f
018f4e60-f56f-748b-89aa-a4fdd3da2b82	018f4e5f-ef07-75c9-afb5-d242340602bf	018e8abf-3936-76e6-9cd1-c96b976320ef	018e8abf-3935-7586-b28a-73cc454d16f6	018e61da-976d-7fca-9165-3e872014d47f	2024-05-06 16:48:48.233697+02	\N	\N	018e7abb-d285-7131-bbfe-07d12658ea4f
018ff304-7e35-7790-b585-be210c920ea1	018ff304-7e30-73d5-9673-664b0e2a4046	018ff304-7d21-766b-b6e2-be579294e95a	018ff304-7d21-7752-a794-30ab79bfa7d6	018e61da-976d-7fca-9165-3e872014d47f	2024-06-07 16:05:09.035856+02	\N	\N	872a8db1-9d97-48bb-828f-2a457d514d03
018ff304-7f4c-73d5-a544-f86796d57895	018ff304-7e30-73d5-9673-664b0e2a4046	018ff304-7d21-766b-b6e2-be579294e95a	018ff304-7d21-7752-a794-30ab79bfa7d6	018e61da-976d-7fca-9165-3e872014d47f	2024-06-07 16:05:09.321608+02	\N	\N	018e7abb-d285-7131-bbfe-07d12658ea4f
018ff305-95d1-78fd-9f34-da2618314eee	018ff305-95d1-7e1a-9d00-3be580b9f98b	018ff305-952d-713e-9162-c0123338a6f8	018ff305-952c-70bc-966a-3b8b418f0975	018e61da-976d-7fca-9165-3e872014d47f	2024-06-07 16:06:20.624652+02	\N	\N	872a8db1-9d97-48bb-828f-2a457d514d03
018ff305-9688-7e4b-85ab-4b37ce866ab2	018ff305-95d1-7e1a-9d00-3be580b9f98b	018ff305-952d-713e-9162-c0123338a6f8	018ff305-952c-70bc-966a-3b8b418f0975	018e61da-976d-7fca-9165-3e872014d47f	2024-06-07 16:06:20.800974+02	\N	\N	018e7abb-d285-7131-bbfe-07d12658ea4f
018ff307-5b3d-72af-b546-e3df6e5f5977	018ff307-5b3c-7507-8d7f-5f2ba8ce0a84	018ff307-5a89-7292-82e4-8f50f9f77745	018ff307-5a88-7743-9b71-f327c122200d	018e61da-976d-7fca-9165-3e872014d47f	2024-06-07 16:08:16.689615+02	\N	\N	872a8db1-9d97-48bb-828f-2a457d514d03
018ff307-5bfb-73f8-81be-2c0ef54f86ca	018ff307-5b3c-7507-8d7f-5f2ba8ce0a84	018ff307-5a89-7292-82e4-8f50f9f77745	018ff307-5a88-7743-9b71-f327c122200d	018e61da-976d-7fca-9165-3e872014d47f	2024-06-07 16:08:16.888835+02	\N	\N	018e7abb-d285-7131-bbfe-07d12658ea4f
01900157-cadc-749d-ac89-64029d3f3468	01900157-cad9-736b-be55-b18c9dfa2e37	01900157-ca25-7dc8-bb36-c841a9241938	01900157-ca1a-7d0c-9ef0-376765909310	018e61da-976d-7fca-9165-3e872014d47f	2024-06-10 10:50:49.171552+02	\N	\N	872a8db1-9d97-48bb-828f-2a457d514d03
01900157-cb8e-7751-82c3-c672fea2a620	01900157-cad9-736b-be55-b18c9dfa2e37	01900157-ca25-7dc8-bb36-c841a9241938	01900157-ca1a-7d0c-9ef0-376765909310	018e61da-976d-7fca-9165-3e872014d47f	2024-06-10 10:50:49.352828+02	\N	\N	018e7abb-d285-7131-bbfe-07d12658ea4f
01900165-e466-79ec-9cf9-e0d913b36179	01900165-e465-7cea-8968-c241c3263b53	01900165-e3fe-70d9-b539-c8405ea64113	01900165-e3fd-7c77-ac6c-c407670e7452	018e61da-976d-7fca-9165-3e872014d47f	2024-06-10 11:06:13.219996+02	\N	\N	872a8db1-9d97-48bb-828f-2a457d514d03
01900165-e4d2-7629-93af-16a4f0b0209d	01900165-e465-7cea-8968-c241c3263b53	01900165-e3fe-70d9-b539-c8405ea64113	01900165-e3fd-7c77-ac6c-c407670e7452	018e61da-976d-7fca-9165-3e872014d47f	2024-06-10 11:06:13.325684+02	\N	\N	018e7abb-d285-7131-bbfe-07d12658ea4f
0190016a-031d-752b-9fa0-6f092d6ed26d	0190016a-031c-760f-b2b1-af0e57a9a674	0190016a-02ae-7373-8929-adebadf90178	0190016a-02ae-737d-a612-d920568bca3b	018e61da-976d-7fca-9165-3e872014d47f	2024-06-10 11:10:43.225514+02	\N	\N	872a8db1-9d97-48bb-828f-2a457d514d03
0190016a-0383-71c3-bd3d-1f42a5da535b	0190016a-031c-760f-b2b1-af0e57a9a674	0190016a-02ae-7373-8929-adebadf90178	0190016a-02ae-737d-a612-d920568bca3b	018e61da-976d-7fca-9165-3e872014d47f	2024-06-10 11:10:43.327104+02	\N	\N	018e7abb-d285-7131-bbfe-07d12658ea4f
01900171-58ae-7c28-a23e-2576f5bf3074	01900171-58ad-7a4d-9d2b-cca1972fe199	01900171-5864-7808-a239-7740b4220610	01900171-5864-7a14-824f-be47f3665a75	018e61da-976d-7fca-9165-3e872014d47f	2024-06-10 11:18:43.885226+02	\N	\N	872a8db1-9d97-48bb-828f-2a457d514d03
01900171-58fe-70d3-ac60-633327a5d074	01900171-58ad-7a4d-9d2b-cca1972fe199	01900171-5864-7808-a239-7740b4220610	01900171-5864-7a14-824f-be47f3665a75	018e61da-976d-7fca-9165-3e872014d47f	2024-06-10 11:18:43.963096+02	\N	\N	018e7abb-d285-7131-bbfe-07d12658ea4f
01900176-e60b-70eb-951b-324ffa71eaca	01900176-e60b-79e6-869f-38fa7a3d592c	01900176-e5be-7162-bc06-db4905311c7d	01900176-e5bd-7400-ae7c-4d930bf27269	018e61da-976d-7fca-9165-3e872014d47f	2024-06-10 11:24:47.754204+02	\N	\N	872a8db1-9d97-48bb-828f-2a457d514d03
01900176-e655-7a50-959a-946e3a91cd56	01900176-e60b-79e6-869f-38fa7a3d592c	01900176-e5be-7162-bc06-db4905311c7d	01900176-e5bd-7400-ae7c-4d930bf27269	018e61da-976d-7fca-9165-3e872014d47f	2024-06-10 11:24:47.827342+02	\N	\N	018e7abb-d285-7131-bbfe-07d12658ea4f
01900177-7e1f-7422-8283-2e03222376b5	01900177-7e1e-7f2b-a0d4-30eee62ac2e5	01900177-7db9-747b-aca7-061b68519e6d	01900177-7db9-740f-a139-ed6a0806272a	018e61da-976d-7fca-9165-3e872014d47f	2024-06-10 11:25:26.68563+02	\N	\N	872a8db1-9d97-48bb-828f-2a457d514d03
01900177-7e6d-74f9-83f5-d2a1f15a1b4b	01900177-7e1e-7f2b-a0d4-30eee62ac2e5	01900177-7db9-747b-aca7-061b68519e6d	01900177-7db9-740f-a139-ed6a0806272a	018e61da-976d-7fca-9165-3e872014d47f	2024-06-10 11:25:26.76294+02	\N	\N	018e7abb-d285-7131-bbfe-07d12658ea4f
01900178-a39e-7a32-a41e-3a3d16a1e530	01900178-a39d-7deb-b2cd-120a82a52e5c	01900178-a338-7571-aadd-ef3813865c2b	01900178-a338-70b9-9b0a-81e8a41253ec	018e61da-976d-7fca-9165-3e872014d47f	2024-06-10 11:26:41.8197+02	\N	\N	872a8db1-9d97-48bb-828f-2a457d514d03
01900178-a3fd-7349-ac85-d09b26aec4c1	01900178-a39d-7deb-b2cd-120a82a52e5c	01900178-a338-7571-aadd-ef3813865c2b	01900178-a338-70b9-9b0a-81e8a41253ec	018e61da-976d-7fca-9165-3e872014d47f	2024-06-10 11:26:41.914985+02	\N	\N	018e7abb-d285-7131-bbfe-07d12658ea4f
019001ea-732d-7715-97a6-2e6974dc50ea	019001ea-732d-7176-96f0-8e44a2f844d8	019001ea-72f6-75c6-bb29-7d0abd55b937	019001ea-72f5-7b13-b0d5-8e20a4977a6d	018e61da-976d-7fca-9165-3e872014d47f	2024-06-10 13:31:00.525281+02	\N	\N	872a8db1-9d97-48bb-828f-2a457d514d03
019001ea-7378-799f-b66f-417ce0660457	019001ea-732d-7176-96f0-8e44a2f844d8	019001ea-72f6-75c6-bb29-7d0abd55b937	019001ea-72f5-7b13-b0d5-8e20a4977a6d	018e61da-976d-7fca-9165-3e872014d47f	2024-06-10 13:31:00.598165+02	\N	\N	018e7abb-d285-7131-bbfe-07d12658ea4f
0190020d-c926-739c-b4a3-15ac6977304d	0190020d-c925-725a-b331-540f828793f0	0190020d-c8ce-7936-91c7-70f60caecb92	0190020d-c8ce-70ed-88a5-9ae4f3c087ce	018e61da-976d-7fca-9165-3e872014d47f	2024-06-10 14:09:36.293386+02	\N	\N	872a8db1-9d97-48bb-828f-2a457d514d03
0190020d-c983-7a74-82e6-187b6687b91e	0190020d-c925-725a-b331-540f828793f0	0190020d-c8ce-7936-91c7-70f60caecb92	0190020d-c8ce-70ed-88a5-9ae4f3c087ce	018e61da-976d-7fca-9165-3e872014d47f	2024-06-10 14:09:36.384343+02	\N	\N	018e7abb-d285-7131-bbfe-07d12658ea4f
0190020f-6da5-7957-9287-c9f7e1950af8	0190020f-6da5-7434-8bde-87fa6c23a1ac	0190020f-6d3c-7ea2-8833-27d0cdf84e7d	0190020f-6d3c-752e-b3b7-0f83b9e60a24	018e61da-976d-7fca-9165-3e872014d47f	2024-06-10 14:11:23.941312+02	\N	\N	872a8db1-9d97-48bb-828f-2a457d514d03
0190020f-6df4-7b52-af3b-58e2ed2f1e42	0190020f-6da5-7434-8bde-87fa6c23a1ac	0190020f-6d3c-7ea2-8833-27d0cdf84e7d	0190020f-6d3c-752e-b3b7-0f83b9e60a24	018e61da-976d-7fca-9165-3e872014d47f	2024-06-10 14:11:24.015891+02	\N	\N	018e7abb-d285-7131-bbfe-07d12658ea4f
01900211-de86-7dcc-98f6-ecc5ca4460c4	01900211-de86-726c-a7a8-4468906d2905	01900211-de2f-7bd0-a1dd-f0c71fd3159b	01900211-de2f-7205-bb11-a533725f0a76	018e61da-976d-7fca-9165-3e872014d47f	2024-06-10 14:14:03.909837+02	\N	\N	872a8db1-9d97-48bb-828f-2a457d514d03
01900211-deca-7a37-8baa-fcf018071f1e	01900211-de86-726c-a7a8-4468906d2905	01900211-de2f-7bd0-a1dd-f0c71fd3159b	01900211-de2f-7205-bb11-a533725f0a76	018e61da-976d-7fca-9165-3e872014d47f	2024-06-10 14:14:03.977558+02	\N	\N	018e7abb-d285-7131-bbfe-07d12658ea4f
01900214-f7df-704a-b1a5-8f38a7e80e6f	01900214-f7df-7264-861a-4691b20d9c94	01900214-f7a6-743b-82ea-fa0104487a2f	01900214-f7a6-7010-8f57-f9814011b9f1	018e61da-976d-7fca-9165-3e872014d47f	2024-06-10 14:17:27.007084+02	\N	\N	872a8db1-9d97-48bb-828f-2a457d514d03
01900214-f805-7412-a725-8678a40881cd	01900214-f7df-7264-861a-4691b20d9c94	01900214-f7a6-743b-82ea-fa0104487a2f	01900214-f7a6-7010-8f57-f9814011b9f1	018e61da-976d-7fca-9165-3e872014d47f	2024-06-10 14:17:27.044414+02	\N	\N	018e7abb-d285-7131-bbfe-07d12658ea4f
01900217-9e76-7567-91ae-be1a566d559a	01900217-9e76-7a55-aa75-a1903995e763	01900217-9e32-7722-b0af-97054561a36a	01900217-9e32-7c67-b81b-91397d61fc23	018e61da-976d-7fca-9165-3e872014d47f	2024-06-10 14:20:20.725692+02	\N	\N	872a8db1-9d97-48bb-828f-2a457d514d03
01900217-9eb9-7393-9cd9-2e93c0b13674	01900217-9e76-7a55-aa75-a1903995e763	01900217-9e32-7722-b0af-97054561a36a	01900217-9e32-7c67-b81b-91397d61fc23	018e61da-976d-7fca-9165-3e872014d47f	2024-06-10 14:20:20.792424+02	\N	\N	018e7abb-d285-7131-bbfe-07d12658ea4f
0190021b-01ef-7cdc-a867-7c6cbd07687d	0190021b-01ef-7694-af25-d97dba79e94a	0190021b-01bb-74e4-8d58-ed3f0edd01d3	0190021b-01bb-7c50-9e55-497351217413	018e61da-976d-7fca-9165-3e872014d47f	2024-06-10 14:24:02.798708+02	\N	\N	872a8db1-9d97-48bb-828f-2a457d514d03
0190021b-0224-7de1-962b-b84fdddebe23	0190021b-01ef-7694-af25-d97dba79e94a	0190021b-01bb-74e4-8d58-ed3f0edd01d3	0190021b-01bb-7c50-9e55-497351217413	018e61da-976d-7fca-9165-3e872014d47f	2024-06-10 14:24:02.850976+02	\N	\N	018e7abb-d285-7131-bbfe-07d12658ea4f
0190021f-562f-715e-92e9-e924125bf405	0190021f-562e-72e7-a20d-5fc6d38f6f58	0190021f-55fa-7cde-8f03-ac35f9d99ea9	0190021f-55fa-7682-af92-3c52a4bb73ce	018e61da-976d-7fca-9165-3e872014d47f	2024-06-10 14:28:46.510715+02	\N	\N	872a8db1-9d97-48bb-828f-2a457d514d03
0190021f-566b-7de2-b64d-f554a59e5f6e	0190021f-562e-72e7-a20d-5fc6d38f6f58	0190021f-55fa-7cde-8f03-ac35f9d99ea9	0190021f-55fa-7682-af92-3c52a4bb73ce	018e61da-976d-7fca-9165-3e872014d47f	2024-06-10 14:28:46.570556+02	\N	\N	018e7abb-d285-7131-bbfe-07d12658ea4f
0190022e-f016-7ea6-905e-d268644b6b74	0190022e-f015-7bd6-ade1-4a38d8083bbb	0190022e-efde-7c0a-b9d3-2f701b274cec	0190022e-efdd-7be0-9c18-ec420b3a5e99	018e61da-976d-7fca-9165-3e872014d47f	2024-06-10 14:45:48.949683+02	\N	\N	872a8db1-9d97-48bb-828f-2a457d514d03
0190022e-f04f-766c-8ff5-91c259d92460	0190022e-f015-7bd6-ade1-4a38d8083bbb	0190022e-efde-7c0a-b9d3-2f701b274cec	0190022e-efdd-7be0-9c18-ec420b3a5e99	018e61da-976d-7fca-9165-3e872014d47f	2024-06-10 14:45:49.006897+02	\N	\N	018e7abb-d285-7131-bbfe-07d12658ea4f
0190022f-f610-7f39-9455-d3297ca5aa4b	0190022f-f60f-7fec-bace-c6f951e1810a	0190022f-f5d8-78cb-81c9-778ee623b08d	0190022f-f5d8-7594-864a-7cb144468b2a	018e61da-976d-7fca-9165-3e872014d47f	2024-06-10 14:46:56.014897+02	\N	\N	872a8db1-9d97-48bb-828f-2a457d514d03
0190022f-f648-77a7-84a2-f64fb07a3172	0190022f-f60f-7fec-bace-c6f951e1810a	0190022f-f5d8-78cb-81c9-778ee623b08d	0190022f-f5d8-7594-864a-7cb144468b2a	018e61da-976d-7fca-9165-3e872014d47f	2024-06-10 14:46:56.070966+02	\N	\N	018e7abb-d285-7131-bbfe-07d12658ea4f
01900231-0291-77d0-b3d0-43e95cd2709b	01900231-0291-77a9-bdaf-bd342929e891	01900231-0260-74e3-914f-14fc7ce2d589	01900231-0260-75a2-a203-0537371f6303	018e61da-976d-7fca-9165-3e872014d47f	2024-06-10 14:48:04.752898+02	\N	\N	872a8db1-9d97-48bb-828f-2a457d514d03
01900231-02db-7107-b33d-272681a01a5f	01900231-0291-77a9-bdaf-bd342929e891	01900231-0260-74e3-914f-14fc7ce2d589	01900231-0260-75a2-a203-0537371f6303	018e61da-976d-7fca-9165-3e872014d47f	2024-06-10 14:48:04.826175+02	\N	\N	018e7abb-d285-7131-bbfe-07d12658ea4f
01900231-c077-746e-937d-7d15130eec48	01900231-c076-79cb-9f2d-61981c45d59e	01900231-c01d-7cbc-991d-291b604242b6	01900231-c01d-790d-a094-d8749aaf6ec2	018e61da-976d-7fca-9165-3e872014d47f	2024-06-10 14:48:53.366312+02	\N	\N	872a8db1-9d97-48bb-828f-2a457d514d03
01900231-c0bf-7d11-a2a3-9de963a65b48	01900231-c076-79cb-9f2d-61981c45d59e	01900231-c01d-7cbc-991d-291b604242b6	01900231-c01d-790d-a094-d8749aaf6ec2	018e61da-976d-7fca-9165-3e872014d47f	2024-06-10 14:48:53.435739+02	\N	\N	018e7abb-d285-7131-bbfe-07d12658ea4f
01900232-5c33-76fb-87b2-3b140481a081	01900232-5c33-76fb-8d14-64c7f830dbf6	01900232-5bf2-7dda-a25a-490fd391a4cf	01900232-5bf1-7892-83ea-6d02c5dddca1	018e61da-976d-7fca-9165-3e872014d47f	2024-06-10 14:49:33.235141+02	\N	\N	872a8db1-9d97-48bb-828f-2a457d514d03
01900232-5c6b-7fb4-8fc0-5abfb4ddb136	01900232-5c33-76fb-8d14-64c7f830dbf6	01900232-5bf2-7dda-a25a-490fd391a4cf	01900232-5bf1-7892-83ea-6d02c5dddca1	018e61da-976d-7fca-9165-3e872014d47f	2024-06-10 14:49:33.289957+02	\N	\N	018e7abb-d285-7131-bbfe-07d12658ea4f
0190023a-e3ea-728b-9fd5-402f957412d4	0190023a-e3e9-7681-80e4-3fb3cc284f51	0190023a-e370-7fec-8e41-2fafd29a191e	0190023a-e36f-746b-b42b-11164ab3d23e	018e61da-976d-7fca-9165-3e872014d47f	2024-06-10 14:58:52.265713+02	\N	\N	872a8db1-9d97-48bb-828f-2a457d514d03
0190023a-e423-7135-ada7-261338cf235c	0190023a-e3e9-7681-80e4-3fb3cc284f51	0190023a-e370-7fec-8e41-2fafd29a191e	0190023a-e36f-746b-b42b-11164ab3d23e	018e61da-976d-7fca-9165-3e872014d47f	2024-06-10 14:58:52.321797+02	\N	\N	018e7abb-d285-7131-bbfe-07d12658ea4f
0190023b-c19d-73f1-ae1c-0a7e7c793fc1	0190023b-c19c-7d59-9aca-50cc099f958f	0190023b-c131-7953-be79-98eed72b10a9	0190023b-c131-7a12-85d6-4283e13040ae	018e61da-976d-7fca-9165-3e872014d47f	2024-06-10 14:59:49.0197+02	\N	\N	872a8db1-9d97-48bb-828f-2a457d514d03
0190023b-c1df-7773-a5dc-c5cc625bbf45	0190023b-c19c-7d59-9aca-50cc099f958f	0190023b-c131-7953-be79-98eed72b10a9	0190023b-c131-7a12-85d6-4283e13040ae	018e61da-976d-7fca-9165-3e872014d47f	2024-06-10 14:59:49.08473+02	\N	\N	018e7abb-d285-7131-bbfe-07d12658ea4f
0190023c-a0e9-7bda-9d4d-297febbdb510	0190023c-a0e9-702f-ba6f-f6d896d5354a	0190023c-a096-7c89-9bf5-7c9ca7387035	0190023c-a096-7bd7-8aed-5bc4bfbc0a33	018e61da-976d-7fca-9165-3e872014d47f	2024-06-10 15:00:46.185425+02	\N	\N	872a8db1-9d97-48bb-828f-2a457d514d03
0190023c-a127-70d8-b9e1-8e7723fc4237	0190023c-a0e9-702f-ba6f-f6d896d5354a	0190023c-a096-7c89-9bf5-7c9ca7387035	0190023c-a096-7bd7-8aed-5bc4bfbc0a33	018e61da-976d-7fca-9165-3e872014d47f	2024-06-10 15:00:46.244972+02	\N	\N	018e7abb-d285-7131-bbfe-07d12658ea4f
0190023e-8e4f-7455-8229-4fdd48a52d97	0190023e-8e4e-7a09-9424-45fc9f1b1f89	0190023e-8de3-7187-b933-0561573ba702	0190023e-8de3-7c06-b9c3-db8ff8f2dbef	018e61da-976d-7fca-9165-3e872014d47f	2024-06-10 15:02:52.494137+02	\N	\N	872a8db1-9d97-48bb-828f-2a457d514d03
019002d4-a058-7bba-b9be-573ab922d9fc	019002d4-a02c-70e2-962d-de05831102ba	019002d4-a001-723a-b300-9be7be1a2388	019002d4-a001-747a-8c82-b37feb482e6c	018e61da-976d-7fca-9165-3e872014d47f	2024-06-10 17:46:47.510064+02	\N	\N	018e7abb-d285-7131-bbfe-07d12658ea4f
0190023e-8e93-75a9-a1ba-c6d0147b7fd2	0190023e-8e4e-7a09-9424-45fc9f1b1f89	0190023e-8de3-7187-b933-0561573ba702	0190023e-8de3-7c06-b9c3-db8ff8f2dbef	018e61da-976d-7fca-9165-3e872014d47f	2024-06-10 15:02:52.562293+02	\N	\N	018e7abb-d285-7131-bbfe-07d12658ea4f
01900244-c36a-7cf3-9c73-bd9ff69e5465	01900244-c33c-75a3-a18e-29dcb918c5ad	01900244-c2e1-7bd7-85ea-132c3f1c63c1	01900244-c2e1-7719-adbb-01ec2d2ca73b	018e61da-976d-7fca-9165-3e872014d47f	2024-06-10 15:09:39.305951+02	\N	\N	018e7abb-d285-7131-bbfe-07d12658ea4f
01900243-8877-727d-b3b3-ee888706a000	01900243-8877-7459-9e8a-3e925b24a5b4	01900243-87f4-7f73-80d6-3837a993a75d	01900243-87f4-7128-be39-608e2ee91e40	018e61da-976d-7fca-9165-3e872014d47f	2024-06-10 15:08:18.679161+02	\N	\N	872a8db1-9d97-48bb-828f-2a457d514d03
01900243-88bc-7843-bc5a-b5310bbb1ffd	01900243-8877-7459-9e8a-3e925b24a5b4	01900243-87f4-7f73-80d6-3837a993a75d	01900243-87f4-7128-be39-608e2ee91e40	018e61da-976d-7fca-9165-3e872014d47f	2024-06-10 15:08:18.746684+02	\N	\N	018e7abb-d285-7131-bbfe-07d12658ea4f
01900244-c33c-7fb4-97b0-a64bf5589257	01900244-c33c-75a3-a18e-29dcb918c5ad	01900244-c2e1-7bd7-85ea-132c3f1c63c1	01900244-c2e1-7719-adbb-01ec2d2ca73b	018e61da-976d-7fca-9165-3e872014d47f	2024-06-10 15:09:39.259874+02	\N	\N	872a8db1-9d97-48bb-828f-2a457d514d03
019002d0-5c24-7493-939b-4776838eb075	019002d0-5c24-7432-9fb6-cbe0fe002cdd	019002d0-5bf1-7e8c-8ec8-acf5b4ca6c57	019002d0-5bf1-7807-8a77-528f6e58bc15	018e61da-976d-7fca-9165-3e872014d47f	2024-06-10 17:42:07.908552+02	\N	\N	872a8db1-9d97-48bb-828f-2a457d514d03
019002d0-5c48-76ae-aa45-99bdcdb1940a	019002d0-5c24-7432-9fb6-cbe0fe002cdd	019002d0-5bf1-7e8c-8ec8-acf5b4ca6c57	019002d0-5bf1-7807-8a77-528f6e58bc15	018e61da-976d-7fca-9165-3e872014d47f	2024-06-10 17:42:07.942665+02	\N	\N	018e7abb-d285-7131-bbfe-07d12658ea4f
019002d3-0d1a-74ed-84db-763566b4adc5	019002d3-0d19-71b7-974c-8712ab90bba8	019002d3-0ce8-781c-a8fc-b01925c826dd	019002d3-0ce8-7d9c-bdd5-5213ff89182c	018e61da-976d-7fca-9165-3e872014d47f	2024-06-10 17:45:04.281201+02	\N	\N	872a8db1-9d97-48bb-828f-2a457d514d03
019002d3-0d46-7fc5-8e1c-28b80be8c8e7	019002d3-0d19-71b7-974c-8712ab90bba8	019002d3-0ce8-781c-a8fc-b01925c826dd	019002d3-0ce8-7d9c-bdd5-5213ff89182c	018e61da-976d-7fca-9165-3e872014d47f	2024-06-10 17:45:04.325421+02	\N	\N	018e7abb-d285-7131-bbfe-07d12658ea4f
019002d4-a02c-73e9-825d-8677521d2f23	019002d4-a02c-70e2-962d-de05831102ba	019002d4-a001-723a-b300-9be7be1a2388	019002d4-a001-747a-8c82-b37feb482e6c	018e61da-976d-7fca-9165-3e872014d47f	2024-06-10 17:46:47.467833+02	\N	\N	872a8db1-9d97-48bb-828f-2a457d514d03
01900396-8690-7fa7-aec7-354576efc743	01900396-868e-789c-a4be-f4a14c635dd2	01900396-85e8-7c96-b65f-d28fbcc818c5	01900396-85df-7af3-8ef0-5ba3eff61f8c	018e61da-976d-7fca-9165-3e872014d47f	2024-06-10 21:18:34.890133+02	\N	\N	872a8db1-9d97-48bb-828f-2a457d514d03
01900396-8716-79b7-8929-fb9c6619b132	01900396-868e-789c-a4be-f4a14c635dd2	01900396-85e8-7c96-b65f-d28fbcc818c5	01900396-85df-7af3-8ef0-5ba3eff61f8c	018e61da-976d-7fca-9165-3e872014d47f	2024-06-10 21:18:35.027976+02	\N	\N	018e7abb-d285-7131-bbfe-07d12658ea4f
01900397-bc07-77ea-9363-76e12e031250	01900397-bc07-7041-824a-f58c5f2a3fcf	01900397-bbc5-79c9-8649-2aa88b80c0ad	01900397-bbc5-7b9f-a282-6c9d3cf92918	018e61da-976d-7fca-9165-3e872014d47f	2024-06-10 21:19:54.118313+02	\N	\N	872a8db1-9d97-48bb-828f-2a457d514d03
01900397-bc46-7094-af9a-24b4accf15f5	01900397-bc07-7041-824a-f58c5f2a3fcf	01900397-bbc5-79c9-8649-2aa88b80c0ad	01900397-bbc5-7b9f-a282-6c9d3cf92918	018e61da-976d-7fca-9165-3e872014d47f	2024-06-10 21:19:54.180177+02	\N	\N	018e7abb-d285-7131-bbfe-07d12658ea4f
01900718-044b-7284-b0f5-473125343dd4	01900718-044a-7ff7-a39e-37d542229ccb	01900718-038f-7df4-aa65-d08711df5560	01900718-0385-720e-a32d-93fb5460794d	018e61da-976d-7fca-9165-3e872014d47f	2024-06-11 13:38:52.873276+02	\N	\N	872a8db1-9d97-48bb-828f-2a457d514d03
01900718-04d4-77f9-80eb-59c8c0d271b0	01900718-044a-7ff7-a39e-37d542229ccb	01900718-038f-7df4-aa65-d08711df5560	01900718-0385-720e-a32d-93fb5460794d	018e61da-976d-7fca-9165-3e872014d47f	2024-06-11 13:38:53.009724+02	\N	\N	018e7abb-d285-7131-bbfe-07d12658ea4f
0190071a-0af2-7f61-9c3a-ba46c1969340	0190071a-0af2-759a-8d48-85dcf6abc13c	0190071a-0a6d-7d5a-997c-921894749875	0190071a-0a6c-7c5d-9b84-aa8d6ca15254	018e61da-976d-7fca-9165-3e872014d47f	2024-06-11 13:41:05.649647+02	\N	\N	872a8db1-9d97-48bb-828f-2a457d514d03
0190071a-0b67-78c9-9e59-de4fa8087850	0190071a-0af2-759a-8d48-85dcf6abc13c	0190071a-0a6d-7d5a-997c-921894749875	0190071a-0a6c-7c5d-9b84-aa8d6ca15254	018e61da-976d-7fca-9165-3e872014d47f	2024-06-11 13:41:05.763125+02	\N	\N	018e7abb-d285-7131-bbfe-07d12658ea4f
0190071e-f4ce-74d8-9fad-b464391e89f9	0190071e-f4ce-7257-950f-e964914dfdf2	0190071e-f432-70d2-b6d9-6324d07bdb52	0190071e-f431-7db5-8b40-05a407c843d7	018e61da-976d-7fca-9165-3e872014d47f	2024-06-11 13:46:27.660611+02	\N	\N	872a8db1-9d97-48bb-828f-2a457d514d03
0190071e-f5a1-7c1e-871a-f2f0883bd16b	0190071e-f4ce-7257-950f-e964914dfdf2	0190071e-f432-70d2-b6d9-6324d07bdb52	0190071e-f431-7db5-8b40-05a407c843d7	018e61da-976d-7fca-9165-3e872014d47f	2024-06-11 13:46:27.870562+02	\N	\N	018e7abb-d285-7131-bbfe-07d12658ea4f
01900720-1d40-77ce-8525-fa83c94ec4ce	01900720-1d3f-792a-ae58-7d0bd91fd22a	01900720-1c61-7a9d-a0b5-82019f724c5e	01900720-1c61-7e71-9ba0-d6c778638787	018e61da-976d-7fca-9165-3e872014d47f	2024-06-11 13:47:43.550553+02	\N	\N	872a8db1-9d97-48bb-828f-2a457d514d03
01900720-1dfa-7920-bd7b-92e6a5369aeb	01900720-1d3f-792a-ae58-7d0bd91fd22a	01900720-1c61-7a9d-a0b5-82019f724c5e	01900720-1c61-7e71-9ba0-d6c778638787	018e61da-976d-7fca-9165-3e872014d47f	2024-06-11 13:47:43.734386+02	\N	\N	018e7abb-d285-7131-bbfe-07d12658ea4f
01900721-eae9-7873-ad00-3c1dbb8e6070	01900721-eae9-7b35-9661-a2e2ee438969	01900721-ea96-7813-b35c-953fddb9cf94	01900721-ea95-7f44-a2c5-6ba1dc3fe7e2	018e61da-976d-7fca-9165-3e872014d47f	2024-06-11 13:49:41.736702+02	\N	\N	872a8db1-9d97-48bb-828f-2a457d514d03
01900721-eb59-7f4b-b305-4aa1cf464085	01900721-eae9-7b35-9661-a2e2ee438969	01900721-ea96-7813-b35c-953fddb9cf94	01900721-ea95-7f44-a2c5-6ba1dc3fe7e2	018e61da-976d-7fca-9165-3e872014d47f	2024-06-11 13:49:41.846562+02	\N	\N	018e7abb-d285-7131-bbfe-07d12658ea4f
01900726-5934-707e-af65-d53d0a31d6f2	01900726-5934-7e84-80b9-65569033ac7a	01900726-58cb-74a3-afce-f55083e0726f	01900726-58cb-74fd-94e9-053e33f756e3	018e61da-976d-7fca-9165-3e872014d47f	2024-06-11 13:54:32.115372+02	\N	\N	872a8db1-9d97-48bb-828f-2a457d514d03
01900726-5991-7547-9101-be30a152273c	01900726-5934-7e84-80b9-65569033ac7a	01900726-58cb-74a3-afce-f55083e0726f	01900726-58cb-74fd-94e9-053e33f756e3	018e61da-976d-7fca-9165-3e872014d47f	2024-06-11 13:54:32.204333+02	\N	\N	018e7abb-d285-7131-bbfe-07d12658ea4f
01900739-715e-7563-9eda-478da6ba3c4a	01900739-715e-76ab-bdb7-441ecfa6cab0	01900739-7129-7cbf-b230-fcf393986e6d	01900739-7129-77e9-8d70-1702ef8d3554	018e61da-976d-7fca-9165-3e872014d47f	2024-06-11 14:15:23.486552+02	\N	\N	872a8db1-9d97-48bb-828f-2a457d514d03
01900739-7182-7b59-917b-a0cc68c1fb9c	01900739-715e-76ab-bdb7-441ecfa6cab0	01900739-7129-7cbf-b230-fcf393986e6d	01900739-7129-77e9-8d70-1702ef8d3554	018e61da-976d-7fca-9165-3e872014d47f	2024-06-11 14:15:23.522245+02	\N	\N	018e7abb-d285-7131-bbfe-07d12658ea4f
0190073a-0fe0-79d7-9f1d-f39eed1574a9	0190073a-0fe0-7f69-b239-e03cdbf1cd00	0190073a-0fb2-70cc-ab49-14bcd488266d	0190073a-0fb2-7eb3-bc6d-c1c6cf149abd	018e61da-976d-7fca-9165-3e872014d47f	2024-06-11 14:16:04.063817+02	\N	\N	872a8db1-9d97-48bb-828f-2a457d514d03
0190073a-100e-7877-8cfd-730f3575690a	0190073a-0fe0-7f69-b239-e03cdbf1cd00	0190073a-0fb2-70cc-ab49-14bcd488266d	0190073a-0fb2-7eb3-bc6d-c1c6cf149abd	018e61da-976d-7fca-9165-3e872014d47f	2024-06-11 14:16:04.109523+02	\N	\N	018e7abb-d285-7131-bbfe-07d12658ea4f
0190073b-bef9-74d0-a9b2-96a59f61ec1a	0190073b-bef9-7fa7-a336-9314061fcd69	0190073b-bed9-7144-a2b1-e14c1bf8738f	0190073b-bed8-7444-9aca-440e5f9dc283	018e61da-976d-7fca-9165-3e872014d47f	2024-06-11 14:17:54.42521+02	\N	\N	872a8db1-9d97-48bb-828f-2a457d514d03
0190073b-bf20-79d4-b58e-66231628967b	0190073b-bef9-7fa7-a336-9314061fcd69	0190073b-bed9-7144-a2b1-e14c1bf8738f	0190073b-bed8-7444-9aca-440e5f9dc283	018e61da-976d-7fca-9165-3e872014d47f	2024-06-11 14:17:54.462069+02	\N	\N	018e7abb-d285-7131-bbfe-07d12658ea4f
0190074b-9f1a-7bb2-b45e-ac0f5304cd28	0190074b-9f1a-7f40-9f07-aa535541f365	0190074b-9ef5-77d8-a5a2-f023c68ac578	0190074b-9ef5-769d-8d06-9a2a1a79f838	018e61da-976d-7fca-9165-3e872014d47f	2024-06-11 14:35:14.842295+02	\N	\N	872a8db1-9d97-48bb-828f-2a457d514d03
0190074b-9f3e-7293-91dd-fe6cfd3ae8cb	0190074b-9f1a-7f40-9f07-aa535541f365	0190074b-9ef5-77d8-a5a2-f023c68ac578	0190074b-9ef5-769d-8d06-9a2a1a79f838	018e61da-976d-7fca-9165-3e872014d47f	2024-06-11 14:35:14.878151+02	\N	\N	018e7abb-d285-7131-bbfe-07d12658ea4f
01900770-9c42-75ea-9467-dd230c4ed0fc	01900770-9c42-7d17-8c5e-7388de47125c	01900770-9bec-77f8-89ca-41b649267114	01900770-9bec-72ff-a739-ab3ecf534b97	018e61da-976d-7fca-9165-3e872014d47f	2024-06-11 15:15:38.945558+02	\N	\N	872a8db1-9d97-48bb-828f-2a457d514d03
01900770-9c8b-752d-9267-dbe8a7c9ca7c	01900770-9c42-7d17-8c5e-7388de47125c	01900770-9bec-77f8-89ca-41b649267114	01900770-9bec-72ff-a739-ab3ecf534b97	018e61da-976d-7fca-9165-3e872014d47f	2024-06-11 15:15:39.017216+02	\N	\N	018e7abb-d285-7131-bbfe-07d12658ea4f
01900771-39f7-773d-ae33-aa8edc324e6d	01900771-39f7-7004-8e51-23d0795136c4	01900771-39d3-7f5d-bd99-fc0f3dd1df30	01900771-39d3-7884-8357-e02efd68d272	018e61da-976d-7fca-9165-3e872014d47f	2024-06-11 15:16:19.319118+02	\N	\N	872a8db1-9d97-48bb-828f-2a457d514d03
01900771-3a22-76da-9569-80041052cc49	01900771-39f7-7004-8e51-23d0795136c4	01900771-39d3-7f5d-bd99-fc0f3dd1df30	01900771-39d3-7884-8357-e02efd68d272	018e61da-976d-7fca-9165-3e872014d47f	2024-06-11 15:16:19.361394+02	\N	\N	018e7abb-d285-7131-bbfe-07d12658ea4f
\.


--
-- Data for Name: project_category_changelog_value; Type: TABLE DATA; Schema: diwi_testset; Owner: ali
--

COPY diwi_testset.project_category_changelog_value (id, project_category_changelog_id, property_value_id) FROM stdin;
018e7ac1-9258-778a-a5b8-37a5e2f53fd6	018e7ac1-9256-7186-bd0d-17e1dee92c13	018e7abb-d296-7d99-9064-e702ccf48b22
018e7ac1-9258-77dd-987b-ddcf48ffb336	018e7ac1-9256-7186-bd0d-17e1dee92c13	018e7abb-d295-7398-88e2-8368dd441b5b
018e7ace-2b72-79c9-9324-7e02556bcde5	018e7ace-2b71-764f-976a-756aedee0075	018e7abb-d296-7d99-9064-e702ccf48b22
018e7ace-2b72-7bac-8fa6-c087211aa70f	018e7ace-2b71-764f-976a-756aedee0075	018e7acd-cccd-7ed8-a9bf-f205eb54f822
018e7ace-2b72-78d3-b380-649fb20458d6	018e7ace-2b71-764f-976a-756aedee0075	018e7abb-d295-7398-88e2-8368dd441b5b
018e7aff-69dd-7dff-b084-9bc798b9a294	018e7aff-69da-7b89-af1d-b770fba375a0	018e7abb-d296-7d99-9064-e702ccf48b22
018e7f99-d924-7a27-ab6e-7db4e2704254	018e7f99-d924-7f14-a1bc-e60a37ea1bcd	018e7abb-d295-7398-88e2-8368dd441b5b
018e8584-ef31-7ea4-84c2-9c74a8ae5989	018e8584-ef30-7353-819e-0262b67fcc14	018e7acd-cccd-7ed8-a9bf-f205eb54f822
018f4e60-f570-75b7-86db-ca6d92004ba5	018f4e60-f56f-748b-89aa-a4fdd3da2b82	018e7acd-cccd-7ed8-a9bf-f205eb54f822
018ff304-7e35-78a1-a56c-3c44117a6b46	018ff304-7e35-7790-b585-be210c920ea1	f7030975-74d5-4fa8-b62e-b2d4f65d4f7d
018ff304-7f4c-7c11-b254-48fd3d239fbd	018ff304-7f4c-73d5-a544-f86796d57895	018e7abb-d295-7398-88e2-8368dd441b5b
018ff305-95d1-721b-98df-d4c84e63ab57	018ff305-95d1-78fd-9f34-da2618314eee	f7030975-74d5-4fa8-b62e-b2d4f65d4f7d
018ff305-9688-7d2b-aa2b-741a5e0d543a	018ff305-9688-7e4b-85ab-4b37ce866ab2	018e7abb-d295-7398-88e2-8368dd441b5b
018ff307-5b3e-736a-94aa-af01883fb17e	018ff307-5b3d-72af-b546-e3df6e5f5977	f7030975-74d5-4fa8-b62e-b2d4f65d4f7d
018ff307-5bfb-7ebd-a9ec-21588fa9941e	018ff307-5bfb-73f8-81be-2c0ef54f86ca	018e7abb-d295-7398-88e2-8368dd441b5b
01900157-cadc-745f-90c4-40f429b9c2db	01900157-cadc-749d-ac89-64029d3f3468	f7030975-74d5-4fa8-b62e-b2d4f65d4f7d
01900157-cb8e-7f83-a1cb-020b8f46529c	01900157-cb8e-7751-82c3-c672fea2a620	018e7abb-d295-7398-88e2-8368dd441b5b
01900165-e466-7aef-a6c5-baecb5dc565b	01900165-e466-79ec-9cf9-e0d913b36179	f7030975-74d5-4fa8-b62e-b2d4f65d4f7d
01900165-e4d2-73a2-ae25-7f40f91c1d1d	01900165-e4d2-7629-93af-16a4f0b0209d	018e7abb-d295-7398-88e2-8368dd441b5b
0190016a-031e-7420-80d7-b6a4f0e7c462	0190016a-031d-752b-9fa0-6f092d6ed26d	f7030975-74d5-4fa8-b62e-b2d4f65d4f7d
0190016a-0384-766b-882c-cf5d897fc05e	0190016a-0383-71c3-bd3d-1f42a5da535b	018e7abb-d295-7398-88e2-8368dd441b5b
01900171-58ae-7f78-aee1-8bd16a4acf9d	01900171-58ae-7c28-a23e-2576f5bf3074	f7030975-74d5-4fa8-b62e-b2d4f65d4f7d
01900171-58ff-714d-98a2-bdc1ade172a8	01900171-58fe-70d3-ac60-633327a5d074	018e7abb-d295-7398-88e2-8368dd441b5b
01900176-e60b-772b-a04f-96fc88c7472b	01900176-e60b-70eb-951b-324ffa71eaca	f7030975-74d5-4fa8-b62e-b2d4f65d4f7d
01900176-e656-769e-b57c-b1db46f44b00	01900176-e655-7a50-959a-946e3a91cd56	018e7abb-d295-7398-88e2-8368dd441b5b
01900177-7e1f-7ea6-b985-d30eda537fb6	01900177-7e1f-7422-8283-2e03222376b5	f7030975-74d5-4fa8-b62e-b2d4f65d4f7d
01900177-7e6e-7874-8b5f-ae2a87478e7f	01900177-7e6d-74f9-83f5-d2a1f15a1b4b	018e7abb-d295-7398-88e2-8368dd441b5b
01900178-a39e-7bc0-8bee-0a35323b0788	01900178-a39e-7a32-a41e-3a3d16a1e530	f7030975-74d5-4fa8-b62e-b2d4f65d4f7d
01900178-a3fe-7652-ac26-15c71b6b750d	01900178-a3fd-7349-ac85-d09b26aec4c1	018e7abb-d295-7398-88e2-8368dd441b5b
019001ea-732d-74e9-b5e4-ad9e9ef29ce0	019001ea-732d-7715-97a6-2e6974dc50ea	f7030975-74d5-4fa8-b62e-b2d4f65d4f7d
019001ea-7378-7734-8216-06277fbdd2aa	019001ea-7378-799f-b66f-417ce0660457	018e7abb-d295-7398-88e2-8368dd441b5b
0190020d-c926-78ac-8d14-5c8ed26916ec	0190020d-c926-739c-b4a3-15ac6977304d	f7030975-74d5-4fa8-b62e-b2d4f65d4f7d
0190020d-c984-75a1-9755-c834ec3f13da	0190020d-c983-7a74-82e6-187b6687b91e	018e7abb-d295-7398-88e2-8368dd441b5b
0190020f-6da5-7f5d-981f-7089f514351f	0190020f-6da5-7957-9287-c9f7e1950af8	f7030975-74d5-4fa8-b62e-b2d4f65d4f7d
0190020f-6df4-7ddb-b0cd-d6ab6cd2f145	0190020f-6df4-7b52-af3b-58e2ed2f1e42	018e7abb-d295-7398-88e2-8368dd441b5b
01900211-de86-70d0-96f1-79f7f4eb2768	01900211-de86-7dcc-98f6-ecc5ca4460c4	f7030975-74d5-4fa8-b62e-b2d4f65d4f7d
01900211-decb-7169-b9c8-a9d72c7bba18	01900211-deca-7a37-8baa-fcf018071f1e	018e7abb-d295-7398-88e2-8368dd441b5b
01900214-f7df-7ca7-a3f9-b7012c53f22f	01900214-f7df-704a-b1a5-8f38a7e80e6f	f7030975-74d5-4fa8-b62e-b2d4f65d4f7d
01900214-f805-7ee8-8b74-90d84b2403ba	01900214-f805-7412-a725-8678a40881cd	018e7abb-d295-7398-88e2-8368dd441b5b
01900217-9e77-7ddf-affa-33fd5a67fcf6	01900217-9e76-7567-91ae-be1a566d559a	f7030975-74d5-4fa8-b62e-b2d4f65d4f7d
01900217-9eba-7dc9-a2b5-808668ad9ff1	01900217-9eb9-7393-9cd9-2e93c0b13674	018e7abb-d295-7398-88e2-8368dd441b5b
0190021b-01ef-7053-aa5a-8a619321c217	0190021b-01ef-7cdc-a867-7c6cbd07687d	f7030975-74d5-4fa8-b62e-b2d4f65d4f7d
0190021b-0224-7ff3-9fff-5a500ded5c18	0190021b-0224-7de1-962b-b84fdddebe23	018e7abb-d295-7398-88e2-8368dd441b5b
0190021f-562f-74b5-b3b0-fc1ef933ad3c	0190021f-562f-715e-92e9-e924125bf405	f7030975-74d5-4fa8-b62e-b2d4f65d4f7d
0190021f-566b-7fbe-a574-318bc3fa14ef	0190021f-566b-7de2-b64d-f554a59e5f6e	018e7abb-d295-7398-88e2-8368dd441b5b
0190022e-f016-7835-a509-642f113d346a	0190022e-f016-7ea6-905e-d268644b6b74	f7030975-74d5-4fa8-b62e-b2d4f65d4f7d
0190022e-f050-7aa0-9def-6ca130b674fb	0190022e-f04f-766c-8ff5-91c259d92460	018e7abb-d295-7398-88e2-8368dd441b5b
0190022f-f610-7d91-9653-a3a68ff32659	0190022f-f610-7f39-9455-d3297ca5aa4b	f7030975-74d5-4fa8-b62e-b2d4f65d4f7d
0190022f-f648-74e6-b1c5-0cad181392b7	0190022f-f648-77a7-84a2-f64fb07a3172	018e7abb-d295-7398-88e2-8368dd441b5b
01900231-0291-770e-a23d-8d4d5357668d	01900231-0291-77d0-b3d0-43e95cd2709b	f7030975-74d5-4fa8-b62e-b2d4f65d4f7d
01900231-02db-71ac-87fb-fce46b11cbc4	01900231-02db-7107-b33d-272681a01a5f	018e7abb-d295-7398-88e2-8368dd441b5b
01900231-c077-7502-88f6-0d883d02c4a1	01900231-c077-746e-937d-7d15130eec48	f7030975-74d5-4fa8-b62e-b2d4f65d4f7d
01900231-c0c0-7ed1-ae4d-6e38b707d25d	01900231-c0bf-7d11-a2a3-9de963a65b48	018e7abb-d295-7398-88e2-8368dd441b5b
01900232-5c33-7a1b-b66b-13e04f322f73	01900232-5c33-76fb-87b2-3b140481a081	f7030975-74d5-4fa8-b62e-b2d4f65d4f7d
01900232-5c6b-7d55-a3f0-263de7230e38	01900232-5c6b-7fb4-8fc0-5abfb4ddb136	018e7abb-d295-7398-88e2-8368dd441b5b
0190023a-e3ea-7da9-ae93-ff1ba198904e	0190023a-e3ea-728b-9fd5-402f957412d4	f7030975-74d5-4fa8-b62e-b2d4f65d4f7d
0190023a-e423-76d1-b3cd-cf8b6f54c728	0190023a-e423-7135-ada7-261338cf235c	018e7abb-d295-7398-88e2-8368dd441b5b
0190023b-c19d-736c-a162-a2883a2ebf34	0190023b-c19d-73f1-ae1c-0a7e7c793fc1	f7030975-74d5-4fa8-b62e-b2d4f65d4f7d
0190023b-c1df-7198-a4f0-a2e6d97ba958	0190023b-c1df-7773-a5dc-c5cc625bbf45	018e7abb-d295-7398-88e2-8368dd441b5b
0190023c-a0e9-78f6-891d-167e8dcf62ef	0190023c-a0e9-7bda-9d4d-297febbdb510	f7030975-74d5-4fa8-b62e-b2d4f65d4f7d
0190023c-a128-7874-be48-c1406f4ad272	0190023c-a127-70d8-b9e1-8e7723fc4237	018e7abb-d295-7398-88e2-8368dd441b5b
0190023e-8e4f-7d6e-9ed3-9778fc318bf0	0190023e-8e4f-7455-8229-4fdd48a52d97	f7030975-74d5-4fa8-b62e-b2d4f65d4f7d
0190023e-8e94-7896-86f4-4b045914a678	0190023e-8e93-75a9-a1ba-c6d0147b7fd2	018e7abb-d295-7398-88e2-8368dd441b5b
01900243-8877-7d70-a75c-6508028b3e00	01900243-8877-727d-b3b3-ee888706a000	f7030975-74d5-4fa8-b62e-b2d4f65d4f7d
01900243-88bc-7fb7-8400-ae31fd8ffddf	01900243-88bc-7843-bc5a-b5310bbb1ffd	018e7abb-d295-7398-88e2-8368dd441b5b
01900244-c33c-7242-a826-18cef728f078	01900244-c33c-7fb4-97b0-a64bf5589257	f7030975-74d5-4fa8-b62e-b2d4f65d4f7d
01900244-c36a-7570-90d1-08523ccfe474	01900244-c36a-7cf3-9c73-bd9ff69e5465	018e7abb-d295-7398-88e2-8368dd441b5b
019002d0-5c24-77c7-b0aa-799c5b7e95bc	019002d0-5c24-7493-939b-4776838eb075	f7030975-74d5-4fa8-b62e-b2d4f65d4f7d
019002d0-5c48-787d-b2f0-87734c2456b6	019002d0-5c48-76ae-aa45-99bdcdb1940a	018e7abb-d295-7398-88e2-8368dd441b5b
019002d3-0d1a-7cb9-9adb-0100f8e3db71	019002d3-0d1a-74ed-84db-763566b4adc5	f7030975-74d5-4fa8-b62e-b2d4f65d4f7d
019002d3-0d46-7645-903e-d7dfa013d5bc	019002d3-0d46-7fc5-8e1c-28b80be8c8e7	018e7abb-d295-7398-88e2-8368dd441b5b
019002d4-a02c-7d43-b323-342434e8d090	019002d4-a02c-73e9-825d-8677521d2f23	f7030975-74d5-4fa8-b62e-b2d4f65d4f7d
019002d4-a058-7cee-b14d-8f24d25d8f8a	019002d4-a058-7bba-b9be-573ab922d9fc	018e7abb-d295-7398-88e2-8368dd441b5b
01900396-8690-79ae-a208-c2072774a91c	01900396-8690-7fa7-aec7-354576efc743	f7030975-74d5-4fa8-b62e-b2d4f65d4f7d
01900396-8717-7fbf-83db-b7d3c446f123	01900396-8716-79b7-8929-fb9c6619b132	018e7abb-d295-7398-88e2-8368dd441b5b
01900397-bc07-752b-b14e-0ba3717c7e76	01900397-bc07-77ea-9363-76e12e031250	f7030975-74d5-4fa8-b62e-b2d4f65d4f7d
01900397-bc47-7125-9d5d-cdef947e587b	01900397-bc46-7094-af9a-24b4accf15f5	018e7abb-d295-7398-88e2-8368dd441b5b
01900718-044b-74d8-9984-e1f6a91a1544	01900718-044b-7284-b0f5-473125343dd4	f7030975-74d5-4fa8-b62e-b2d4f65d4f7d
01900718-04d4-7b3c-bcb5-10e287b2bd1b	01900718-04d4-77f9-80eb-59c8c0d271b0	018e7abb-d295-7398-88e2-8368dd441b5b
0190071a-0af2-7033-9a19-453c045189b4	0190071a-0af2-7f61-9c3a-ba46c1969340	f7030975-74d5-4fa8-b62e-b2d4f65d4f7d
0190071a-0b68-79e6-b361-180b4585b011	0190071a-0b67-78c9-9e59-de4fa8087850	018e7abb-d295-7398-88e2-8368dd441b5b
0190071e-f4ce-775f-9bd8-3b61de7a4999	0190071e-f4ce-74d8-9fad-b464391e89f9	f7030975-74d5-4fa8-b62e-b2d4f65d4f7d
0190071e-f5a1-759f-8070-482da529101c	0190071e-f5a1-7c1e-871a-f2f0883bd16b	018e7abb-d295-7398-88e2-8368dd441b5b
01900720-1d40-7201-86a1-784c4550221b	01900720-1d40-77ce-8525-fa83c94ec4ce	f7030975-74d5-4fa8-b62e-b2d4f65d4f7d
01900720-1dfa-789a-86d9-91d69814720c	01900720-1dfa-7920-bd7b-92e6a5369aeb	018e7abb-d295-7398-88e2-8368dd441b5b
01900721-eae9-7a82-9c42-59db1c5189eb	01900721-eae9-7873-ad00-3c1dbb8e6070	f7030975-74d5-4fa8-b62e-b2d4f65d4f7d
01900721-eb59-7387-899b-774f65154216	01900721-eb59-7f4b-b305-4aa1cf464085	018e7abb-d295-7398-88e2-8368dd441b5b
01900726-5934-7798-bdb3-11aa4daaecdf	01900726-5934-707e-af65-d53d0a31d6f2	f7030975-74d5-4fa8-b62e-b2d4f65d4f7d
01900726-5991-7436-9688-3a08afe4c889	01900726-5991-7547-9101-be30a152273c	018e7abb-d295-7398-88e2-8368dd441b5b
01900739-715e-7357-8349-0c75f5f7e5ce	01900739-715e-7563-9eda-478da6ba3c4a	f7030975-74d5-4fa8-b62e-b2d4f65d4f7d
01900739-7183-738e-9e98-1873118a1eb7	01900739-7182-7b59-917b-a0cc68c1fb9c	018e7abb-d295-7398-88e2-8368dd441b5b
0190073a-0fe0-76f7-961e-1cdc7bcbc1e3	0190073a-0fe0-79d7-9f1d-f39eed1574a9	f7030975-74d5-4fa8-b62e-b2d4f65d4f7d
0190073a-100e-7389-8540-cea3635d5aff	0190073a-100e-7877-8cfd-730f3575690a	018e7abb-d295-7398-88e2-8368dd441b5b
0190073b-bef9-7594-bc69-9d791a3c10d5	0190073b-bef9-74d0-a9b2-96a59f61ec1a	f7030975-74d5-4fa8-b62e-b2d4f65d4f7d
0190073b-bf20-7f4e-ba32-90e1b53f617f	0190073b-bf20-79d4-b58e-66231628967b	018e7abb-d295-7398-88e2-8368dd441b5b
0190074b-9f1a-7576-b1c9-778af70ff96b	0190074b-9f1a-7bb2-b45e-ac0f5304cd28	f7030975-74d5-4fa8-b62e-b2d4f65d4f7d
0190074b-9f3e-79cb-bdf0-a8de99862509	0190074b-9f3e-7293-91dd-fe6cfd3ae8cb	018e7abb-d295-7398-88e2-8368dd441b5b
01900770-9c42-743a-8bb6-90ef52af025b	01900770-9c42-75ea-9467-dd230c4ed0fc	f7030975-74d5-4fa8-b62e-b2d4f65d4f7d
01900770-9c8b-701c-9c88-25debd980c03	01900770-9c8b-752d-9267-dbe8a7c9ca7c	018e7abb-d295-7398-88e2-8368dd441b5b
01900771-39f7-7507-973d-95a9b53943e4	01900771-39f7-773d-ae33-aa8edc324e6d	f7030975-74d5-4fa8-b62e-b2d4f65d4f7d
01900771-3a22-72b2-80cd-1b31589ad5c4	01900771-3a22-76da-9569-80041052cc49	018e7abb-d295-7398-88e2-8368dd441b5b
\.


--
-- Data for Name: project_duration_changelog; Type: TABLE DATA; Schema: diwi_testset; Owner: ali
--

COPY diwi_testset.project_duration_changelog (id, start_milestone_id, end_milestone_id, project_id, create_user_id, change_start_date, change_end_date, change_user_id) FROM stdin;
4e5b7e0b-84c4-4c07-b703-0bbe304b34bf	292414eb-4a4e-405c-954b-e01bb355bc9b	07f3a0ad-f76a-4dd9-b4c6-6eb8113968e0	466da5e2-c96f-4856-aa17-6b37a1c21edc	2122426c-6e70-419c-a054-f51dd24d798b	2024-01-16 19:06:32+01	\N	\N
465f0b66-308a-4267-8275-235d10341c93	ee3cbe15-7a5d-42c6-a807-0a7593a24d4f	342887ab-2106-45c4-9565-a4b83f4d3362	54a0c192-3454-4f7a-becd-96d214461987	2122426c-6e70-419c-a054-f51dd24d798b	2024-01-05 19:06:32+01	\N	\N
f3cc3638-5fca-4cf0-9b0a-0f6d7cd12a7d	1c155b85-29e3-4fec-85a2-96bda344fe8a	529ca978-1d23-418a-a94c-bd219454a587	5c9fbb50-d8fd-480d-9e38-7f3b391d3110	2122426c-6e70-419c-a054-f51dd24d798b	2024-01-05 19:06:32+01	\N	\N
018e6566-7c86-7fc9-8e3f-f0f265c6a41b	018e6566-7c86-7b9a-a2d7-634b92219493	018e6566-7c86-76a1-a3f0-7434a7101fd3	018e6566-7c86-7689-a4cf-58f57a073d2a	018e61da-976d-7fca-9165-3e872014d47f	2024-03-22 10:03:19.154631+01	\N	\N
018e6ab5-fa49-7e8d-b947-660b049d69f3	018e6ab5-fa49-74ab-b053-384768b17105	018e6ab5-fa49-7434-bedf-23482b8a5c73	018e6ab5-fa48-708a-8ead-5d42386fa500	018e61da-976d-7fca-9165-3e872014d47f	2024-03-23 10:48:14.792726+01	2024-03-23 10:49:38.265952+01	018e61da-976d-7fca-9165-3e872014d47f
018e6aba-aead-74d0-8f0e-c862a52a4ba5	018e6aba-aead-721a-bb81-ae4f10bf38fc	018e6aba-aead-7986-bbf1-43adfc71eb1c	018e6aba-aead-73e9-9253-373e654a2feb	018e61da-976d-7fca-9165-3e872014d47f	2024-03-23 10:53:23.11726+01	2024-03-23 10:54:33.914726+01	018e61da-976d-7fca-9165-3e872014d47f
018e6ac4-0853-789d-acfc-a2ae28477d6c	018e6ac4-0851-7eef-9cfb-8d5db43e12ea	018e6ac4-0852-7006-8bfe-cdb0c79a846a	018e6ac4-0850-7577-a856-b1409c0c6330	018e61da-976d-7fca-9165-3e872014d47f	2024-03-23 11:03:35.88679+01	\N	\N
018e6ac9-8d17-7291-903b-eaf31c8ad871	018e6ac9-8d17-70a9-a273-62e6b7d70390	018e6ac9-8d17-7efa-bbe3-89e7d2be12f1	018e6ac9-8d17-7b67-a4af-37004a445073	018e61da-976d-7fca-9165-3e872014d47f	2024-03-23 11:09:37.559117+01	\N	\N
018e7b10-5624-7387-aacb-449f1edc757a	018e7b10-5624-71aa-888b-e5d540974c06	018e7b10-5624-76e6-a531-626801bfa91e	018e7b10-5624-78a3-89c7-36e649258a50	018e61da-976d-7fca-9165-3e872014d47f	2024-03-26 15:00:52.00391+01	\N	\N
018e6ac4-673a-7a31-9d00-265d2c2bc2fd	018e6ac4-6739-760b-bcb5-c3847ddfb251	018e6ac4-673a-7fe8-b736-bbbdacbd42fa	018e6ac4-6738-71a1-95b1-3c8625782165	018e61da-976d-7fca-9165-3e872014d47f	2024-03-23 11:04:00.183398+01	2024-03-27 09:49:08.524293+01	018e61da-976d-7fca-9165-3e872014d47f
018e6ac6-0238-7420-9acf-e1f2a57c8c35	018e6ac6-0237-7faa-b66e-de6396127c81	018e6ac6-0237-72f8-8987-38ba921800de	018e6ac6-0237-7d90-9dc1-c3aa6f3a8ddf	018e61da-976d-7fca-9165-3e872014d47f	2024-03-23 11:05:45.398305+01	2024-03-27 09:49:16.124991+01	018e61da-976d-7fca-9165-3e872014d47f
018e6a8c-a600-741b-b61d-5ce58ac7188a	018e6a8c-a5ff-76de-b66f-6fbc32cbe618	018e6a8c-a600-73ea-9a7a-f64d1f3bbbaf	018e6a8c-a5ff-73a0-b006-06b92d421629	018e61da-976d-7fca-9165-3e872014d47f	2024-03-23 10:03:06.238946+01	2024-03-27 09:49:25.566313+01	018e61da-976d-7fca-9165-3e872014d47f
018e6548-029e-7721-8ad0-e73147d9ec26	018e6548-029c-7faf-90cf-799a8aaec292	018e6548-029d-7008-8aae-8d9aa4ad4098	018e6548-0294-73e6-8535-38500033f66a	018e61da-976d-7fca-9165-3e872014d47f	2024-03-22 09:30:01.864297+01	2024-03-27 09:49:34.685169+01	018e61da-976d-7fca-9165-3e872014d47f
018e621b-4ea8-7ea8-8776-277042d62da9	018e621b-4ea8-7951-a11a-653fc1af247e	018e621b-4ea8-777a-82e2-96093d6bc4dd	018e621b-4ea8-7801-b880-4e960e416feb	018e61da-976d-7fca-9165-3e872014d47f	2024-03-21 18:42:20.551487+01	2024-03-27 09:49:42.698363+01	018e61da-976d-7fca-9165-3e872014d47f
018e654d-68e2-73d2-888a-e19b7f9f73ec	018e654d-68e1-715b-979a-8c21fb608dc7	018e654d-68e2-7561-8c97-bac27af68f4d	018e654d-68e0-70c1-8ca1-acad5da87227	018e61da-976d-7fca-9165-3e872014d47f	2024-03-22 09:35:55.743291+01	2024-03-27 09:49:49.276238+01	018e61da-976d-7fca-9165-3e872014d47f
018e6a86-fc1d-79cc-9117-13770ee3de28	018e6a86-fc1a-77e0-a57e-164c0994a44a	018e6a86-fc1c-7e4e-b414-84e1e81a26c7	018e6a86-fc0d-724c-9605-a7cc30c312b8	018e61da-976d-7fca-9165-3e872014d47f	2024-03-23 09:56:55.03476+01	2024-03-27 09:50:06.547464+01	018e61da-976d-7fca-9165-3e872014d47f
018e6abc-e4bd-7824-b7c9-e1be117cf239	018e6abc-e4b9-7cee-a63b-0b5d3d37cb2d	018e6abc-e4bc-7df8-bfcb-a13585a01db7	018e6abc-e4b9-724b-a8b9-9301bdc8e3da	018e61da-976d-7fca-9165-3e872014d47f	2024-03-23 10:55:48.025235+01	2024-03-27 09:50:26.658669+01	018e61da-976d-7fca-9165-3e872014d47f
018e7f8c-a20f-7ffc-8816-e413f38ebd17	018e7f8c-a20f-7e19-89b9-8944d23bf40b	018e7f8c-a20f-7255-8ed6-5806d078709d	018e7f8c-a20f-7ff5-909d-a97a037fe67a	018e61da-976d-7fca-9165-3e872014d47f	2024-03-27 11:55:06.767536+01	2024-03-27 11:58:15.692953+01	018e61da-976d-7fca-9165-3e872014d47f
018e7f90-0901-7312-bed9-7e88dc8a23bd	018e7f90-0900-7f13-a975-f6b2ff313cd6	018e7f90-0901-711d-90b7-5f814f8a866a	018e7f90-0900-772c-be4f-0f2b92770859	018e61da-976d-7fca-9165-3e872014d47f	2024-03-27 11:58:49.728405+01	\N	\N
018e7f1e-b0ea-7cba-bc6f-b11b5521e8a4	018e7f1e-b0e8-77f1-abd1-1e2a9651863a	018e7f1e-b0ea-71d3-87e5-01affdbc78d7	018e7f1e-b0de-79ff-9acd-9f0f5663bfc2	018e61da-976d-7fca-9165-3e872014d47f	2024-03-27 09:55:01.577761+01	2024-03-27 12:12:36.485117+01	018e61da-976d-7fca-9165-3e872014d47f
018e8404-6ba0-7034-bc81-b201c09dd896	018e8404-6b9c-7832-a926-c2db16012b9d	018e8404-6b9f-77c0-8038-b3b857a35f4a	018e8404-6b8a-7699-9847-6100d2e5b9e0	018e61da-976d-7fca-9165-3e872014d47f	2024-03-28 08:44:25.980809+01	\N	\N
018e855f-f199-78d8-89d6-e3694b71d05e	018e855f-f198-7309-ab69-0f2364779305	018e855f-f199-7b2c-870a-8ef8cb2c6c99	018e855f-f18e-70b5-a728-d1622df9ed8e	018e61da-976d-7fca-9165-3e872014d47f	2024-03-28 15:04:01.280282+01	\N	\N
018e8561-f1bf-7378-aaac-817c816a48a3	018e8561-f1be-7605-90bc-16659f4abe7c	018e8561-f1bf-7d88-a8fc-d042df119c67	018e8561-f1b3-76c9-bdea-acc905e43adf	018e61da-976d-7fca-9165-3e872014d47f	2024-03-28 15:06:12.387776+01	\N	\N
018e856b-2b05-7baf-8b65-c74bf2b16fdf	018e856b-2b03-7a62-ba21-184d077af500	018e856b-2b05-742b-bee4-44eb32a30cbb	018e856b-2afa-729b-82e5-51cf2557e641	018e61da-976d-7fca-9165-3e872014d47f	2024-03-28 15:16:16.879765+01	\N	\N
018e857b-bad8-7f9d-9e10-b28a01adcd47	018e857b-bad6-74bf-baf9-314b62113b91	018e857b-bad8-75ce-b83d-381c6642389a	018e857b-bacc-7ec1-a1d0-9aadc458f24f	018e61da-976d-7fca-9165-3e872014d47f	2024-03-28 15:34:22.27506+01	\N	\N
018e8582-c989-7efb-b817-04415cda9495	018e8582-c988-742c-a501-8de1c5463f73	018e8582-c988-75e9-8d7c-7ded79862e13	018e8582-c988-7609-b68d-8c2956410c2f	018e61da-976d-7fca-9165-3e872014d47f	2024-03-28 15:42:04.808463+01	\N	\N
018e8590-b78b-7c64-9c99-44850f1adf78	018e8590-b78a-7d04-92f1-1d131612df93	018e8590-b78b-712a-b6b0-993821f5f7cb	018e8590-b77f-78a9-b18b-963473d8d21d	018e61da-976d-7fca-9165-3e872014d47f	2024-03-28 15:57:17.68632+01	\N	\N
018e85bc-ea91-7c4a-addf-a508b4e6cace	018e85bc-ea8f-774a-868a-7402522498f6	018e85bc-ea91-7d83-8491-c36a93ca6b81	018e85bc-ea85-7407-8282-fb09f8d6b400	018e61da-976d-7fca-9165-3e872014d47f	2024-03-28 16:45:34.330976+01	\N	\N
018e8a26-d33e-73c8-9cb8-aa0cc91182e9	018e8a26-d33b-74b5-8649-f4f0014ef68b	018e8a26-d33b-7b7d-812b-46cfd4ca8c1c	018e8a26-d33a-748c-9784-0980ddf014d9	018e61da-976d-7fca-9165-3e872014d47f	2024-03-29 13:19:44.057113+01	\N	\N
018e8aa0-8107-7338-b86f-8f92b96ceaf2	018e8aa0-8106-7e28-86d7-b670bbf09976	018e8aa0-8107-7965-9633-890a1c35c043	018e8aa0-8105-77b0-a5c2-6a8cfc18513b	018e61da-976d-7fca-9165-3e872014d47f	2024-03-29 15:32:38.404138+01	\N	\N
018e8aaf-b145-735f-9c4f-e31e0c6daecd	018e8aaf-b145-7254-b4fd-c248a4cde7b0	018e8aaf-b145-779e-b28f-90cca244ca7f	018e8aaf-b144-7d38-b26d-b8793de8785b	018e61da-976d-7fca-9165-3e872014d47f	2024-03-29 15:49:13.796342+01	\N	\N
018e8abf-3937-75a9-8999-085a75039fdc	018e8abf-3936-7b9b-88af-f02cf4a28bf7	018e8abf-3936-76e6-9cd1-c96b976320ef	018e8abf-3935-7586-b28a-73cc454d16f6	018e61da-976d-7fca-9165-3e872014d47f	2024-03-29 16:06:11.637667+01	\N	\N
018e8ac2-0bc6-7b05-b227-4b17b7323a43	018e8ac2-0bb9-7b24-9487-c2ff0ccb8fe8	018e8ac2-0bc4-7288-8a93-2ce056c11e3b	018e8ac2-0b95-71a2-8e4d-05f32b96917e	018e61da-976d-7fca-9165-3e872014d47f	2024-03-29 16:09:16.519405+01	\N	\N
018e8ac3-cd89-773c-97bf-787dfd34acd9	018e8ac3-cd85-74e2-9f05-c238b06dcd4f	018e8ac3-cd88-7228-8ce6-862cb523ed1f	018e8ac3-cd72-79a8-8dc6-e321e16b96d4	018e61da-976d-7fca-9165-3e872014d47f	2024-03-29 16:11:11.680155+01	\N	\N
018e8afd-8bd7-727b-a5a1-75ce6459a007	018e8afd-8bd7-7eb6-8eca-8201421b2953	018e8afd-8bd7-71d9-b8cb-4dfb9629b8f3	018e8afd-8bd7-71e0-acdf-2aa8c6636361	018e61da-976d-7fca-9165-3e872014d47f	2024-03-29 17:14:16.023265+01	\N	\N
018e61e1-d225-7f8d-9e79-7136f7a4524c	018e61e1-d224-7467-bc4f-942186f7bd86	018e61e1-d225-712d-8838-a08bd94a89a9	018e61e1-d224-76dd-95aa-4fa7dfe22816	018e61da-976d-7fca-9165-3e872014d47f	2024-03-21 17:39:33.149642+01	2024-05-06 14:31:57.11458+02	018e61da-976d-7fca-9165-3e872014d47f
018f57b1-778e-7709-88ed-ee5b4c9a9eb2	018f57b1-7782-7382-b9eb-d78fe32dd872	018f57b1-778b-7658-9e4a-deecef504ad1	018f57b1-773f-7d5d-a276-13fca386d89e	018e61da-976d-7fca-9165-3e872014d47f	2024-05-08 12:13:19.250779+02	\N	\N
018e7f9d-bdfd-719e-a11b-cddafba00cd9	018e7f9d-bdfc-7718-ac27-40e469a21db2	018e7f9d-bdfc-7306-bb6d-3cf299b5cbc7	018e7f9d-bdfc-7b7d-894b-80ca5a41bb74	018e61da-976d-7fca-9165-3e872014d47f	2024-03-27 12:13:48.028378+01	2024-06-03 09:42:44.972931+02	018e61da-976d-7fca-9165-3e872014d47f
018ff305-952d-778f-93f5-6140fda6717e	018ff305-952c-7135-ae76-97b784721d52	018ff305-952d-713e-9162-c0123338a6f8	018ff305-952c-70bc-966a-3b8b418f0975	018e61da-976d-7fca-9165-3e872014d47f	2024-06-07 16:06:20.460175+02	2024-06-10 10:05:36.171379+02	018e61da-976d-7fca-9165-3e872014d47f
018ff304-7d21-7213-8928-2e06a65f7fbf	018ff304-7d21-7d40-b25d-6e5946e8a46c	018ff304-7d21-766b-b6e2-be579294e95a	018ff304-7d21-7752-a794-30ab79bfa7d6	018e61da-976d-7fca-9165-3e872014d47f	2024-06-07 16:05:08.769081+02	2024-06-10 10:05:41.932464+02	018e61da-976d-7fca-9165-3e872014d47f
018ff307-5a89-7f5a-b1d9-0e31e7d80297	018ff307-5a89-773a-98e1-6bdeaa3c3501	018ff307-5a89-7292-82e4-8f50f9f77745	018ff307-5a88-7743-9b71-f327c122200d	018e61da-976d-7fca-9165-3e872014d47f	2024-06-07 16:08:16.519912+02	2024-06-10 10:05:47.523078+02	018e61da-976d-7fca-9165-3e872014d47f
01900165-e3fe-7853-8489-2bf143819759	01900165-e3fe-7417-8dd2-07df15c4a57f	01900165-e3fe-70d9-b539-c8405ea64113	01900165-e3fd-7c77-ac6c-c407670e7452	018e61da-976d-7fca-9165-3e872014d47f	2024-06-10 11:06:13.1177+02	2024-06-10 11:17:57.404227+02	018e61da-976d-7fca-9165-3e872014d47f
01900157-ca26-7715-b742-074642b490fe	01900157-ca25-76b4-95bd-cde8b1cf4044	01900157-ca25-7dc8-bb36-c841a9241938	01900157-ca1a-7d0c-9ef0-376765909310	018e61da-976d-7fca-9165-3e872014d47f	2024-06-10 10:50:48.978656+02	2024-06-10 11:18:02.003715+02	018e61da-976d-7fca-9165-3e872014d47f
0190016a-02ae-74d1-b3d2-7b8d58eb3602	0190016a-02ae-74d4-919e-6225e41533ee	0190016a-02ae-7373-8929-adebadf90178	0190016a-02ae-737d-a612-d920568bca3b	018e61da-976d-7fca-9165-3e872014d47f	2024-06-10 11:10:43.118006+02	2024-06-10 11:18:06.637998+02	018e61da-976d-7fca-9165-3e872014d47f
0190020f-6d3c-70e1-9a09-78b7082e9a9c	0190020f-6d3c-722b-80e4-e5f3dd2602e2	0190020f-6d3c-7ea2-8833-27d0cdf84e7d	0190020f-6d3c-752e-b3b7-0f83b9e60a24	018e61da-976d-7fca-9165-3e872014d47f	2024-06-10 14:11:23.835495+02	2024-06-10 14:22:00.656093+02	018e61da-976d-7fca-9165-3e872014d47f
01900211-de2f-7da5-9bbc-5e84ad1218f0	01900211-de2f-7803-afcd-4c73a01f4e7b	01900211-de2f-7bd0-a1dd-f0c71fd3159b	01900211-de2f-7205-bb11-a533725f0a76	018e61da-976d-7fca-9165-3e872014d47f	2024-06-10 14:14:03.822946+02	2024-06-10 14:22:05.331208+02	018e61da-976d-7fca-9165-3e872014d47f
01900217-9e32-7efa-95ce-156f50296aea	01900217-9e32-7ce5-993b-5b4718160cf8	01900217-9e32-7722-b0af-97054561a36a	01900217-9e32-7c67-b81b-91397d61fc23	018e61da-976d-7fca-9165-3e872014d47f	2024-06-10 14:20:20.658289+02	2024-06-10 14:22:09.585291+02	018e61da-976d-7fca-9165-3e872014d47f
01900171-5864-70cd-8b68-c40bff66f30a	01900171-5864-7847-8baa-b09bcac2bdd0	01900171-5864-7808-a239-7740b4220610	01900171-5864-7a14-824f-be47f3665a75	018e61da-976d-7fca-9165-3e872014d47f	2024-06-10 11:18:43.812089+02	2024-06-10 14:22:14.662239+02	018e61da-976d-7fca-9165-3e872014d47f
019001ea-72f6-7eaa-9c88-4cdbb5dce813	019001ea-72f6-70c2-a4fb-a2e874c8b5a3	019001ea-72f6-75c6-bb29-7d0abd55b937	019001ea-72f5-7b13-b0d5-8e20a4977a6d	018e61da-976d-7fca-9165-3e872014d47f	2024-06-10 13:31:00.469674+02	2024-06-10 14:22:19.441824+02	018e61da-976d-7fca-9165-3e872014d47f
0190020d-c8ce-79c2-8a2d-ebf2deb97179	0190020d-c8ce-727b-95b7-099a638371fc	0190020d-c8ce-7936-91c7-70f60caecb92	0190020d-c8ce-70ed-88a5-9ae4f3c087ce	018e61da-976d-7fca-9165-3e872014d47f	2024-06-10 14:09:36.205855+02	2024-06-10 14:22:23.989058+02	018e61da-976d-7fca-9165-3e872014d47f
01900177-7db9-73a4-909c-fccb0761e7fc	01900177-7db9-7a40-9d1f-f6aa566027ad	01900177-7db9-747b-aca7-061b68519e6d	01900177-7db9-740f-a139-ed6a0806272a	018e61da-976d-7fca-9165-3e872014d47f	2024-06-10 11:25:26.584313+02	2024-06-10 14:22:28.073551+02	018e61da-976d-7fca-9165-3e872014d47f
01900214-f7a6-71a4-8076-5dfcf197c709	01900214-f7a6-795c-9f58-72f979832a1d	01900214-f7a6-743b-82ea-fa0104487a2f	01900214-f7a6-7010-8f57-f9814011b9f1	018e61da-976d-7fca-9165-3e872014d47f	2024-06-10 14:17:26.950086+02	2024-06-10 14:22:32.840954+02	018e61da-976d-7fca-9165-3e872014d47f
01900178-a339-7f63-9573-a47384a3d772	01900178-a338-7881-8900-423d5743dd21	01900178-a338-7571-aadd-ef3813865c2b	01900178-a338-70b9-9b0a-81e8a41253ec	018e61da-976d-7fca-9165-3e872014d47f	2024-06-10 11:26:41.720294+02	2024-06-10 14:22:37.951477+02	018e61da-976d-7fca-9165-3e872014d47f
01900176-e5be-7ebb-a73d-acae83d316e3	01900176-e5bd-7a04-a660-34292715ad29	01900176-e5be-7162-bc06-db4905311c7d	01900176-e5bd-7400-ae7c-4d930bf27269	018e61da-976d-7fca-9165-3e872014d47f	2024-06-10 11:24:47.677201+02	2024-06-10 14:22:42.444524+02	018e61da-976d-7fca-9165-3e872014d47f
01900231-c01d-70e1-be57-fa8101cfd3c4	01900231-c01d-7608-8bfc-953aab2933fa	01900231-c01d-7cbc-991d-291b604242b6	01900231-c01d-790d-a094-d8749aaf6ec2	018e61da-976d-7fca-9165-3e872014d47f	2024-06-10 14:48:53.277451+02	2024-06-10 21:12:29.747285+02	018e61da-976d-7fca-9165-3e872014d47f
01900232-5bf2-79f9-b3f7-5e043cc0b51b	01900232-5bf2-7721-86b2-1886149a9f6a	01900232-5bf2-7dda-a25a-490fd391a4cf	01900232-5bf1-7892-83ea-6d02c5dddca1	018e61da-976d-7fca-9165-3e872014d47f	2024-06-10 14:49:33.169633+02	2024-06-10 21:12:36.601797+02	018e61da-976d-7fca-9165-3e872014d47f
0190021f-55fa-7b95-bf19-dda70b5b0392	0190021f-55fa-7e92-bf7d-5828e8adec6c	0190021f-55fa-7cde-8f03-ac35f9d99ea9	0190021f-55fa-7682-af92-3c52a4bb73ce	018e61da-976d-7fca-9165-3e872014d47f	2024-06-10 14:28:46.458469+02	2024-06-10 21:12:54.920122+02	018e61da-976d-7fca-9165-3e872014d47f
0190021b-01bb-7956-8fa6-ed71ab743652	0190021b-01bb-7521-a79b-ac4c62c03c20	0190021b-01bb-74e4-8d58-ed3f0edd01d3	0190021b-01bb-7c50-9e55-497351217413	018e61da-976d-7fca-9165-3e872014d47f	2024-06-10 14:24:02.747483+02	2024-06-10 21:13:06.935613+02	018e61da-976d-7fca-9165-3e872014d47f
0190022f-f5d8-7b2c-8cba-698a4533979c	0190022f-f5d8-7fa6-aaa8-62cd59d5c4f8	0190022f-f5d8-78cb-81c9-778ee623b08d	0190022f-f5d8-7594-864a-7cb144468b2a	018e61da-976d-7fca-9165-3e872014d47f	2024-06-10 14:46:55.959927+02	2024-06-10 21:13:24.810757+02	018e61da-976d-7fca-9165-3e872014d47f
018ff2fa-5edd-7d9b-b03e-fb93ea37cc28	018ff2fa-5ed9-7fd6-bb2d-4e15dd058391	018ff2fa-5edc-793b-896c-b69b35c13e2f	018ff2fa-5ecb-75d6-9efd-f5a32254ddb4	018e61da-976d-7fca-9165-3e872014d47f	2024-06-07 15:54:05.625519+02	2024-06-11 16:10:44.970112+02	018e61da-976d-7fca-9165-3e872014d47f
01900243-87f4-7e94-9afe-86fd591878d5	01900243-87f4-7ce5-a3e6-6859ce3f57ef	01900243-87f4-7f73-80d6-3837a993a75d	01900243-87f4-7128-be39-608e2ee91e40	018e61da-976d-7fca-9165-3e872014d47f	2024-06-10 15:08:18.547965+02	2024-06-10 21:12:43.292511+02	018e61da-976d-7fca-9165-3e872014d47f
0190023b-c131-7434-a046-6838fbdc41f1	0190023b-c131-7ab1-acb7-bcb70d47e6a0	0190023b-c131-7953-be79-98eed72b10a9	0190023b-c131-7a12-85d6-4283e13040ae	018e61da-976d-7fca-9165-3e872014d47f	2024-06-10 14:59:48.913252+02	2024-06-10 21:13:00.912778+02	018e61da-976d-7fca-9165-3e872014d47f
0190023c-a096-7de5-9b5a-ace7c6c08771	0190023c-a096-71d9-8ca9-bcc595f33d6f	0190023c-a096-7c89-9bf5-7c9ca7387035	0190023c-a096-7bd7-8aed-5bc4bfbc0a33	018e61da-976d-7fca-9165-3e872014d47f	2024-06-10 15:00:46.102064+02	2024-06-10 21:12:49.105799+02	018e61da-976d-7fca-9165-3e872014d47f
0190023e-8de3-79f6-8e37-b4718285b712	0190023e-8de3-7e00-921a-c2a6f39d82c0	0190023e-8de3-7187-b933-0561573ba702	0190023e-8de3-7c06-b9c3-db8ff8f2dbef	018e61da-976d-7fca-9165-3e872014d47f	2024-06-10 15:02:52.386667+02	2024-06-11 16:09:54.474738+02	018e61da-976d-7fca-9165-3e872014d47f
01900244-c2e1-72e5-8126-a04c3a9242c8	01900244-c2e1-75fc-8b55-c32627e04991	01900244-c2e1-7bd7-85ea-132c3f1c63c1	01900244-c2e1-7719-adbb-01ec2d2ca73b	018e61da-976d-7fca-9165-3e872014d47f	2024-06-10 15:09:39.169221+02	2024-06-10 17:40:46.629962+02	018e61da-976d-7fca-9165-3e872014d47f
019002d3-0ce8-72cc-89d2-9fa4b7deeaa0	019002d3-0ce8-7afc-8901-8f7333598585	019002d3-0ce8-781c-a8fc-b01925c826dd	019002d3-0ce8-7d9c-bdd5-5213ff89182c	018e61da-976d-7fca-9165-3e872014d47f	2024-06-10 17:45:04.232428+02	2024-06-10 21:13:18.989492+02	018e61da-976d-7fca-9165-3e872014d47f
019002d4-a001-7839-b41f-c2d3b10c89ca	019002d4-a001-7bd3-91ee-c84b409325cd	019002d4-a001-723a-b300-9be7be1a2388	019002d4-a001-747a-8c82-b37feb482e6c	018e61da-976d-7fca-9165-3e872014d47f	2024-06-10 17:46:47.425059+02	2024-06-10 21:11:57.740344+02	018e61da-976d-7fca-9165-3e872014d47f
0190023a-e370-7edd-8602-408b7d68f6c1	0190023a-e36f-7ec6-921f-7222ee24fefe	0190023a-e370-7fec-8e41-2fafd29a191e	0190023a-e36f-746b-b42b-11164ab3d23e	018e61da-976d-7fca-9165-3e872014d47f	2024-06-10 14:58:52.143335+02	2024-06-10 21:12:08.406312+02	018e61da-976d-7fca-9165-3e872014d47f
019002d0-5bf1-7fe7-8d22-f073ad3271e2	019002d0-5bf1-74dc-ada9-e0660d7c4317	019002d0-5bf1-7e8c-8ec8-acf5b4ca6c57	019002d0-5bf1-7807-8a77-528f6e58bc15	018e61da-976d-7fca-9165-3e872014d47f	2024-06-10 17:42:07.857135+02	2024-06-10 21:12:16.097731+02	018e61da-976d-7fca-9165-3e872014d47f
01900231-0260-7433-8074-45c69fc933b7	01900231-0260-7768-926c-a26bc2cc9fb9	01900231-0260-74e3-914f-14fc7ce2d589	01900231-0260-75a2-a203-0537371f6303	018e61da-976d-7fca-9165-3e872014d47f	2024-06-10 14:48:04.704554+02	2024-06-10 21:12:23.215563+02	018e61da-976d-7fca-9165-3e872014d47f
0190022e-efde-70a9-a999-742573c58590	0190022e-efdd-783f-a10f-187fe33ea1b2	0190022e-efde-7c0a-b9d3-2f701b274cec	0190022e-efdd-7be0-9c18-ec420b3a5e99	018e61da-976d-7fca-9165-3e872014d47f	2024-06-10 14:45:48.893267+02	2024-06-10 21:13:13.204114+02	018e61da-976d-7fca-9165-3e872014d47f
01900397-bbc6-7246-b102-aad94ea8e3eb	01900397-bbc5-73d7-8f31-ecdac84693b3	01900397-bbc5-79c9-8649-2aa88b80c0ad	01900397-bbc5-7b9f-a282-6c9d3cf92918	018e61da-976d-7fca-9165-3e872014d47f	2024-06-10 21:19:54.053326+02	2024-06-10 21:20:25.110765+02	018e61da-976d-7fca-9165-3e872014d47f
01900721-ea96-7847-b217-f1cadfb831f7	01900721-ea95-7f92-96a8-a0cb207afe90	01900721-ea96-7813-b35c-953fddb9cf94	01900721-ea95-7f44-a2c5-6ba1dc3fe7e2	018e61da-976d-7fca-9165-3e872014d47f	2024-06-11 13:49:41.65362+02	2024-06-11 13:50:16.133846+02	018e61da-976d-7fca-9165-3e872014d47f
01900739-7129-7843-bf92-378cec663cf3	01900739-7129-7015-a838-424d222b9387	01900739-7129-7cbf-b230-fcf393986e6d	01900739-7129-77e9-8d70-1702ef8d3554	018e61da-976d-7fca-9165-3e872014d47f	2024-06-11 14:15:23.433517+02	2024-06-11 14:15:53.078501+02	018e61da-976d-7fca-9165-3e872014d47f
0190073a-0fb2-743f-a1d8-0eb47d527f2c	0190073a-0fb2-7b3c-a8c7-09ff305da4c0	0190073a-0fb2-70cc-ab49-14bcd488266d	0190073a-0fb2-7eb3-bc6d-c1c6cf149abd	018e61da-976d-7fca-9165-3e872014d47f	2024-06-11 14:16:04.018339+02	2024-06-11 14:16:38.866645+02	018e61da-976d-7fca-9165-3e872014d47f
0190073b-bed9-742f-98de-8b054b9b7a02	0190073b-bed9-7c59-a922-c188b71b346a	0190073b-bed9-7144-a2b1-e14c1bf8738f	0190073b-bed8-7444-9aca-440e5f9dc283	018e61da-976d-7fca-9165-3e872014d47f	2024-06-11 14:17:54.392817+02	2024-06-11 14:18:19.472959+02	018e61da-976d-7fca-9165-3e872014d47f
0190074b-9ef5-76ad-8fa9-bbad4bf767d0	0190074b-9ef5-76b8-ba40-4f58e452d3fd	0190074b-9ef5-77d8-a5a2-f023c68ac578	0190074b-9ef5-769d-8d06-9a2a1a79f838	018e61da-976d-7fca-9165-3e872014d47f	2024-06-11 14:35:14.805289+02	2024-06-11 14:35:56.630216+02	018e61da-976d-7fca-9165-3e872014d47f
01900770-9bed-7127-9745-f17446d834bd	01900770-9bec-7315-8de0-ec01bfea203e	01900770-9bec-77f8-89ca-41b649267114	01900770-9bec-72ff-a739-ab3ecf534b97	018e61da-976d-7fca-9165-3e872014d47f	2024-06-11 15:15:38.86056+02	2024-06-11 15:16:09.703182+02	018e61da-976d-7fca-9165-3e872014d47f
01900771-39d3-7ada-a645-274e942c0c41	01900771-39d3-7eb6-98c1-fe5a066d4754	01900771-39d3-7f5d-bd99-fc0f3dd1df30	01900771-39d3-7884-8357-e02efd68d272	018e61da-976d-7fca-9165-3e872014d47f	2024-06-11 15:16:19.283057+02	2024-06-11 16:09:59.446124+02	018e61da-976d-7fca-9165-3e872014d47f
01900396-85e9-7cfd-bf68-622d0c6ca29c	01900396-85e8-7c9e-8cb6-55121b2c71ca	01900396-85e8-7c96-b65f-d28fbcc818c5	01900396-85df-7af3-8ef0-5ba3eff61f8c	018e61da-976d-7fca-9165-3e872014d47f	2024-06-10 21:18:34.71172+02	2024-06-11 16:10:06.732629+02	018e61da-976d-7fca-9165-3e872014d47f
01900726-58cb-79ce-b802-f9fe9152a438	01900726-58cb-7262-9cbb-81d7a4d42362	01900726-58cb-74a3-afce-f55083e0726f	01900726-58cb-74fd-94e9-053e33f756e3	018e61da-976d-7fca-9165-3e872014d47f	2024-06-11 13:54:32.011001+02	2024-06-11 16:10:12.6333+02	018e61da-976d-7fca-9165-3e872014d47f
0190071a-0a6d-7cc5-84a1-99cc685f8cd9	0190071a-0a6c-70ab-8fff-dfaeabbd1c1a	0190071a-0a6d-7d5a-997c-921894749875	0190071a-0a6c-7c5d-9b84-aa8d6ca15254	018e61da-976d-7fca-9165-3e872014d47f	2024-06-11 13:41:05.515675+02	2024-06-11 16:10:17.952904+02	018e61da-976d-7fca-9165-3e872014d47f
01900718-0390-7eff-8c5f-2deb0c83e05c	01900718-038e-758c-9ee8-80bdae29f13a	01900718-038f-7df4-aa65-d08711df5560	01900718-0385-720e-a32d-93fb5460794d	018e61da-976d-7fca-9165-3e872014d47f	2024-06-11 13:38:52.665041+02	2024-06-11 16:10:24.099868+02	018e61da-976d-7fca-9165-3e872014d47f
01900720-1c62-75e3-83c2-5614028c0c05	01900720-1c61-7feb-af0c-32d518323638	01900720-1c61-7a9d-a0b5-82019f724c5e	01900720-1c61-7e71-9ba0-d6c778638787	018e61da-976d-7fca-9165-3e872014d47f	2024-06-11 13:47:43.329502+02	2024-06-11 16:10:28.669815+02	018e61da-976d-7fca-9165-3e872014d47f
0190071e-f432-7068-84f0-3833f3275b34	0190071e-f432-7097-8435-1cd0c6fd46a0	0190071e-f432-70d2-b6d9-6324d07bdb52	0190071e-f431-7db5-8b40-05a407c843d7	018e61da-976d-7fca-9165-3e872014d47f	2024-06-11 13:46:27.505802+02	2024-06-11 16:10:33.420148+02	018e61da-976d-7fca-9165-3e872014d47f
\.


--
-- Data for Name: project_fase_changelog; Type: TABLE DATA; Schema: diwi_testset; Owner: ali
--

COPY diwi_testset.project_fase_changelog (id, start_milestone_id, end_milestone_id, project_id, create_user_id, change_start_date, change_end_date, project_fase, change_user_id) FROM stdin;
4ff23141-ae6e-46b7-8583-31d5bef66f26	292414eb-4a4e-405c-954b-e01bb355bc9b	07f3a0ad-f76a-4dd9-b4c6-6eb8113968e0	466da5e2-c96f-4856-aa17-6b37a1c21edc	2122426c-6e70-419c-a054-f51dd24d798b	2024-01-10 19:06:32+01	\N	_2_INITIATIVE	\N
38545e50-ecad-4f34-b784-0b050c25d02e	1c155b85-29e3-4fec-85a2-96bda344fe8a	4237d087-3d45-4acf-a1a6-0a67b754608e	5c9fbb50-d8fd-480d-9e38-7f3b391d3110	2122426c-6e70-419c-a054-f51dd24d798b	2024-01-04 19:06:32+01	\N	_2_INITIATIVE	\N
99518d7c-a909-41ca-8814-894b703ed65c	4237d087-3d45-4acf-a1a6-0a67b754608e	529ca978-1d23-418a-a94c-bd219454a587	5c9fbb50-d8fd-480d-9e38-7f3b391d3110	2122426c-6e70-419c-a054-f51dd24d798b	2024-01-04 19:06:32+01	\N	_5_PREPARATION	\N
9af79780-4aae-479e-9351-1b59906c01d2	ee3cbe15-7a5d-42c6-a807-0a7593a24d4f	342887ab-2106-45c4-9565-a4b83f4d3362	54a0c192-3454-4f7a-becd-96d214461987	2122426c-6e70-419c-a054-f51dd24d798b	2024-01-04 19:06:32+01	\N	_5_PREPARATION	\N
018e61e1-d226-76d6-b571-c903bc661878	018e61e1-d224-7467-bc4f-942186f7bd86	018e61e1-d225-712d-8838-a08bd94a89a9	018e61e1-d224-76dd-95aa-4fa7dfe22816	018e61da-976d-7fca-9165-3e872014d47f	2024-03-21 17:39:33.149642+01	\N	_6_REALIZATION	\N
018e621b-4ea9-71f6-bbb4-ca8f96903f75	018e621b-4ea8-7951-a11a-653fc1af247e	018e621b-4ea8-777a-82e2-96093d6bc4dd	018e621b-4ea8-7801-b880-4e960e416feb	018e61da-976d-7fca-9165-3e872014d47f	2024-03-21 18:42:20.551487+01	\N	_5_PREPARATION	\N
018e6548-029e-7108-b7a6-e8b8f2827ef5	018e6548-029c-7faf-90cf-799a8aaec292	018e6548-029d-7008-8aae-8d9aa4ad4098	018e6548-0294-73e6-8535-38500033f66a	018e61da-976d-7fca-9165-3e872014d47f	2024-03-22 09:30:01.864297+01	\N	_3_DEFINITION	\N
018e654d-68e2-7e8d-9142-eb23ca7ed1d3	018e654d-68e1-715b-979a-8c21fb608dc7	018e654d-68e2-7561-8c97-bac27af68f4d	018e654d-68e0-70c1-8ca1-acad5da87227	018e61da-976d-7fca-9165-3e872014d47f	2024-03-22 09:35:55.743291+01	\N	_6_REALIZATION	\N
018e6566-7c87-719f-914f-8d1db97cfe60	018e6566-7c86-7b9a-a2d7-634b92219493	018e6566-7c86-76a1-a3f0-7434a7101fd3	018e6566-7c86-7689-a4cf-58f57a073d2a	018e61da-976d-7fca-9165-3e872014d47f	2024-03-22 10:03:19.154631+01	\N	_3_DEFINITION	\N
018e6a86-fc1e-70a6-a3f9-b863fe1fd5fd	018e6a86-fc1a-77e0-a57e-164c0994a44a	018e6a86-fc1c-7e4e-b414-84e1e81a26c7	018e6a86-fc0d-724c-9605-a7cc30c312b8	018e61da-976d-7fca-9165-3e872014d47f	2024-03-23 09:56:55.03476+01	\N	_6_REALIZATION	\N
018e6a8c-a600-72d2-9340-f63f74203f8b	018e6a8c-a5ff-76de-b66f-6fbc32cbe618	018e6a8c-a600-73ea-9a7a-f64d1f3bbbaf	018e6a8c-a5ff-73a0-b006-06b92d421629	018e61da-976d-7fca-9165-3e872014d47f	2024-03-23 10:03:06.238946+01	\N	_5_PREPARATION	\N
018e6ab5-fa49-7688-b665-800a69f42c6e	018e6ab5-fa49-74ab-b053-384768b17105	018e6ab5-fa49-7434-bedf-23482b8a5c73	018e6ab5-fa48-708a-8ead-5d42386fa500	018e61da-976d-7fca-9165-3e872014d47f	2024-03-23 10:48:14.792726+01	\N	_3_DEFINITION	\N
018e6aba-aead-74d8-91ab-6d3e7b6fc84e	018e6aba-aead-721a-bb81-ae4f10bf38fc	018e6aba-aead-7986-bbf1-43adfc71eb1c	018e6aba-aead-73e9-9253-373e654a2feb	018e61da-976d-7fca-9165-3e872014d47f	2024-03-23 10:53:23.11726+01	\N	_5_PREPARATION	\N
018e6abc-e4bd-78ee-89af-d3c229a3a50e	018e6abc-e4b9-7cee-a63b-0b5d3d37cb2d	018e6abc-e4bc-7df8-bfcb-a13585a01db7	018e6abc-e4b9-724b-a8b9-9301bdc8e3da	018e61da-976d-7fca-9165-3e872014d47f	2024-03-23 10:55:48.025235+01	\N	_5_PREPARATION	\N
018e6ac4-0853-7e8d-9e2c-3cd32b3829ab	018e6ac4-0851-7eef-9cfb-8d5db43e12ea	018e6ac4-0852-7006-8bfe-cdb0c79a846a	018e6ac4-0850-7577-a856-b1409c0c6330	018e61da-976d-7fca-9165-3e872014d47f	2024-03-23 11:03:35.88679+01	\N	_5_PREPARATION	\N
018e6ac4-673a-732d-be93-a29f7cdcd7c8	018e6ac4-6739-760b-bcb5-c3847ddfb251	018e6ac4-673a-7fe8-b736-bbbdacbd42fa	018e6ac4-6738-71a1-95b1-3c8625782165	018e61da-976d-7fca-9165-3e872014d47f	2024-03-23 11:04:00.183398+01	\N	_3_DEFINITION	\N
018e6ac6-0238-714f-a600-4b1dec4d8534	018e6ac6-0237-7faa-b66e-de6396127c81	018e6ac6-0237-72f8-8987-38ba921800de	018e6ac6-0237-7d90-9dc1-c3aa6f3a8ddf	018e61da-976d-7fca-9165-3e872014d47f	2024-03-23 11:05:45.398305+01	\N	_3_DEFINITION	\N
018e6ac9-8d17-75f7-b793-f0b025a524e8	018e6ac9-8d17-70a9-a273-62e6b7d70390	018e6ac9-8d17-7efa-bbe3-89e7d2be12f1	018e6ac9-8d17-7b67-a4af-37004a445073	018e61da-976d-7fca-9165-3e872014d47f	2024-03-23 11:09:37.559117+01	\N	_3_DEFINITION	\N
018e7b10-5625-71de-ace9-29712071a22b	018e7b10-5624-71aa-888b-e5d540974c06	018e7b10-5624-76e6-a531-626801bfa91e	018e7b10-5624-78a3-89c7-36e649258a50	018e61da-976d-7fca-9165-3e872014d47f	2024-03-26 15:00:52.00391+01	\N	_2_INITIATIVE	\N
018e7f1e-b0ea-7ab6-955c-4e5c6d89a891	018e7f1e-b0e8-77f1-abd1-1e2a9651863a	018e7f1e-b0ea-71d3-87e5-01affdbc78d7	018e7f1e-b0de-79ff-9acd-9f0f5663bfc2	018e61da-976d-7fca-9165-3e872014d47f	2024-03-27 09:55:01.577761+01	\N	_6_REALIZATION	\N
018e7f8c-a210-794c-bf73-f760e503f762	018e7f8c-a20f-7e19-89b9-8944d23bf40b	018e7f8c-a20f-7255-8ed6-5806d078709d	018e7f8c-a20f-7ff5-909d-a97a037fe67a	018e61da-976d-7fca-9165-3e872014d47f	2024-03-27 11:55:06.767536+01	\N	_2_INITIATIVE	\N
018e7f90-0901-78d1-ac05-77aacb015048	018e7f90-0900-7f13-a975-f6b2ff313cd6	018e7f90-0901-711d-90b7-5f814f8a866a	018e7f90-0900-772c-be4f-0f2b92770859	018e61da-976d-7fca-9165-3e872014d47f	2024-03-27 11:58:49.728405+01	\N	_3_DEFINITION	\N
018e7f9d-bdfd-719d-bac1-476dc99df183	018e7f9d-bdfc-7718-ac27-40e469a21db2	018e7f9d-bdfc-7306-bb6d-3cf299b5cbc7	018e7f9d-bdfc-7b7d-894b-80ca5a41bb74	018e61da-976d-7fca-9165-3e872014d47f	2024-03-27 12:13:48.028378+01	\N	_3_DEFINITION	\N
018e8404-6ba1-71c8-8a21-7de3bdb07baa	018e8404-6b9c-7832-a926-c2db16012b9d	018e8404-6b9f-77c0-8038-b3b857a35f4a	018e8404-6b8a-7699-9847-6100d2e5b9e0	018e61da-976d-7fca-9165-3e872014d47f	2024-03-28 08:44:25.980809+01	\N	_3_DEFINITION	\N
018e855f-f19a-74de-8425-557edc5a79d3	018e855f-f198-7309-ab69-0f2364779305	018e855f-f199-7b2c-870a-8ef8cb2c6c99	018e855f-f18e-70b5-a728-d1622df9ed8e	018e61da-976d-7fca-9165-3e872014d47f	2024-03-28 15:04:01.280282+01	\N	_3_DEFINITION	\N
018e8561-f1bf-75bb-b4f7-0aac0cb858c8	018e8561-f1be-7605-90bc-16659f4abe7c	018e8561-f1bf-7d88-a8fc-d042df119c67	018e8561-f1b3-76c9-bdea-acc905e43adf	018e61da-976d-7fca-9165-3e872014d47f	2024-03-28 15:06:12.387776+01	\N	_5_PREPARATION	\N
018e856b-2b05-7ef1-a8b5-a9c50a5778b4	018e856b-2b03-7a62-ba21-184d077af500	018e856b-2b05-742b-bee4-44eb32a30cbb	018e856b-2afa-729b-82e5-51cf2557e641	018e61da-976d-7fca-9165-3e872014d47f	2024-03-28 15:16:16.879765+01	\N	_3_DEFINITION	\N
018e857b-bad9-7853-bda5-74071f03c44f	018e857b-bad6-74bf-baf9-314b62113b91	018e857b-bad8-75ce-b83d-381c6642389a	018e857b-bacc-7ec1-a1d0-9aadc458f24f	018e61da-976d-7fca-9165-3e872014d47f	2024-03-28 15:34:22.27506+01	\N	_3_DEFINITION	\N
018e8584-eedc-7782-8255-4001a4cc9211	018e8582-c9d0-736c-aa60-acd8567eb28e	018e8582-c988-75e9-8d7c-7ded79862e13	018e8582-c988-7609-b68d-8c2956410c2f	018e61da-976d-7fca-9165-3e872014d47f	2024-03-28 15:44:25.43453+01	\N	_7_AFTERCARE	\N
018e8584-eedc-757f-b667-9d3121b45411	018e8582-c988-742c-a501-8de1c5463f73	018e8582-c9d0-736c-aa60-acd8567eb28e	018e8582-c988-7609-b68d-8c2956410c2f	018e61da-976d-7fca-9165-3e872014d47f	2024-03-28 15:44:25.43453+01	\N	_3_DEFINITION	\N
018e8582-c989-77d4-a896-e3b9d2867599	018e8582-c988-742c-a501-8de1c5463f73	018e8582-c988-75e9-8d7c-7ded79862e13	018e8582-c988-7609-b68d-8c2956410c2f	018e61da-976d-7fca-9165-3e872014d47f	2024-03-28 15:42:04.808463+01	2024-03-28 15:44:25.43453+01	_3_DEFINITION	018e61da-976d-7fca-9165-3e872014d47f
018e8590-b78b-7420-9ffc-9105e8342971	018e8590-b78a-7d04-92f1-1d131612df93	018e8590-b78b-712a-b6b0-993821f5f7cb	018e8590-b77f-78a9-b18b-963473d8d21d	018e61da-976d-7fca-9165-3e872014d47f	2024-03-28 15:57:17.68632+01	\N	_3_DEFINITION	\N
018e85bc-ea92-7563-a920-f69fcbfa1d5b	018e85bc-ea8f-774a-868a-7402522498f6	018e85bc-ea91-7d83-8491-c36a93ca6b81	018e85bc-ea85-7407-8282-fb09f8d6b400	018e61da-976d-7fca-9165-3e872014d47f	2024-03-28 16:45:34.330976+01	\N	_3_DEFINITION	\N
018e8a26-d33f-761f-a98a-20cd99dd2543	018e8a26-d33b-74b5-8649-f4f0014ef68b	018e8a26-d33b-7b7d-812b-46cfd4ca8c1c	018e8a26-d33a-748c-9784-0980ddf014d9	018e61da-976d-7fca-9165-3e872014d47f	2024-03-29 13:19:44.057113+01	\N	_5_PREPARATION	\N
018e8aa0-8107-701f-a7ec-d110075ec96f	018e8aa0-8106-7e28-86d7-b670bbf09976	018e8aa0-8107-7965-9633-890a1c35c043	018e8aa0-8105-77b0-a5c2-6a8cfc18513b	018e61da-976d-7fca-9165-3e872014d47f	2024-03-29 15:32:38.404138+01	\N	_3_DEFINITION	\N
018e8aaf-b145-7514-8df4-366c0a73a11c	018e8aaf-b145-7254-b4fd-c248a4cde7b0	018e8aaf-b145-779e-b28f-90cca244ca7f	018e8aaf-b144-7d38-b26d-b8793de8785b	018e61da-976d-7fca-9165-3e872014d47f	2024-03-29 15:49:13.796342+01	\N	_3_DEFINITION	\N
018e8abf-3937-79cd-8922-be57aa7c6b16	018e8abf-3936-7b9b-88af-f02cf4a28bf7	018e8abf-3936-76e6-9cd1-c96b976320ef	018e8abf-3935-7586-b28a-73cc454d16f6	018e61da-976d-7fca-9165-3e872014d47f	2024-03-29 16:06:11.637667+01	\N	_5_PREPARATION	\N
018e8ac2-0bc8-70ce-a447-00455d991870	018e8ac2-0bb9-7b24-9487-c2ff0ccb8fe8	018e8ac2-0bc4-7288-8a93-2ce056c11e3b	018e8ac2-0b95-71a2-8e4d-05f32b96917e	018e61da-976d-7fca-9165-3e872014d47f	2024-03-29 16:09:16.519405+01	\N	_5_PREPARATION	\N
018e8ac3-cd89-785b-af9c-564ae6ff49b0	018e8ac3-cd85-74e2-9f05-c238b06dcd4f	018e8ac3-cd88-7228-8ce6-862cb523ed1f	018e8ac3-cd72-79a8-8dc6-e321e16b96d4	018e61da-976d-7fca-9165-3e872014d47f	2024-03-29 16:11:11.680155+01	\N	_5_PREPARATION	\N
018e8afd-8bd8-7686-b3ea-dd08ba9ffb14	018e8afd-8bd7-7eb6-8eca-8201421b2953	018e8afd-8bd7-71d9-b8cb-4dfb9629b8f3	018e8afd-8bd7-71e0-acdf-2aa8c6636361	018e61da-976d-7fca-9165-3e872014d47f	2024-03-29 17:14:16.023265+01	\N	_5_PREPARATION	\N
018f57b1-7790-76ae-baa9-da5618ec910f	018f57b1-778f-7836-a3c9-07b57a4597a8	018f57b1-778b-7658-9e4a-deecef504ad1	018f57b1-773f-7d5d-a276-13fca386d89e	018e61da-976d-7fca-9165-3e872014d47f	2024-05-08 12:13:19.250779+02	\N	_3_DEFINITION	\N
018ff2fa-5edd-7a55-a7e4-6f34049117ce	018ff2fa-5ed9-7fd6-bb2d-4e15dd058391	018ff2fa-5edc-793b-896c-b69b35c13e2f	018ff2fa-5ecb-75d6-9efd-f5a32254ddb4	018e61da-976d-7fca-9165-3e872014d47f	2024-06-07 15:54:05.625519+02	\N	_1_CONCEPT	\N
018ff304-7d22-7e6c-ae54-38e60d857f3f	018ff304-7d21-7d40-b25d-6e5946e8a46c	018ff304-7d21-766b-b6e2-be579294e95a	018ff304-7d21-7752-a794-30ab79bfa7d6	018e61da-976d-7fca-9165-3e872014d47f	2024-06-07 16:05:08.769081+02	\N	_3_DEFINITION	\N
018ff305-952d-7c4c-af7f-d1133d30d59c	018ff305-952c-7135-ae76-97b784721d52	018ff305-952d-713e-9162-c0123338a6f8	018ff305-952c-70bc-966a-3b8b418f0975	018e61da-976d-7fca-9165-3e872014d47f	2024-06-07 16:06:20.460175+02	\N	_3_DEFINITION	\N
018ff307-5a8a-7cad-8d83-78f59f0d9f09	018ff307-5a89-773a-98e1-6bdeaa3c3501	018ff307-5a89-7292-82e4-8f50f9f77745	018ff307-5a88-7743-9b71-f327c122200d	018e61da-976d-7fca-9165-3e872014d47f	2024-06-07 16:08:16.519912+02	\N	_3_DEFINITION	\N
01900157-ca26-7c4a-b3b0-b4779abe50d9	01900157-ca25-76b4-95bd-cde8b1cf4044	01900157-ca25-7dc8-bb36-c841a9241938	01900157-ca1a-7d0c-9ef0-376765909310	018e61da-976d-7fca-9165-3e872014d47f	2024-06-10 10:50:48.978656+02	\N	_3_DEFINITION	\N
01900165-e3fe-7f34-8ae6-84e59052f647	01900165-e3fe-7417-8dd2-07df15c4a57f	01900165-e3fe-70d9-b539-c8405ea64113	01900165-e3fd-7c77-ac6c-c407670e7452	018e61da-976d-7fca-9165-3e872014d47f	2024-06-10 11:06:13.1177+02	\N	_3_DEFINITION	\N
0190016a-02ae-7206-9455-1bd4492d7ad5	0190016a-02ae-74d4-919e-6225e41533ee	0190016a-02ae-7373-8929-adebadf90178	0190016a-02ae-737d-a612-d920568bca3b	018e61da-976d-7fca-9165-3e872014d47f	2024-06-10 11:10:43.118006+02	\N	_3_DEFINITION	\N
01900171-5864-71af-8d43-7ef4fd45283f	01900171-5864-7847-8baa-b09bcac2bdd0	01900171-5864-7808-a239-7740b4220610	01900171-5864-7a14-824f-be47f3665a75	018e61da-976d-7fca-9165-3e872014d47f	2024-06-10 11:18:43.812089+02	\N	_3_DEFINITION	\N
01900176-e5be-7301-aefa-0348748e6a20	01900176-e5bd-7a04-a660-34292715ad29	01900176-e5be-7162-bc06-db4905311c7d	01900176-e5bd-7400-ae7c-4d930bf27269	018e61da-976d-7fca-9165-3e872014d47f	2024-06-10 11:24:47.677201+02	\N	_3_DEFINITION	\N
01900177-7db9-7e57-abe5-12e34d72cfcf	01900177-7db9-7a40-9d1f-f6aa566027ad	01900177-7db9-747b-aca7-061b68519e6d	01900177-7db9-740f-a139-ed6a0806272a	018e61da-976d-7fca-9165-3e872014d47f	2024-06-10 11:25:26.584313+02	\N	_3_DEFINITION	\N
01900178-a339-7976-9739-0838007925ba	01900178-a338-7881-8900-423d5743dd21	01900178-a338-7571-aadd-ef3813865c2b	01900178-a338-70b9-9b0a-81e8a41253ec	018e61da-976d-7fca-9165-3e872014d47f	2024-06-10 11:26:41.720294+02	\N	_3_DEFINITION	\N
019001ea-72f6-7611-8d2a-5ab86e94708d	019001ea-72f6-70c2-a4fb-a2e874c8b5a3	019001ea-72f6-75c6-bb29-7d0abd55b937	019001ea-72f5-7b13-b0d5-8e20a4977a6d	018e61da-976d-7fca-9165-3e872014d47f	2024-06-10 13:31:00.469674+02	\N	_3_DEFINITION	\N
0190020d-c8ce-7fc8-938b-a2b5a1531fdc	0190020d-c8ce-727b-95b7-099a638371fc	0190020d-c8ce-7936-91c7-70f60caecb92	0190020d-c8ce-70ed-88a5-9ae4f3c087ce	018e61da-976d-7fca-9165-3e872014d47f	2024-06-10 14:09:36.205855+02	\N	_3_DEFINITION	\N
0190020f-6d3c-7ae2-9005-435ac7afabca	0190020f-6d3c-722b-80e4-e5f3dd2602e2	0190020f-6d3c-7ea2-8833-27d0cdf84e7d	0190020f-6d3c-752e-b3b7-0f83b9e60a24	018e61da-976d-7fca-9165-3e872014d47f	2024-06-10 14:11:23.835495+02	\N	_3_DEFINITION	\N
01900211-de2f-712b-89a9-4886e4b3ab88	01900211-de2f-7803-afcd-4c73a01f4e7b	01900211-de2f-7bd0-a1dd-f0c71fd3159b	01900211-de2f-7205-bb11-a533725f0a76	018e61da-976d-7fca-9165-3e872014d47f	2024-06-10 14:14:03.822946+02	\N	_3_DEFINITION	\N
01900214-f7a6-7dd5-8ebd-8b6eecf9ad75	01900214-f7a6-795c-9f58-72f979832a1d	01900214-f7a6-743b-82ea-fa0104487a2f	01900214-f7a6-7010-8f57-f9814011b9f1	018e61da-976d-7fca-9165-3e872014d47f	2024-06-10 14:17:26.950086+02	\N	_3_DEFINITION	\N
01900217-9e32-7b18-8b54-f795abdb8dc8	01900217-9e32-7ce5-993b-5b4718160cf8	01900217-9e32-7722-b0af-97054561a36a	01900217-9e32-7c67-b81b-91397d61fc23	018e61da-976d-7fca-9165-3e872014d47f	2024-06-10 14:20:20.658289+02	\N	_3_DEFINITION	\N
0190021b-01bb-7352-b612-e52391234b9f	0190021b-01bb-7521-a79b-ac4c62c03c20	0190021b-01bb-74e4-8d58-ed3f0edd01d3	0190021b-01bb-7c50-9e55-497351217413	018e61da-976d-7fca-9165-3e872014d47f	2024-06-10 14:24:02.747483+02	\N	_3_DEFINITION	\N
0190021f-55fb-7412-bd5b-1dccd3f43a99	0190021f-55fa-7e92-bf7d-5828e8adec6c	0190021f-55fa-7cde-8f03-ac35f9d99ea9	0190021f-55fa-7682-af92-3c52a4bb73ce	018e61da-976d-7fca-9165-3e872014d47f	2024-06-10 14:28:46.458469+02	\N	_3_DEFINITION	\N
0190022e-efde-7b79-9e19-cf049a9a96d0	0190022e-efdd-783f-a10f-187fe33ea1b2	0190022e-efde-7c0a-b9d3-2f701b274cec	0190022e-efdd-7be0-9c18-ec420b3a5e99	018e61da-976d-7fca-9165-3e872014d47f	2024-06-10 14:45:48.893267+02	\N	_3_DEFINITION	\N
0190022f-f5d8-72da-a17b-de0a421844b9	0190022f-f5d8-7fa6-aaa8-62cd59d5c4f8	0190022f-f5d8-78cb-81c9-778ee623b08d	0190022f-f5d8-7594-864a-7cb144468b2a	018e61da-976d-7fca-9165-3e872014d47f	2024-06-10 14:46:55.959927+02	\N	_3_DEFINITION	\N
01900231-0260-7f9f-9912-99411b8a70f9	01900231-0260-7768-926c-a26bc2cc9fb9	01900231-0260-74e3-914f-14fc7ce2d589	01900231-0260-75a2-a203-0537371f6303	018e61da-976d-7fca-9165-3e872014d47f	2024-06-10 14:48:04.704554+02	\N	_3_DEFINITION	\N
0190023c-a096-7e19-8c86-82a9f68a7431	0190023c-a096-71d9-8ca9-bcc595f33d6f	0190023c-a096-7c89-9bf5-7c9ca7387035	0190023c-a096-7bd7-8aed-5bc4bfbc0a33	018e61da-976d-7fca-9165-3e872014d47f	2024-06-10 15:00:46.102064+02	\N	_3_DEFINITION	\N
01900231-c01d-7028-b711-4a35ab82930f	01900231-c01d-7608-8bfc-953aab2933fa	01900231-c01d-7cbc-991d-291b604242b6	01900231-c01d-790d-a094-d8749aaf6ec2	018e61da-976d-7fca-9165-3e872014d47f	2024-06-10 14:48:53.277451+02	\N	_3_DEFINITION	\N
01900232-5bf2-7ecd-af99-79210f0f817b	01900232-5bf2-7721-86b2-1886149a9f6a	01900232-5bf2-7dda-a25a-490fd391a4cf	01900232-5bf1-7892-83ea-6d02c5dddca1	018e61da-976d-7fca-9165-3e872014d47f	2024-06-10 14:49:33.169633+02	\N	_3_DEFINITION	\N
0190023a-e370-7c3d-89ba-3d45eeb4b6ce	0190023a-e36f-7ec6-921f-7222ee24fefe	0190023a-e370-7fec-8e41-2fafd29a191e	0190023a-e36f-746b-b42b-11164ab3d23e	018e61da-976d-7fca-9165-3e872014d47f	2024-06-10 14:58:52.143335+02	\N	_3_DEFINITION	\N
0190023b-c131-7fd7-afa2-edf97c236945	0190023b-c131-7ab1-acb7-bcb70d47e6a0	0190023b-c131-7953-be79-98eed72b10a9	0190023b-c131-7a12-85d6-4283e13040ae	018e61da-976d-7fca-9165-3e872014d47f	2024-06-10 14:59:48.913252+02	\N	_3_DEFINITION	\N
0190023e-8de3-7ccc-9b4f-0429ccdd10d9	0190023e-8de3-7e00-921a-c2a6f39d82c0	0190023e-8de3-7187-b933-0561573ba702	0190023e-8de3-7c06-b9c3-db8ff8f2dbef	018e61da-976d-7fca-9165-3e872014d47f	2024-06-10 15:02:52.386667+02	\N	_3_DEFINITION	\N
01900243-87f4-7268-b168-e6ee1de3c3d1	01900243-87f4-7ce5-a3e6-6859ce3f57ef	01900243-87f4-7f73-80d6-3837a993a75d	01900243-87f4-7128-be39-608e2ee91e40	018e61da-976d-7fca-9165-3e872014d47f	2024-06-10 15:08:18.547965+02	\N	_3_DEFINITION	\N
01900244-c2e1-7b3a-a4ea-ec69f2940c87	01900244-c2e1-75fc-8b55-c32627e04991	01900244-c2e1-7bd7-85ea-132c3f1c63c1	01900244-c2e1-7719-adbb-01ec2d2ca73b	018e61da-976d-7fca-9165-3e872014d47f	2024-06-10 15:09:39.169221+02	\N	_3_DEFINITION	\N
019002d3-0ce8-7685-acc3-04b2d24cd0b4	019002d3-0ce8-7afc-8901-8f7333598585	019002d3-0ce8-781c-a8fc-b01925c826dd	019002d3-0ce8-7d9c-bdd5-5213ff89182c	018e61da-976d-7fca-9165-3e872014d47f	2024-06-10 17:45:04.232428+02	\N	_3_DEFINITION	\N
019002d0-5bf1-760c-b1e8-f306da4055e2	019002d0-5bf1-74dc-ada9-e0660d7c4317	019002d0-5bf1-7e8c-8ec8-acf5b4ca6c57	019002d0-5bf1-7807-8a77-528f6e58bc15	018e61da-976d-7fca-9165-3e872014d47f	2024-06-10 17:42:07.857135+02	\N	_3_DEFINITION	\N
019002d4-a001-782d-a26f-e03137007248	019002d4-a001-7bd3-91ee-c84b409325cd	019002d4-a001-723a-b300-9be7be1a2388	019002d4-a001-747a-8c82-b37feb482e6c	018e61da-976d-7fca-9165-3e872014d47f	2024-06-10 17:46:47.425059+02	\N	_3_DEFINITION	\N
01900396-85e9-7326-8d06-f3a5f5f46282	01900396-85e8-7c9e-8cb6-55121b2c71ca	01900396-85e8-7c96-b65f-d28fbcc818c5	01900396-85df-7af3-8ef0-5ba3eff61f8c	018e61da-976d-7fca-9165-3e872014d47f	2024-06-10 21:18:34.71172+02	\N	_3_DEFINITION	\N
01900397-bbc6-70ca-a888-3c1cb1f780d7	01900397-bbc5-73d7-8f31-ecdac84693b3	01900397-bbc5-79c9-8649-2aa88b80c0ad	01900397-bbc5-7b9f-a282-6c9d3cf92918	018e61da-976d-7fca-9165-3e872014d47f	2024-06-10 21:19:54.053326+02	\N	_3_DEFINITION	\N
01900718-0390-7023-88d2-9a2df7c6d3bd	01900718-038e-758c-9ee8-80bdae29f13a	01900718-038f-7df4-aa65-d08711df5560	01900718-0385-720e-a32d-93fb5460794d	018e61da-976d-7fca-9165-3e872014d47f	2024-06-11 13:38:52.665041+02	\N	_3_DEFINITION	\N
0190071a-0a6e-7d46-9dbc-9db97fd7e40a	0190071a-0a6c-70ab-8fff-dfaeabbd1c1a	0190071a-0a6d-7d5a-997c-921894749875	0190071a-0a6c-7c5d-9b84-aa8d6ca15254	018e61da-976d-7fca-9165-3e872014d47f	2024-06-11 13:41:05.515675+02	\N	_3_DEFINITION	\N
0190071e-f432-759e-af3f-c7bf85a2e933	0190071e-f432-7097-8435-1cd0c6fd46a0	0190071e-f432-70d2-b6d9-6324d07bdb52	0190071e-f431-7db5-8b40-05a407c843d7	018e61da-976d-7fca-9165-3e872014d47f	2024-06-11 13:46:27.505802+02	\N	_3_DEFINITION	\N
01900720-1c62-70c9-afaa-a268280a7239	01900720-1c61-7feb-af0c-32d518323638	01900720-1c61-7a9d-a0b5-82019f724c5e	01900720-1c61-7e71-9ba0-d6c778638787	018e61da-976d-7fca-9165-3e872014d47f	2024-06-11 13:47:43.329502+02	\N	_3_DEFINITION	\N
01900721-ea96-7a14-ae2f-a42998d57dfd	01900721-ea95-7f92-96a8-a0cb207afe90	01900721-ea96-7813-b35c-953fddb9cf94	01900721-ea95-7f44-a2c5-6ba1dc3fe7e2	018e61da-976d-7fca-9165-3e872014d47f	2024-06-11 13:49:41.65362+02	\N	_3_DEFINITION	\N
01900726-58cc-7ea6-9b67-52d03291cebe	01900726-58cb-7262-9cbb-81d7a4d42362	01900726-58cb-74a3-afce-f55083e0726f	01900726-58cb-74fd-94e9-053e33f756e3	018e61da-976d-7fca-9165-3e872014d47f	2024-06-11 13:54:32.011001+02	\N	_3_DEFINITION	\N
01900739-712a-7036-bb99-a11f68a0c66c	01900739-7129-7015-a838-424d222b9387	01900739-7129-7cbf-b230-fcf393986e6d	01900739-7129-77e9-8d70-1702ef8d3554	018e61da-976d-7fca-9165-3e872014d47f	2024-06-11 14:15:23.433517+02	\N	_3_DEFINITION	\N
0190073a-0fb2-75ef-b363-d461d35165e6	0190073a-0fb2-7b3c-a8c7-09ff305da4c0	0190073a-0fb2-70cc-ab49-14bcd488266d	0190073a-0fb2-7eb3-bc6d-c1c6cf149abd	018e61da-976d-7fca-9165-3e872014d47f	2024-06-11 14:16:04.018339+02	\N	_3_DEFINITION	\N
0190073b-bed9-7ca0-8d0c-7cf5d2730347	0190073b-bed9-7c59-a922-c188b71b346a	0190073b-bed9-7144-a2b1-e14c1bf8738f	0190073b-bed8-7444-9aca-440e5f9dc283	018e61da-976d-7fca-9165-3e872014d47f	2024-06-11 14:17:54.392817+02	\N	_3_DEFINITION	\N
0190074b-9ef5-7738-9034-eac3cf191fc5	0190074b-9ef5-76b8-ba40-4f58e452d3fd	0190074b-9ef5-77d8-a5a2-f023c68ac578	0190074b-9ef5-769d-8d06-9a2a1a79f838	018e61da-976d-7fca-9165-3e872014d47f	2024-06-11 14:35:14.805289+02	\N	_3_DEFINITION	\N
01900770-9bed-7e3b-a09a-2379a5d1f456	01900770-9bec-7315-8de0-ec01bfea203e	01900770-9bec-77f8-89ca-41b649267114	01900770-9bec-72ff-a739-ab3ecf534b97	018e61da-976d-7fca-9165-3e872014d47f	2024-06-11 15:15:38.86056+02	\N	_3_DEFINITION	\N
01900771-39d3-7484-837b-71dd42cb2f65	01900771-39d3-7eb6-98c1-fe5a066d4754	01900771-39d3-7f5d-bd99-fc0f3dd1df30	01900771-39d3-7884-8357-e02efd68d272	018e61da-976d-7fca-9165-3e872014d47f	2024-06-11 15:16:19.283057+02	\N	_3_DEFINITION	\N
\.


--
-- Data for Name: project_filiatie; Type: TABLE DATA; Schema: diwi_testset; Owner: ali
--

COPY diwi_testset.project_filiatie (id, old_project_id, new_project_id, create_user_id, change_start_date, change_end_date, change_user_id) FROM stdin;
\.


--
-- Data for Name: project_maatwerk_boolean_changelog; Type: TABLE DATA; Schema: diwi_testset; Owner: ali
--

COPY diwi_testset.project_maatwerk_boolean_changelog (id, start_milestone_id, end_milestone_id, project_id, value, create_user_id, change_start_date, change_end_date, eigenschap_id, change_user_id) FROM stdin;
018e8545-8b63-731a-9b04-0165e60bfed2	018e8545-8af4-7cba-bfef-399c9bf4ecb3	018e61e1-d225-712d-8838-a08bd94a89a9	018e61e1-d224-76dd-95aa-4fa7dfe22816	f	018e61da-976d-7fca-9165-3e872014d47f	2024-03-28 14:35:11.193659+01	\N	018e7f80-c83c-7bb9-b8d3-9975fb539e70	\N
018e8584-ef6f-70f5-be5f-a2aa953a8939	018e8582-c9d0-736c-aa60-acd8567eb28e	018e8582-c988-75e9-8d7c-7ded79862e13	018e8582-c988-7609-b68d-8c2956410c2f	t	018e61da-976d-7fca-9165-3e872014d47f	2024-03-28 15:44:25.575563+01	\N	018e7f80-c83c-7bb9-b8d3-9975fb539e70	\N
018f4e60-f572-7da0-9222-41f5caaef290	018f4e5f-ef07-75c9-afb5-d242340602bf	018e8abf-3936-76e6-9cd1-c96b976320ef	018e8abf-3935-7586-b28a-73cc454d16f6	t	018e61da-976d-7fca-9165-3e872014d47f	2024-05-06 16:48:48.239957+02	\N	018e7f80-c83c-7bb9-b8d3-9975fb539e70	\N
018ff304-7f49-7b6d-b1cb-bd2e980f215c	018ff304-7e30-73d5-9673-664b0e2a4046	018ff304-7d21-766b-b6e2-be579294e95a	018ff304-7d21-7752-a794-30ab79bfa7d6	t	018e61da-976d-7fca-9165-3e872014d47f	2024-06-07 16:05:09.318458+02	\N	018e7f80-c83c-7bb9-b8d3-9975fb539e70	\N
018ff305-9681-790c-a8e2-55560130ec90	018ff305-95d1-7e1a-9d00-3be580b9f98b	018ff305-952d-713e-9162-c0123338a6f8	018ff305-952c-70bc-966a-3b8b418f0975	t	018e61da-976d-7fca-9165-3e872014d47f	2024-06-07 16:06:20.79615+02	\N	018e7f80-c83c-7bb9-b8d3-9975fb539e70	\N
018ff307-5bfb-7ce1-841b-c80fe039af3a	018ff307-5b3c-7507-8d7f-5f2ba8ce0a84	018ff307-5a89-7292-82e4-8f50f9f77745	018ff307-5a88-7743-9b71-f327c122200d	t	018e61da-976d-7fca-9165-3e872014d47f	2024-06-07 16:08:16.888626+02	\N	018e7f80-c83c-7bb9-b8d3-9975fb539e70	\N
01900157-cb8d-741d-bd7f-1453ee81a988	01900157-cad9-736b-be55-b18c9dfa2e37	01900157-ca25-7dc8-bb36-c841a9241938	01900157-ca1a-7d0c-9ef0-376765909310	t	018e61da-976d-7fca-9165-3e872014d47f	2024-06-10 10:50:49.349686+02	\N	018e7f80-c83c-7bb9-b8d3-9975fb539e70	\N
01900165-e4d2-709b-9dcf-0ce2c829b849	01900165-e465-7cea-8968-c241c3263b53	01900165-e3fe-70d9-b539-c8405ea64113	01900165-e3fd-7c77-ac6c-c407670e7452	t	018e61da-976d-7fca-9165-3e872014d47f	2024-06-10 11:06:13.326679+02	\N	018e7f80-c83c-7bb9-b8d3-9975fb539e70	\N
0190016a-0389-7117-986e-e8b01b3d064f	0190016a-031c-760f-b2b1-af0e57a9a674	0190016a-02ae-7373-8929-adebadf90178	0190016a-02ae-737d-a612-d920568bca3b	t	018e61da-976d-7fca-9165-3e872014d47f	2024-06-10 11:10:43.335242+02	\N	018e7f80-c83c-7bb9-b8d3-9975fb539e70	\N
01900171-5902-7222-8126-993764164c5c	01900171-58ad-7a4d-9d2b-cca1972fe199	01900171-5864-7808-a239-7740b4220610	01900171-5864-7a14-824f-be47f3665a75	t	018e61da-976d-7fca-9165-3e872014d47f	2024-06-10 11:18:43.964348+02	\N	018e7f80-c83c-7bb9-b8d3-9975fb539e70	\N
01900176-e655-7550-9d23-6c21baccd8d3	01900176-e60b-79e6-869f-38fa7a3d592c	01900176-e5be-7162-bc06-db4905311c7d	01900176-e5bd-7400-ae7c-4d930bf27269	t	018e61da-976d-7fca-9165-3e872014d47f	2024-06-10 11:24:47.826107+02	\N	018e7f80-c83c-7bb9-b8d3-9975fb539e70	\N
01900177-7e73-73be-9658-aba51f81715f	01900177-7e1e-7f2b-a0d4-30eee62ac2e5	01900177-7db9-747b-aca7-061b68519e6d	01900177-7db9-740f-a139-ed6a0806272a	t	018e61da-976d-7fca-9165-3e872014d47f	2024-06-10 11:25:26.76715+02	\N	018e7f80-c83c-7bb9-b8d3-9975fb539e70	\N
01900178-a3fd-7187-84df-797ddef4f421	01900178-a39d-7deb-b2cd-120a82a52e5c	01900178-a338-7571-aadd-ef3813865c2b	01900178-a338-70b9-9b0a-81e8a41253ec	t	018e61da-976d-7fca-9165-3e872014d47f	2024-06-10 11:26:41.915159+02	\N	018e7f80-c83c-7bb9-b8d3-9975fb539e70	\N
019001ea-737b-794c-a324-478e7943d5f5	019001ea-732d-7176-96f0-8e44a2f844d8	019001ea-72f6-75c6-bb29-7d0abd55b937	019001ea-72f5-7b13-b0d5-8e20a4977a6d	t	018e61da-976d-7fca-9165-3e872014d47f	2024-06-10 13:31:00.60206+02	\N	018e7f80-c83c-7bb9-b8d3-9975fb539e70	\N
0190020d-c974-75fa-9261-1fa9433ea5da	0190020d-c925-725a-b331-540f828793f0	0190020d-c8ce-7936-91c7-70f60caecb92	0190020d-c8ce-70ed-88a5-9ae4f3c087ce	t	018e61da-976d-7fca-9165-3e872014d47f	2024-06-10 14:09:36.369936+02	\N	018e7f80-c83c-7bb9-b8d3-9975fb539e70	\N
0190020f-6def-73ed-93f1-6d3c6860cef2	0190020f-6da5-7434-8bde-87fa6c23a1ac	0190020f-6d3c-7ea2-8833-27d0cdf84e7d	0190020f-6d3c-752e-b3b7-0f83b9e60a24	t	018e61da-976d-7fca-9165-3e872014d47f	2024-06-10 14:11:24.013488+02	\N	018e7f80-c83c-7bb9-b8d3-9975fb539e70	\N
01900211-deca-7b8d-b6ff-a94094045e06	01900211-de86-726c-a7a8-4468906d2905	01900211-de2f-7bd0-a1dd-f0c71fd3159b	01900211-de2f-7205-bb11-a533725f0a76	t	018e61da-976d-7fca-9165-3e872014d47f	2024-06-10 14:14:03.977069+02	\N	018e7f80-c83c-7bb9-b8d3-9975fb539e70	\N
01900214-f804-7aff-a1ed-ca53b7529503	01900214-f7df-7264-861a-4691b20d9c94	01900214-f7a6-743b-82ea-fa0104487a2f	01900214-f7a6-7010-8f57-f9814011b9f1	t	018e61da-976d-7fca-9165-3e872014d47f	2024-06-10 14:17:27.043495+02	\N	018e7f80-c83c-7bb9-b8d3-9975fb539e70	\N
01900217-9ebb-7628-96ef-3a0e0fff3302	01900217-9e76-7a55-aa75-a1903995e763	01900217-9e32-7722-b0af-97054561a36a	01900217-9e32-7c67-b81b-91397d61fc23	t	018e61da-976d-7fca-9165-3e872014d47f	2024-06-10 14:20:20.792801+02	\N	018e7f80-c83c-7bb9-b8d3-9975fb539e70	\N
0190021b-0224-7fb5-9a15-5d71a8bb167a	0190021b-01ef-7694-af25-d97dba79e94a	0190021b-01bb-74e4-8d58-ed3f0edd01d3	0190021b-01bb-7c50-9e55-497351217413	t	018e61da-976d-7fca-9165-3e872014d47f	2024-06-10 14:24:02.850854+02	\N	018e7f80-c83c-7bb9-b8d3-9975fb539e70	\N
0190021f-566b-74d3-93e6-7569f7908a07	0190021f-562e-72e7-a20d-5fc6d38f6f58	0190021f-55fa-7cde-8f03-ac35f9d99ea9	0190021f-55fa-7682-af92-3c52a4bb73ce	t	018e61da-976d-7fca-9165-3e872014d47f	2024-06-10 14:28:46.569839+02	\N	018e7f80-c83c-7bb9-b8d3-9975fb539e70	\N
0190022e-f04f-7719-8b44-ffa674a663a0	0190022e-f015-7bd6-ade1-4a38d8083bbb	0190022e-efde-7c0a-b9d3-2f701b274cec	0190022e-efdd-7be0-9c18-ec420b3a5e99	t	018e61da-976d-7fca-9165-3e872014d47f	2024-06-10 14:45:49.006568+02	\N	018e7f80-c83c-7bb9-b8d3-9975fb539e70	\N
0190022f-f648-7697-9933-edfee6e4ef81	0190022f-f60f-7fec-bace-c6f951e1810a	0190022f-f5d8-78cb-81c9-778ee623b08d	0190022f-f5d8-7594-864a-7cb144468b2a	t	018e61da-976d-7fca-9165-3e872014d47f	2024-06-10 14:46:56.07107+02	\N	018e7f80-c83c-7bb9-b8d3-9975fb539e70	\N
01900231-02db-7a11-ad8e-67f7c7aa6c46	01900231-0291-77a9-bdaf-bd342929e891	01900231-0260-74e3-914f-14fc7ce2d589	01900231-0260-75a2-a203-0537371f6303	t	018e61da-976d-7fca-9165-3e872014d47f	2024-06-10 14:48:04.824064+02	\N	018e7f80-c83c-7bb9-b8d3-9975fb539e70	\N
01900231-c0b7-7e43-952f-a7cbe81e3fa9	01900231-c076-79cb-9f2d-61981c45d59e	01900231-c01d-7cbc-991d-291b604242b6	01900231-c01d-790d-a094-d8749aaf6ec2	t	018e61da-976d-7fca-9165-3e872014d47f	2024-06-10 14:48:53.42975+02	\N	018e7f80-c83c-7bb9-b8d3-9975fb539e70	\N
01900232-5c6b-7276-abe1-548493bf545a	01900232-5c33-76fb-8d14-64c7f830dbf6	01900232-5bf2-7dda-a25a-490fd391a4cf	01900232-5bf1-7892-83ea-6d02c5dddca1	t	018e61da-976d-7fca-9165-3e872014d47f	2024-06-10 14:49:33.290142+02	\N	018e7f80-c83c-7bb9-b8d3-9975fb539e70	\N
0190023a-e41e-73db-b139-284b260b11cc	0190023a-e3e9-7681-80e4-3fb3cc284f51	0190023a-e370-7fec-8e41-2fafd29a191e	0190023a-e36f-746b-b42b-11164ab3d23e	t	018e61da-976d-7fca-9165-3e872014d47f	2024-06-10 14:58:52.318103+02	\N	018e7f80-c83c-7bb9-b8d3-9975fb539e70	\N
0190023b-c1df-7534-9e7d-a9fe2942951a	0190023b-c19c-7d59-9aca-50cc099f958f	0190023b-c131-7953-be79-98eed72b10a9	0190023b-c131-7a12-85d6-4283e13040ae	t	018e61da-976d-7fca-9165-3e872014d47f	2024-06-10 14:59:49.084607+02	\N	018e7f80-c83c-7bb9-b8d3-9975fb539e70	\N
0190023c-a125-7068-bd1f-ff17d44f3bac	0190023c-a0e9-702f-ba6f-f6d896d5354a	0190023c-a096-7c89-9bf5-7c9ca7387035	0190023c-a096-7bd7-8aed-5bc4bfbc0a33	t	018e61da-976d-7fca-9165-3e872014d47f	2024-06-10 15:00:46.243513+02	\N	018e7f80-c83c-7bb9-b8d3-9975fb539e70	\N
0190023e-8e93-70cb-8104-373c89460fb7	0190023e-8e4e-7a09-9424-45fc9f1b1f89	0190023e-8de3-7187-b933-0561573ba702	0190023e-8de3-7c06-b9c3-db8ff8f2dbef	t	018e61da-976d-7fca-9165-3e872014d47f	2024-06-10 15:02:52.562294+02	\N	018e7f80-c83c-7bb9-b8d3-9975fb539e70	\N
01900243-88bc-7a6f-9077-748aa2e76457	01900243-8877-7459-9e8a-3e925b24a5b4	01900243-87f4-7f73-80d6-3837a993a75d	01900243-87f4-7128-be39-608e2ee91e40	t	018e61da-976d-7fca-9165-3e872014d47f	2024-06-10 15:08:18.747362+02	\N	018e7f80-c83c-7bb9-b8d3-9975fb539e70	\N
01900244-c36a-7951-8aa0-d8406f29581f	01900244-c33c-75a3-a18e-29dcb918c5ad	01900244-c2e1-7bd7-85ea-132c3f1c63c1	01900244-c2e1-7719-adbb-01ec2d2ca73b	t	018e61da-976d-7fca-9165-3e872014d47f	2024-06-10 15:09:39.305554+02	\N	018e7f80-c83c-7bb9-b8d3-9975fb539e70	\N
019002d0-5c4a-712d-8771-220347896d15	019002d0-5c24-7432-9fb6-cbe0fe002cdd	019002d0-5bf1-7e8c-8ec8-acf5b4ca6c57	019002d0-5bf1-7807-8a77-528f6e58bc15	t	018e61da-976d-7fca-9165-3e872014d47f	2024-06-10 17:42:07.944498+02	\N	018e7f80-c83c-7bb9-b8d3-9975fb539e70	\N
019002d3-0d46-78ce-bd96-6d6f189593dd	019002d3-0d19-71b7-974c-8712ab90bba8	019002d3-0ce8-781c-a8fc-b01925c826dd	019002d3-0ce8-7d9c-bdd5-5213ff89182c	t	018e61da-976d-7fca-9165-3e872014d47f	2024-06-10 17:45:04.325345+02	\N	018e7f80-c83c-7bb9-b8d3-9975fb539e70	\N
019002d4-a057-7304-aae0-da1fa618f7d9	019002d4-a02c-70e2-962d-de05831102ba	019002d4-a001-723a-b300-9be7be1a2388	019002d4-a001-747a-8c82-b37feb482e6c	t	018e61da-976d-7fca-9165-3e872014d47f	2024-06-10 17:46:47.509887+02	\N	018e7f80-c83c-7bb9-b8d3-9975fb539e70	\N
01900396-8718-777b-8f15-8481f675eb59	01900396-868e-789c-a4be-f4a14c635dd2	01900396-85e8-7c96-b65f-d28fbcc818c5	01900396-85df-7af3-8ef0-5ba3eff61f8c	t	018e61da-976d-7fca-9165-3e872014d47f	2024-06-10 21:18:35.029569+02	\N	018e7f80-c83c-7bb9-b8d3-9975fb539e70	\N
01900397-bc46-7d0b-b801-37ec08591c3d	01900397-bc07-7041-824a-f58c5f2a3fcf	01900397-bbc5-79c9-8649-2aa88b80c0ad	01900397-bbc5-7b9f-a282-6c9d3cf92918	t	018e61da-976d-7fca-9165-3e872014d47f	2024-06-10 21:19:54.179896+02	\N	018e7f80-c83c-7bb9-b8d3-9975fb539e70	\N
01900718-04d0-77e8-aa5d-f6a63453bdd8	01900718-044a-7ff7-a39e-37d542229ccb	01900718-038f-7df4-aa65-d08711df5560	01900718-0385-720e-a32d-93fb5460794d	t	018e61da-976d-7fca-9165-3e872014d47f	2024-06-11 13:38:53.002813+02	\N	018e7f80-c83c-7bb9-b8d3-9975fb539e70	\N
0190071a-0b6c-722d-8913-ec1c183931aa	0190071a-0af2-759a-8d48-85dcf6abc13c	0190071a-0a6d-7d5a-997c-921894749875	0190071a-0a6c-7c5d-9b84-aa8d6ca15254	t	018e61da-976d-7fca-9165-3e872014d47f	2024-06-11 13:41:05.76787+02	\N	018e7f80-c83c-7bb9-b8d3-9975fb539e70	\N
0190071e-f598-715d-8c61-156d30af7ea9	0190071e-f4ce-7257-950f-e964914dfdf2	0190071e-f432-70d2-b6d9-6324d07bdb52	0190071e-f431-7db5-8b40-05a407c843d7	t	018e61da-976d-7fca-9165-3e872014d47f	2024-06-11 13:46:27.858134+02	\N	018e7f80-c83c-7bb9-b8d3-9975fb539e70	\N
01900720-1df5-71c5-b440-efc895865841	01900720-1d3f-792a-ae58-7d0bd91fd22a	01900720-1c61-7a9d-a0b5-82019f724c5e	01900720-1c61-7e71-9ba0-d6c778638787	t	018e61da-976d-7fca-9165-3e872014d47f	2024-06-11 13:47:43.730874+02	\N	018e7f80-c83c-7bb9-b8d3-9975fb539e70	\N
01900721-eb6a-7f3a-b50c-71c360dfad52	01900721-eae9-7b35-9661-a2e2ee438969	01900721-ea96-7813-b35c-953fddb9cf94	01900721-ea95-7f44-a2c5-6ba1dc3fe7e2	t	018e61da-976d-7fca-9165-3e872014d47f	2024-06-11 13:49:41.860866+02	\N	018e7f80-c83c-7bb9-b8d3-9975fb539e70	\N
01900726-598a-7aa7-b3c1-5afd6ccf7c28	01900726-5934-7e84-80b9-65569033ac7a	01900726-58cb-74a3-afce-f55083e0726f	01900726-58cb-74fd-94e9-053e33f756e3	t	018e61da-976d-7fca-9165-3e872014d47f	2024-06-11 13:54:32.200708+02	\N	018e7f80-c83c-7bb9-b8d3-9975fb539e70	\N
01900739-7182-783b-b974-ec3a8022611e	01900739-715e-76ab-bdb7-441ecfa6cab0	01900739-7129-7cbf-b230-fcf393986e6d	01900739-7129-77e9-8d70-1702ef8d3554	t	018e61da-976d-7fca-9165-3e872014d47f	2024-06-11 14:15:23.5222+02	\N	018e7f80-c83c-7bb9-b8d3-9975fb539e70	\N
0190073a-1012-74ae-b561-1ce4752a6be2	0190073a-0fe0-7f69-b239-e03cdbf1cd00	0190073a-0fb2-70cc-ab49-14bcd488266d	0190073a-0fb2-7eb3-bc6d-c1c6cf149abd	t	018e61da-976d-7fca-9165-3e872014d47f	2024-06-11 14:16:04.113458+02	\N	018e7f80-c83c-7bb9-b8d3-9975fb539e70	\N
0190073b-bf1f-7b94-a232-074c7dc18578	0190073b-bef9-7fa7-a336-9314061fcd69	0190073b-bed9-7144-a2b1-e14c1bf8738f	0190073b-bed8-7444-9aca-440e5f9dc283	t	018e61da-976d-7fca-9165-3e872014d47f	2024-06-11 14:17:54.462249+02	\N	018e7f80-c83c-7bb9-b8d3-9975fb539e70	\N
0190074b-9f3f-75a8-a990-3b2355736686	0190074b-9f1a-7f40-9f07-aa535541f365	0190074b-9ef5-77d8-a5a2-f023c68ac578	0190074b-9ef5-769d-8d06-9a2a1a79f838	t	018e61da-976d-7fca-9165-3e872014d47f	2024-06-11 14:35:14.878524+02	\N	018e7f80-c83c-7bb9-b8d3-9975fb539e70	\N
01900770-9c8b-77a8-ba3b-ec88d419968b	01900770-9c42-7d17-8c5e-7388de47125c	01900770-9bec-77f8-89ca-41b649267114	01900770-9bec-72ff-a739-ab3ecf534b97	t	018e61da-976d-7fca-9165-3e872014d47f	2024-06-11 15:15:39.017056+02	\N	018e7f80-c83c-7bb9-b8d3-9975fb539e70	\N
01900771-3a22-7757-be09-139d38178ae6	01900771-39f7-7004-8e51-23d0795136c4	01900771-39d3-7f5d-bd99-fc0f3dd1df30	01900771-39d3-7884-8357-e02efd68d272	t	018e61da-976d-7fca-9165-3e872014d47f	2024-06-11 15:16:19.361348+02	\N	018e7f80-c83c-7bb9-b8d3-9975fb539e70	\N
\.


--
-- Data for Name: project_maatwerk_numeriek_changelog; Type: TABLE DATA; Schema: diwi_testset; Owner: ali
--

COPY diwi_testset.project_maatwerk_numeriek_changelog (id, start_milestone_id, end_milestone_id, project_id, value, create_user_id, change_start_date, change_end_date, eigenschap_id, value_type, value_range, change_user_id) FROM stdin;
018e8545-8b60-7432-aeb0-2c0c5c830106	018e8545-8af4-7cba-bfef-399c9bf4ecb3	018e61e1-d225-712d-8838-a08bd94a89a9	018e61e1-d224-76dd-95aa-4fa7dfe22816	12	018e61da-976d-7fca-9165-3e872014d47f	2024-03-28 14:35:11.188391+01	\N	018e6b68-0c99-7c5c-b018-59d2cd76805a	SINGLE_VALUE	\N	\N
018e8584-ef94-7fb9-9f5d-0457c00dd97f	018e8582-c9d0-736c-aa60-acd8567eb28e	018e8582-c988-75e9-8d7c-7ded79862e13	018e8582-c988-7609-b68d-8c2956410c2f	22	018e61da-976d-7fca-9165-3e872014d47f	2024-03-28 15:44:25.610455+01	\N	018e6b68-0c99-7c5c-b018-59d2cd76805a	SINGLE_VALUE	\N	\N
018f4e60-f562-7230-bd5e-c45b606bc315	018f4e5f-ef07-75c9-afb5-d242340602bf	018e8abf-3936-76e6-9cd1-c96b976320ef	018e8abf-3935-7586-b28a-73cc454d16f6	12	018e61da-976d-7fca-9165-3e872014d47f	2024-05-06 16:48:48.22463+02	\N	018e6b68-0c99-7c5c-b018-59d2cd76805a	SINGLE_VALUE	\N	\N
\.


--
-- Data for Name: project_name_changelog; Type: TABLE DATA; Schema: diwi_testset; Owner: ali
--

COPY diwi_testset.project_name_changelog (id, start_milestone_id, end_milestone_id, project_id, create_user_id, change_start_date, change_end_date, name, change_user_id) FROM stdin;
c0153d9e-34bf-4da4-81b6-97d9603b875d	292414eb-4a4e-405c-954b-e01bb355bc9b	07f3a0ad-f76a-4dd9-b4c6-6eb8113968e0	466da5e2-c96f-4856-aa17-6b37a1c21edc	2122426c-6e70-419c-a054-f51dd24d798b	2024-01-10 19:06:32+01	\N	Name 3	\N
2a0f5b93-b57b-42c3-aec4-415fc6277e2d	ee3cbe15-7a5d-42c6-a807-0a7593a24d4f	7c6bfe67-6618-4a6a-9507-2cd15f88c11f	54a0c192-3454-4f7a-becd-96d214461987	2122426c-6e70-419c-a054-f51dd24d798b	2024-01-05 19:06:32+01	\N	Name 1	\N
2239ffe2-d9dc-4275-bbca-0773a4667d08	7c6bfe67-6618-4a6a-9507-2cd15f88c11f	342887ab-2106-45c4-9565-a4b83f4d3362	54a0c192-3454-4f7a-becd-96d214461987	2122426c-6e70-419c-a054-f51dd24d798b	2024-01-05 19:06:32+01	\N	Name 2	\N
856e2898-6e92-478f-b9cd-fdfa84b7558a	4237d087-3d45-4acf-a1a6-0a67b754608e	529ca978-1d23-418a-a94c-bd219454a587	5c9fbb50-d8fd-480d-9e38-7f3b391d3110	2122426c-6e70-419c-a054-f51dd24d798b	2024-01-05 19:06:32+01	\N	Prj 2 Name 1	\N
ddc8c610-ed05-4cd1-aa85-10f0188e98bb	1c155b85-29e3-4fec-85a2-96bda344fe8a	4237d087-3d45-4acf-a1a6-0a67b754608e	5c9fbb50-d8fd-480d-9e38-7f3b391d3110	2122426c-6e70-419c-a054-f51dd24d798b	2024-01-05 19:06:32+01	\N	Prj 2 Name 2	\N
018e61e1-d226-707c-a324-776081f19371	018e61e1-d224-7467-bc4f-942186f7bd86	018e61e1-d225-712d-8838-a08bd94a89a9	018e61e1-d224-76dd-95aa-4fa7dfe22816	018e61da-976d-7fca-9165-3e872014d47f	2024-03-21 17:39:33.149642+01	\N	Ali	\N
018e621b-4ea8-764d-b2cb-1ef2422526ed	018e621b-4ea8-7951-a11a-653fc1af247e	018e621b-4ea8-777a-82e2-96093d6bc4dd	018e621b-4ea8-7801-b880-4e960e416feb	018e61da-976d-7fca-9165-3e872014d47f	2024-03-21 18:42:20.551487+01	\N	Test Project	\N
018e6548-029e-7dcd-b592-d0dbce6520ef	018e6548-029c-7faf-90cf-799a8aaec292	018e6548-029d-7008-8aae-8d9aa4ad4098	018e6548-0294-73e6-8535-38500033f66a	018e61da-976d-7fca-9165-3e872014d47f	2024-03-22 09:30:01.864297+01	\N	New Project	\N
018e654d-68e2-7963-97cc-482b56e465af	018e654d-68e1-715b-979a-8c21fb608dc7	018e654d-68e2-7561-8c97-bac27af68f4d	018e654d-68e0-70c1-8ca1-acad5da87227	018e61da-976d-7fca-9165-3e872014d47f	2024-03-22 09:35:55.743291+01	\N	New -2	\N
018e6566-7c87-742f-8e8e-cbaf42f43f2e	018e6566-7c86-7b9a-a2d7-634b92219493	018e6566-7c86-76a1-a3f0-7434a7101fd3	018e6566-7c86-7689-a4cf-58f57a073d2a	018e61da-976d-7fca-9165-3e872014d47f	2024-03-22 10:03:19.154631+01	\N	DateFix	\N
018e6a86-fc1d-73f7-afb9-174fcd318dff	018e6a86-fc1a-77e0-a57e-164c0994a44a	018e6a86-fc1c-7e4e-b414-84e1e81a26c7	018e6a86-fc0d-724c-9605-a7cc30c312b8	018e61da-976d-7fca-9165-3e872014d47f	2024-03-23 09:56:55.03476+01	\N	Test With Owner	\N
018e6a8c-a600-71d1-90bb-9b47b11e6f2a	018e6a8c-a5ff-76de-b66f-6fbc32cbe618	018e6a8c-a600-73ea-9a7a-f64d1f3bbbaf	018e6a8c-a5ff-73a0-b006-06b92d421629	018e61da-976d-7fca-9165-3e872014d47f	2024-03-23 10:03:06.238946+01	\N	New Test	\N
018e6ab5-fa49-751a-9cf1-c20481ccb235	018e6ab5-fa49-74ab-b053-384768b17105	018e6ab5-fa49-7434-bedf-23482b8a5c73	018e6ab5-fa48-708a-8ead-5d42386fa500	018e61da-976d-7fca-9165-3e872014d47f	2024-03-23 10:48:14.792726+01	\N	tttt	\N
018e6aba-aead-7588-8f71-4a674bff623b	018e6aba-aead-721a-bb81-ae4f10bf38fc	018e6aba-aead-7986-bbf1-43adfc71eb1c	018e6aba-aead-73e9-9253-373e654a2feb	018e61da-976d-7fca-9165-3e872014d47f	2024-03-23 10:53:23.11726+01	\N	Daniela	\N
018e6abc-e4bd-7f46-b207-4a8e5fa7b002	018e6abc-e4b9-7cee-a63b-0b5d3d37cb2d	018e6abc-e4bc-7df8-bfcb-a13585a01db7	018e6abc-e4b9-724b-a8b9-9301bdc8e3da	018e61da-976d-7fca-9165-3e872014d47f	2024-03-23 10:55:48.025235+01	\N	test	\N
018e6ac4-0853-7b1d-8104-dbf1b63c6f97	018e6ac4-0851-7eef-9cfb-8d5db43e12ea	018e6ac4-0852-7006-8bfe-cdb0c79a846a	018e6ac4-0850-7577-a856-b1409c0c6330	018e61da-976d-7fca-9165-3e872014d47f	2024-03-23 11:03:35.88679+01	\N	rere	\N
018e6ac4-673a-7ef6-b8ec-102b12997f80	018e6ac4-6739-760b-bcb5-c3847ddfb251	018e6ac4-673a-7fe8-b736-bbbdacbd42fa	018e6ac4-6738-71a1-95b1-3c8625782165	018e61da-976d-7fca-9165-3e872014d47f	2024-03-23 11:04:00.183398+01	\N	tetewtew	\N
018e6ac6-0238-7e37-af50-7b51743accb5	018e6ac6-0237-7faa-b66e-de6396127c81	018e6ac6-0237-72f8-8987-38ba921800de	018e6ac6-0237-7d90-9dc1-c3aa6f3a8ddf	018e61da-976d-7fca-9165-3e872014d47f	2024-03-23 11:05:45.398305+01	\N	dadasda	\N
018e6b06-4cb1-7609-b471-ada4fb89fb4d	018e6aca-379a-7459-a74a-694d231c0161	018e6ac9-8d17-7efa-bbe3-89e7d2be12f1	018e6ac9-8d17-7b67-a4af-37004a445073	018e61da-976d-7fca-9165-3e872014d47f	2024-03-23 12:15:58.767614+01	\N	Ali Test Project	\N
018e6b06-4cb1-7f7b-927e-819bf248ca63	018e6ac9-8d17-70a9-a273-62e6b7d70390	018e6aca-379a-7459-a74a-694d231c0161	018e6ac9-8d17-7b67-a4af-37004a445073	018e61da-976d-7fca-9165-3e872014d47f	2024-03-23 12:15:58.767614+01	\N	fsdfsdf	\N
018e6ac9-8d17-79bc-be06-d567040a83b9	018e6ac9-8d17-70a9-a273-62e6b7d70390	018e6ac9-8d17-7efa-bbe3-89e7d2be12f1	018e6ac9-8d17-7b67-a4af-37004a445073	018e61da-976d-7fca-9165-3e872014d47f	2024-03-23 11:09:37.559117+01	2024-03-23 12:15:58.767614+01	fsdfsdf	018e61da-976d-7fca-9165-3e872014d47f
018e7b10-5624-7ee0-bcb3-0611b700aaf2	018e7b10-5624-71aa-888b-e5d540974c06	018e7b10-5624-76e6-a531-626801bfa91e	018e7b10-5624-78a3-89c7-36e649258a50	018e61da-976d-7fca-9165-3e872014d47f	2024-03-26 15:00:52.00391+01	\N	New Houses	\N
018e7f1e-b0ea-772f-aa9d-dcb527b73776	018e7f1e-b0e8-77f1-abd1-1e2a9651863a	018e7f1e-b0ea-71d3-87e5-01affdbc78d7	018e7f1e-b0de-79ff-9acd-9f0f5663bfc2	018e61da-976d-7fca-9165-3e872014d47f	2024-03-27 09:55:01.577761+01	\N	fdsfdsf	\N
018e7f8c-a210-77b8-8a03-8a13ce88f811	018e7f8c-a20f-7e19-89b9-8944d23bf40b	018e7f8c-a20f-7255-8ed6-5806d078709d	018e7f8c-a20f-7ff5-909d-a97a037fe67a	018e61da-976d-7fca-9165-3e872014d47f	2024-03-27 11:55:06.767536+01	\N	Test New	\N
018e7f90-0901-7716-a4cd-b62fc8dbe8ee	018e7f90-0900-7f13-a975-f6b2ff313cd6	018e7f90-0901-711d-90b7-5f814f8a866a	018e7f90-0900-772c-be4f-0f2b92770859	018e61da-976d-7fca-9165-3e872014d47f	2024-03-27 11:58:49.728405+01	\N	ttttttt	\N
018e7f9d-bdfd-7911-bd60-60a0af68c1fd	018e7f9d-bdfc-7718-ac27-40e469a21db2	018e7f9d-bdfc-7306-bb6d-3cf299b5cbc7	018e7f9d-bdfc-7b7d-894b-80ca5a41bb74	018e61da-976d-7fca-9165-3e872014d47f	2024-03-27 12:13:48.028378+01	\N	Demo	\N
018e8404-6ba0-7be9-a781-c075ca498489	018e8404-6b9c-7832-a926-c2db16012b9d	018e8404-6b9f-77c0-8038-b3b857a35f4a	018e8404-6b8a-7699-9847-6100d2e5b9e0	018e61da-976d-7fca-9165-3e872014d47f	2024-03-28 08:44:25.980809+01	\N	gfdgfdgfdg	\N
018e855f-f199-7107-9172-d03faf952718	018e855f-f198-7309-ab69-0f2364779305	018e855f-f199-7b2c-870a-8ef8cb2c6c99	018e855f-f18e-70b5-a728-d1622df9ed8e	018e61da-976d-7fca-9165-3e872014d47f	2024-03-28 15:04:01.280282+01	\N	testtttt	\N
018e8561-f1bf-78cf-bcbd-68e970239692	018e8561-f1be-7605-90bc-16659f4abe7c	018e8561-f1bf-7d88-a8fc-d042df119c67	018e8561-f1b3-76c9-bdea-acc905e43adf	018e61da-976d-7fca-9165-3e872014d47f	2024-03-28 15:06:12.387776+01	\N	test12	\N
018e856b-2b05-72e8-8ec2-cea16e59a94e	018e856b-2b03-7a62-ba21-184d077af500	018e856b-2b05-742b-bee4-44eb32a30cbb	018e856b-2afa-729b-82e5-51cf2557e641	018e61da-976d-7fca-9165-3e872014d47f	2024-03-28 15:16:16.879765+01	\N	rwewewe	\N
018e857b-bad8-7938-944e-1ce0829a8006	018e857b-bad6-74bf-baf9-314b62113b91	018e857b-bad8-75ce-b83d-381c6642389a	018e857b-bacc-7ec1-a1d0-9aadc458f24f	018e61da-976d-7fca-9165-3e872014d47f	2024-03-28 15:34:22.27506+01	\N	Test Ali 1534	\N
018e8584-eebc-76bd-8e4a-b8aa3af544f9	018e8582-c9d0-736c-aa60-acd8567eb28e	018e8582-c988-75e9-8d7c-7ded79862e13	018e8582-c988-7609-b68d-8c2956410c2f	018e61da-976d-7fca-9165-3e872014d47f	2024-03-28 15:44:25.400584+01	\N	Test 1544	\N
018e8584-eebc-7e53-8158-f3114ace6153	018e8582-c988-742c-a501-8de1c5463f73	018e8582-c9d0-736c-aa60-acd8567eb28e	018e8582-c988-7609-b68d-8c2956410c2f	018e61da-976d-7fca-9165-3e872014d47f	2024-03-28 15:44:25.400584+01	\N	Test 1541	\N
018e8582-c989-70d0-b5fb-068a80d0dfa8	018e8582-c988-742c-a501-8de1c5463f73	018e8582-c988-75e9-8d7c-7ded79862e13	018e8582-c988-7609-b68d-8c2956410c2f	018e61da-976d-7fca-9165-3e872014d47f	2024-03-28 15:42:04.808463+01	2024-03-28 15:44:25.400584+01	Test 1541	018e61da-976d-7fca-9165-3e872014d47f
018e8590-b78b-74ed-87a1-7d0de882b9e4	018e8590-b78a-7d04-92f1-1d131612df93	018e8590-b78b-712a-b6b0-993821f5f7cb	018e8590-b77f-78a9-b18b-963473d8d21d	018e61da-976d-7fca-9165-3e872014d47f	2024-03-28 15:57:17.68632+01	\N	test	\N
018e85bc-ea91-7f2f-804d-67b07ed62b1a	018e85bc-ea8f-774a-868a-7402522498f6	018e85bc-ea91-7d83-8491-c36a93ca6b81	018e85bc-ea85-7407-8282-fb09f8d6b400	018e61da-976d-7fca-9165-3e872014d47f	2024-03-28 16:45:34.330976+01	\N	Test1645	\N
018e8a26-d33f-7f37-8c6d-7b97e5b2d021	018e8a26-d33b-74b5-8649-f4f0014ef68b	018e8a26-d33b-7b7d-812b-46cfd4ca8c1c	018e8a26-d33a-748c-9784-0980ddf014d9	018e61da-976d-7fca-9165-3e872014d47f	2024-03-29 13:19:44.057113+01	\N	Test Project	\N
018e8aa0-8107-7f48-a897-682dab5f83df	018e8aa0-8106-7e28-86d7-b670bbf09976	018e8aa0-8107-7965-9633-890a1c35c043	018e8aa0-8105-77b0-a5c2-6a8cfc18513b	018e61da-976d-7fca-9165-3e872014d47f	2024-03-29 15:32:38.404138+01	\N	Test Last One 	\N
018e8aaf-b145-7aba-8246-2b16bb477610	018e8aaf-b145-7254-b4fd-c248a4cde7b0	018e8aaf-b145-779e-b28f-90cca244ca7f	018e8aaf-b144-7d38-b26d-b8793de8785b	018e61da-976d-7fca-9165-3e872014d47f	2024-03-29 15:49:13.796342+01	\N	Test with Lennart	\N
018e8abf-3937-7589-acd5-7289f2d478e0	018e8abf-3936-7b9b-88af-f02cf4a28bf7	018e8abf-3936-76e6-9cd1-c96b976320ef	018e8abf-3935-7586-b28a-73cc454d16f6	018e61da-976d-7fca-9165-3e872014d47f	2024-03-29 16:06:11.637667+01	\N	Lennart one	\N
018e8ac2-0bc8-72aa-bacb-9106ba951631	018e8ac2-0bb9-7b24-9487-c2ff0ccb8fe8	018e8ac2-0bc4-7288-8a93-2ce056c11e3b	018e8ac2-0b95-71a2-8e4d-05f32b96917e	018e61da-976d-7fca-9165-3e872014d47f	2024-03-29 16:09:16.519405+01	\N	Test ssasasa	\N
018e8ac3-cd89-7310-a4da-7f45f4711f03	018e8ac3-cd85-74e2-9f05-c238b06dcd4f	018e8ac3-cd88-7228-8ce6-862cb523ed1f	018e8ac3-cd72-79a8-8dc6-e321e16b96d4	018e61da-976d-7fca-9165-3e872014d47f	2024-03-29 16:11:11.680155+01	\N	tesssss	\N
018e8afd-8bd8-7855-9259-1e9b953f59f0	018e8afd-8bd7-7eb6-8eca-8201421b2953	018e8afd-8bd7-71d9-b8cb-4dfb9629b8f3	018e8afd-8bd7-71e0-acdf-2aa8c6636361	018e61da-976d-7fca-9165-3e872014d47f	2024-03-29 17:14:16.023265+01	\N	test last 17:13	\N
018f57b1-778e-78c9-a808-506ddeac1c80	018f57b1-7782-7382-b9eb-d78fe32dd872	018f57b1-778b-7658-9e4a-deecef504ad1	018f57b1-773f-7d5d-a276-13fca386d89e	018e61da-976d-7fca-9165-3e872014d47f	2024-05-08 12:13:19.250779+02	\N	Test Ali Excel	\N
018ff2fa-5edd-7f3f-bade-4ea7c53688c3	018ff2fa-5ed9-7fd6-bb2d-4e15dd058391	018ff2fa-5edc-793b-896c-b69b35c13e2f	018ff2fa-5ecb-75d6-9efd-f5a32254ddb4	018e61da-976d-7fca-9165-3e872014d47f	2024-06-07 15:54:05.625519+02	\N	efe	\N
018ff304-7d22-7ff9-82a6-3eadb37eb1f7	018ff304-7d21-7d40-b25d-6e5946e8a46c	018ff304-7d21-766b-b6e2-be579294e95a	018ff304-7d21-7752-a794-30ab79bfa7d6	018e61da-976d-7fca-9165-3e872014d47f	2024-06-07 16:05:08.769081+02	\N	Test project	\N
018ff305-952d-7972-84ac-765f0562d372	018ff305-952c-7135-ae76-97b784721d52	018ff305-952d-713e-9162-c0123338a6f8	018ff305-952c-70bc-966a-3b8b418f0975	018e61da-976d-7fca-9165-3e872014d47f	2024-06-07 16:06:20.460175+02	\N	Test project	\N
018ff307-5a89-7016-9d55-60f3676293e8	018ff307-5a89-773a-98e1-6bdeaa3c3501	018ff307-5a89-7292-82e4-8f50f9f77745	018ff307-5a88-7743-9b71-f327c122200d	018e61da-976d-7fca-9165-3e872014d47f	2024-06-07 16:08:16.519912+02	\N	Test project	\N
01900157-ca26-779e-91ec-b3472451c539	01900157-ca25-76b4-95bd-cde8b1cf4044	01900157-ca25-7dc8-bb36-c841a9241938	01900157-ca1a-7d0c-9ef0-376765909310	018e61da-976d-7fca-9165-3e872014d47f	2024-06-10 10:50:48.978656+02	\N	Test project	\N
01900165-e3fe-75ad-9264-b3f518651663	01900165-e3fe-7417-8dd2-07df15c4a57f	01900165-e3fe-70d9-b539-c8405ea64113	01900165-e3fd-7c77-ac6c-c407670e7452	018e61da-976d-7fca-9165-3e872014d47f	2024-06-10 11:06:13.1177+02	\N	Test project	\N
0190016a-02ae-79bc-a28a-ea708692518a	0190016a-02ae-74d4-919e-6225e41533ee	0190016a-02ae-7373-8929-adebadf90178	0190016a-02ae-737d-a612-d920568bca3b	018e61da-976d-7fca-9165-3e872014d47f	2024-06-10 11:10:43.118006+02	\N	Test project	\N
01900171-5864-72ab-9902-a44ae3c19225	01900171-5864-7847-8baa-b09bcac2bdd0	01900171-5864-7808-a239-7740b4220610	01900171-5864-7a14-824f-be47f3665a75	018e61da-976d-7fca-9165-3e872014d47f	2024-06-10 11:18:43.812089+02	\N	Test project	\N
01900176-e5be-7f7b-8ad0-20f72f492551	01900176-e5bd-7a04-a660-34292715ad29	01900176-e5be-7162-bc06-db4905311c7d	01900176-e5bd-7400-ae7c-4d930bf27269	018e61da-976d-7fca-9165-3e872014d47f	2024-06-10 11:24:47.677201+02	\N	Test project	\N
01900177-7db9-7090-95ad-e2ddd1eda3ca	01900177-7db9-7a40-9d1f-f6aa566027ad	01900177-7db9-747b-aca7-061b68519e6d	01900177-7db9-740f-a139-ed6a0806272a	018e61da-976d-7fca-9165-3e872014d47f	2024-06-10 11:25:26.584313+02	\N	Test project	\N
01900178-a339-7463-8e2b-4f10180d4417	01900178-a338-7881-8900-423d5743dd21	01900178-a338-7571-aadd-ef3813865c2b	01900178-a338-70b9-9b0a-81e8a41253ec	018e61da-976d-7fca-9165-3e872014d47f	2024-06-10 11:26:41.720294+02	\N	Test project	\N
019001ea-72f6-72f7-a906-62627f4812b4	019001ea-72f6-70c2-a4fb-a2e874c8b5a3	019001ea-72f6-75c6-bb29-7d0abd55b937	019001ea-72f5-7b13-b0d5-8e20a4977a6d	018e61da-976d-7fca-9165-3e872014d47f	2024-06-10 13:31:00.469674+02	\N	Test project	\N
0190020d-c8ce-7b7a-969c-08a21fbc6241	0190020d-c8ce-727b-95b7-099a638371fc	0190020d-c8ce-7936-91c7-70f60caecb92	0190020d-c8ce-70ed-88a5-9ae4f3c087ce	018e61da-976d-7fca-9165-3e872014d47f	2024-06-10 14:09:36.205855+02	\N	Test project	\N
0190020f-6d3c-77a1-a615-f44d02a8fe0b	0190020f-6d3c-722b-80e4-e5f3dd2602e2	0190020f-6d3c-7ea2-8833-27d0cdf84e7d	0190020f-6d3c-752e-b3b7-0f83b9e60a24	018e61da-976d-7fca-9165-3e872014d47f	2024-06-10 14:11:23.835495+02	\N	Test project	\N
01900211-de2f-7f2c-bc4c-540c03535710	01900211-de2f-7803-afcd-4c73a01f4e7b	01900211-de2f-7bd0-a1dd-f0c71fd3159b	01900211-de2f-7205-bb11-a533725f0a76	018e61da-976d-7fca-9165-3e872014d47f	2024-06-10 14:14:03.822946+02	\N	Test project	\N
01900214-f7a6-79d8-943d-5f7ad9aa4c11	01900214-f7a6-795c-9f58-72f979832a1d	01900214-f7a6-743b-82ea-fa0104487a2f	01900214-f7a6-7010-8f57-f9814011b9f1	018e61da-976d-7fca-9165-3e872014d47f	2024-06-10 14:17:26.950086+02	\N	Test project	\N
01900217-9e32-73de-96ff-92fbaa9cd611	01900217-9e32-7ce5-993b-5b4718160cf8	01900217-9e32-7722-b0af-97054561a36a	01900217-9e32-7c67-b81b-91397d61fc23	018e61da-976d-7fca-9165-3e872014d47f	2024-06-10 14:20:20.658289+02	\N	Test project	\N
01900244-c2e1-74a1-ae32-7ebc68a2a362	01900244-c2e1-75fc-8b55-c32627e04991	01900244-c2e1-7bd7-85ea-132c3f1c63c1	01900244-c2e1-7719-adbb-01ec2d2ca73b	018e61da-976d-7fca-9165-3e872014d47f	2024-06-10 15:09:39.169221+02	\N	Test project	\N
019002d0-5bf1-7c83-a084-1817d5f204bf	019002d0-5bf1-74dc-ada9-e0660d7c4317	019002d0-5bf1-7e8c-8ec8-acf5b4ca6c57	019002d0-5bf1-7807-8a77-528f6e58bc15	018e61da-976d-7fca-9165-3e872014d47f	2024-06-10 17:42:07.857135+02	\N	Test project	\N
019002d3-0ce8-7c99-a4d4-e82e1a6a630e	019002d3-0ce8-7afc-8901-8f7333598585	019002d3-0ce8-781c-a8fc-b01925c826dd	019002d3-0ce8-7d9c-bdd5-5213ff89182c	018e61da-976d-7fca-9165-3e872014d47f	2024-06-10 17:45:04.232428+02	\N	Test project	\N
019002d4-a001-7adb-ba88-570efd078ca3	019002d4-a001-7bd3-91ee-c84b409325cd	019002d4-a001-723a-b300-9be7be1a2388	019002d4-a001-747a-8c82-b37feb482e6c	018e61da-976d-7fca-9165-3e872014d47f	2024-06-10 17:46:47.425059+02	\N	Test project	\N
0190021b-01bb-7f70-a48d-e03c31d70faa	0190021b-01bb-7521-a79b-ac4c62c03c20	0190021b-01bb-74e4-8d58-ed3f0edd01d3	0190021b-01bb-7c50-9e55-497351217413	018e61da-976d-7fca-9165-3e872014d47f	2024-06-10 14:24:02.747483+02	\N	Test project	\N
0190022e-efde-763e-8467-1e2bfb6d3b05	0190022e-efdd-783f-a10f-187fe33ea1b2	0190022e-efde-7c0a-b9d3-2f701b274cec	0190022e-efdd-7be0-9c18-ec420b3a5e99	018e61da-976d-7fca-9165-3e872014d47f	2024-06-10 14:45:48.893267+02	\N	Test project	\N
0190022f-f5d8-790e-98e6-1f762b862647	0190022f-f5d8-7fa6-aaa8-62cd59d5c4f8	0190022f-f5d8-78cb-81c9-778ee623b08d	0190022f-f5d8-7594-864a-7cb144468b2a	018e61da-976d-7fca-9165-3e872014d47f	2024-06-10 14:46:55.959927+02	\N	Test project	\N
0190021f-55fb-7f97-baab-2f0024fe4d47	0190021f-55fa-7e92-bf7d-5828e8adec6c	0190021f-55fa-7cde-8f03-ac35f9d99ea9	0190021f-55fa-7682-af92-3c52a4bb73ce	018e61da-976d-7fca-9165-3e872014d47f	2024-06-10 14:28:46.458469+02	\N	Test project	\N
01900231-0260-7fd7-95d9-4757ffa4ac1f	01900231-0260-7768-926c-a26bc2cc9fb9	01900231-0260-74e3-914f-14fc7ce2d589	01900231-0260-75a2-a203-0537371f6303	018e61da-976d-7fca-9165-3e872014d47f	2024-06-10 14:48:04.704554+02	\N	Test project	\N
01900231-c01d-73c5-9eea-8bb7e978b36d	01900231-c01d-7608-8bfc-953aab2933fa	01900231-c01d-7cbc-991d-291b604242b6	01900231-c01d-790d-a094-d8749aaf6ec2	018e61da-976d-7fca-9165-3e872014d47f	2024-06-10 14:48:53.277451+02	\N	Test project	\N
0190023c-a096-7d8a-9dae-4454a604f28d	0190023c-a096-71d9-8ca9-bcc595f33d6f	0190023c-a096-7c89-9bf5-7c9ca7387035	0190023c-a096-7bd7-8aed-5bc4bfbc0a33	018e61da-976d-7fca-9165-3e872014d47f	2024-06-10 15:00:46.102064+02	\N	Test project	\N
01900232-5bf2-7f3e-8895-7b53c08aebc6	01900232-5bf2-7721-86b2-1886149a9f6a	01900232-5bf2-7dda-a25a-490fd391a4cf	01900232-5bf1-7892-83ea-6d02c5dddca1	018e61da-976d-7fca-9165-3e872014d47f	2024-06-10 14:49:33.169633+02	\N	Test project	\N
0190023a-e370-7a7c-8ad2-460043e5fec1	0190023a-e36f-7ec6-921f-7222ee24fefe	0190023a-e370-7fec-8e41-2fafd29a191e	0190023a-e36f-746b-b42b-11164ab3d23e	018e61da-976d-7fca-9165-3e872014d47f	2024-06-10 14:58:52.143335+02	\N	Test project	\N
0190023b-c131-79b7-b866-df2f030624f3	0190023b-c131-7ab1-acb7-bcb70d47e6a0	0190023b-c131-7953-be79-98eed72b10a9	0190023b-c131-7a12-85d6-4283e13040ae	018e61da-976d-7fca-9165-3e872014d47f	2024-06-10 14:59:48.913252+02	\N	Test project	\N
01900243-87f4-72e4-9f3e-07b1ec739643	01900243-87f4-7ce5-a3e6-6859ce3f57ef	01900243-87f4-7f73-80d6-3837a993a75d	01900243-87f4-7128-be39-608e2ee91e40	018e61da-976d-7fca-9165-3e872014d47f	2024-06-10 15:08:18.547965+02	\N	Test project	\N
0190023e-8de3-7cbe-8e03-65da207d12bb	0190023e-8de3-7e00-921a-c2a6f39d82c0	0190023e-8de3-7187-b933-0561573ba702	0190023e-8de3-7c06-b9c3-db8ff8f2dbef	018e61da-976d-7fca-9165-3e872014d47f	2024-06-10 15:02:52.386667+02	\N	Test project	\N
01900396-85e9-70bd-a4b6-a302137c8437	01900396-85e8-7c9e-8cb6-55121b2c71ca	01900396-85e8-7c96-b65f-d28fbcc818c5	01900396-85df-7af3-8ef0-5ba3eff61f8c	018e61da-976d-7fca-9165-3e872014d47f	2024-06-10 21:18:34.71172+02	\N	Test project	\N
01900397-bbc6-7875-a3e2-3ca543101311	01900397-bbc5-73d7-8f31-ecdac84693b3	01900397-bbc5-79c9-8649-2aa88b80c0ad	01900397-bbc5-7b9f-a282-6c9d3cf92918	018e61da-976d-7fca-9165-3e872014d47f	2024-06-10 21:19:54.053326+02	\N	Test project	\N
01900718-0390-7f23-b534-fa96b33b73e3	01900718-038e-758c-9ee8-80bdae29f13a	01900718-038f-7df4-aa65-d08711df5560	01900718-0385-720e-a32d-93fb5460794d	018e61da-976d-7fca-9165-3e872014d47f	2024-06-11 13:38:52.665041+02	\N	Test project	\N
0190071a-0a6d-72f5-a4cd-add691a62788	0190071a-0a6c-70ab-8fff-dfaeabbd1c1a	0190071a-0a6d-7d5a-997c-921894749875	0190071a-0a6c-7c5d-9b84-aa8d6ca15254	018e61da-976d-7fca-9165-3e872014d47f	2024-06-11 13:41:05.515675+02	\N	Test project	\N
0190071e-f432-7fb0-8c22-82d99b787a8c	0190071e-f432-7097-8435-1cd0c6fd46a0	0190071e-f432-70d2-b6d9-6324d07bdb52	0190071e-f431-7db5-8b40-05a407c843d7	018e61da-976d-7fca-9165-3e872014d47f	2024-06-11 13:46:27.505802+02	\N	Test project	\N
01900720-1c62-7669-b6db-426cb031a357	01900720-1c61-7feb-af0c-32d518323638	01900720-1c61-7a9d-a0b5-82019f724c5e	01900720-1c61-7e71-9ba0-d6c778638787	018e61da-976d-7fca-9165-3e872014d47f	2024-06-11 13:47:43.329502+02	\N	Test project	\N
01900721-ea96-75a4-9044-fd148d103b5b	01900721-ea95-7f92-96a8-a0cb207afe90	01900721-ea96-7813-b35c-953fddb9cf94	01900721-ea95-7f44-a2c5-6ba1dc3fe7e2	018e61da-976d-7fca-9165-3e872014d47f	2024-06-11 13:49:41.65362+02	\N	Test project	\N
01900726-58cb-7bc7-b9af-441031cbf44e	01900726-58cb-7262-9cbb-81d7a4d42362	01900726-58cb-74a3-afce-f55083e0726f	01900726-58cb-74fd-94e9-053e33f756e3	018e61da-976d-7fca-9165-3e872014d47f	2024-06-11 13:54:32.011001+02	\N	Test project	\N
01900739-712a-7abc-8823-702a273d8955	01900739-7129-7015-a838-424d222b9387	01900739-7129-7cbf-b230-fcf393986e6d	01900739-7129-77e9-8d70-1702ef8d3554	018e61da-976d-7fca-9165-3e872014d47f	2024-06-11 14:15:23.433517+02	\N	Test project	\N
0190073a-0fb2-7492-8f4a-d5cd3eae04b2	0190073a-0fb2-7b3c-a8c7-09ff305da4c0	0190073a-0fb2-70cc-ab49-14bcd488266d	0190073a-0fb2-7eb3-bc6d-c1c6cf149abd	018e61da-976d-7fca-9165-3e872014d47f	2024-06-11 14:16:04.018339+02	\N	Test project	\N
0190073b-bed9-7fdd-8fd4-fd9e4444329c	0190073b-bed9-7c59-a922-c188b71b346a	0190073b-bed9-7144-a2b1-e14c1bf8738f	0190073b-bed8-7444-9aca-440e5f9dc283	018e61da-976d-7fca-9165-3e872014d47f	2024-06-11 14:17:54.392817+02	\N	Test project	\N
0190074b-9ef5-700d-a8c6-1aadd8ec83a4	0190074b-9ef5-76b8-ba40-4f58e452d3fd	0190074b-9ef5-77d8-a5a2-f023c68ac578	0190074b-9ef5-769d-8d06-9a2a1a79f838	018e61da-976d-7fca-9165-3e872014d47f	2024-06-11 14:35:14.805289+02	\N	Test project	\N
01900770-9bed-73d7-9aaf-0446f1fa40a1	01900770-9bec-7315-8de0-ec01bfea203e	01900770-9bec-77f8-89ca-41b649267114	01900770-9bec-72ff-a739-ab3ecf534b97	018e61da-976d-7fca-9165-3e872014d47f	2024-06-11 15:15:38.86056+02	\N	Test project	\N
01900771-39d3-79af-9ac8-5a2c0ba218b3	01900771-39d3-7eb6-98c1-fe5a066d4754	01900771-39d3-7f5d-bd99-fc0f3dd1df30	01900771-39d3-7884-8357-e02efd68d272	018e61da-976d-7fca-9165-3e872014d47f	2024-06-11 15:16:19.283057+02	\N	Test project	\N
\.


--
-- Data for Name: project_ordinal_changelog; Type: TABLE DATA; Schema: diwi_testset; Owner: ali
--

COPY diwi_testset.project_ordinal_changelog (id, start_milestone_id, end_milestone_id, project_id, value_id, create_user_id, change_start_date, change_end_date, value_type, min_value_id, max_value_id, change_user_id, property_id) FROM stdin;
a1713c26-2aa6-4362-bdc2-012f8977d880	292414eb-4a4e-405c-954b-e01bb355bc9b	07f3a0ad-f76a-4dd9-b4c6-6eb8113968e0	466da5e2-c96f-4856-aa17-6b37a1c21edc	\N	2122426c-6e70-419c-a054-f51dd24d798b	2024-01-17 19:06:32+01	\N	RANGE	49390d77-08de-4993-969f-2264d8f4ca8c	6a91fb22-a44a-4da9-b5f3-933596522e10	\N	af2bef00-87ba-4c7c-a927-916d5f03ce94
34b4ed31-041a-43b7-8bdf-8b124284a89e	4237d087-3d45-4acf-a1a6-0a67b754608e	529ca978-1d23-418a-a94c-bd219454a587	5c9fbb50-d8fd-480d-9e38-7f3b391d3110	04d1fc97-bb25-4246-8413-9ec5a1044db7	2122426c-6e70-419c-a054-f51dd24d798b	2024-01-04 19:06:32+01	\N	SINGLE_VALUE	\N	\N	\N	af2bef00-87ba-4c7c-a927-916d5f03ce94
43d7502c-ad0b-447e-a7a7-ecc45ccb8645	ee3cbe15-7a5d-42c6-a807-0a7593a24d4f	342887ab-2106-45c4-9565-a4b83f4d3362	54a0c192-3454-4f7a-becd-96d214461987	\N	2122426c-6e70-419c-a054-f51dd24d798b	2024-01-04 19:06:32+01	\N	RANGE	04d1fc97-bb25-4246-8413-9ec5a1044db7	6a91fb22-a44a-4da9-b5f3-933596522e10	\N	af2bef00-87ba-4c7c-a927-916d5f03ce94
885c5143-de9e-4e9e-85dd-296627fde221	018e656d-591d-7f2f-b8da-35cdf53a3eba	018e6566-7c86-76a1-a3f0-7434a7101fd3	018e6566-7c86-7689-a4cf-58f57a073d2a	04d1fc97-bb25-4246-8413-9ec5a1044db7	018e61da-976d-7fca-9165-3e872014d47f	2024-03-22 10:11:21.760347+01	\N	SINGLE_VALUE	\N	\N	\N	af2bef00-87ba-4c7c-a927-916d5f03ce94
6277c7db-fca7-4eac-90ee-b80b7a2fba6f	018e6aca-379a-7459-a74a-694d231c0161	018e6ac9-8d17-7efa-bbe3-89e7d2be12f1	018e6ac9-8d17-7b67-a4af-37004a445073	04d1fc97-bb25-4246-8413-9ec5a1044db7	018e61da-976d-7fca-9165-3e872014d47f	2024-03-23 11:40:12.499107+01	\N	SINGLE_VALUE	\N	\N	\N	af2bef00-87ba-4c7c-a927-916d5f03ce94
e71d9566-de42-41ca-9a5e-a2fbdc755f96	018e7b10-568a-73ab-a811-4ab285cdea28	018e7b10-5624-76e6-a531-626801bfa91e	018e7b10-5624-78a3-89c7-36e649258a50	49390d77-08de-4993-969f-2264d8f4ca8c	018e61da-976d-7fca-9165-3e872014d47f	2024-03-26 15:00:52.103224+01	\N	SINGLE_VALUE	\N	\N	\N	af2bef00-87ba-4c7c-a927-916d5f03ce94
44e80c4e-a248-48f7-b4f9-974b9588c3e8	018e8545-8b05-7ee0-964e-cc2711e1aaf0	018e61e1-d225-712d-8838-a08bd94a89a9	018e61e1-d224-76dd-95aa-4fa7dfe22816	bc14d26c-8209-4bc9-9c15-a6bd2100a793	018e61da-976d-7fca-9165-3e872014d47f	2024-03-28 14:35:11.10625+01	\N	SINGLE_VALUE	\N	\N	\N	af2bef00-87ba-4c7c-a927-916d5f03ce94
041921fd-8bd4-4aff-932e-a1bc76c50b9a	018e8582-c9d0-736c-aa60-acd8567eb28e	018e8582-c988-75e9-8d7c-7ded79862e13	018e8582-c988-7609-b68d-8c2956410c2f	04d1fc97-bb25-4246-8413-9ec5a1044db7	018e61da-976d-7fca-9165-3e872014d47f	2024-03-28 15:44:25.416304+01	\N	SINGLE_VALUE	\N	\N	\N	af2bef00-87ba-4c7c-a927-916d5f03ce94
00848bc4-5192-4c32-a795-9164ee3df6e8	018e8582-c9e5-78be-a742-91dbe9eb9d52	018e8582-c9d0-736c-aa60-acd8567eb28e	018e8582-c988-7609-b68d-8c2956410c2f	2f58d79f-c613-4ed2-9a0a-411a6c739445	018e61da-976d-7fca-9165-3e872014d47f	2024-03-28 15:44:25.416304+01	\N	SINGLE_VALUE	\N	\N	\N	af2bef00-87ba-4c7c-a927-916d5f03ce94
46098fda-38f0-4641-b7af-177f236664cd	018e8582-c9e5-78be-a742-91dbe9eb9d52	018e8582-c988-75e9-8d7c-7ded79862e13	018e8582-c988-7609-b68d-8c2956410c2f	2f58d79f-c613-4ed2-9a0a-411a6c739445	018e61da-976d-7fca-9165-3e872014d47f	2024-03-28 15:42:04.89724+01	2024-03-28 15:44:25.416304+01	SINGLE_VALUE	\N	\N	018e61da-976d-7fca-9165-3e872014d47f	af2bef00-87ba-4c7c-a927-916d5f03ce94
018ff304-7e6e-736c-bbba-2c7d8d4b48f1	018ff304-7e6c-7963-bcf6-961dba8c6d45	018ff304-7d21-766b-b6e2-be579294e95a	018ff304-7d21-7752-a794-30ab79bfa7d6	88bf0f69-fa06-4d42-8e13-b076d9d9a2cc	018e61da-976d-7fca-9165-3e872014d47f	2024-06-07 16:05:09.100183+02	\N	SINGLE_VALUE	\N	\N	\N	af2bef00-87ba-4c7c-a927-916d5f03ce94
018ff305-95e4-7750-85f4-6e8e9ede6a31	018ff305-95e3-7f5a-8a1e-1c091d591fab	018ff305-952d-713e-9162-c0123338a6f8	018ff305-952c-70bc-966a-3b8b418f0975	88bf0f69-fa06-4d42-8e13-b076d9d9a2cc	018e61da-976d-7fca-9165-3e872014d47f	2024-06-07 16:06:20.643607+02	\N	SINGLE_VALUE	\N	\N	\N	af2bef00-87ba-4c7c-a927-916d5f03ce94
018ff307-5b5d-74a8-84ab-23897397b727	018ff307-5b5c-77a0-9fc8-51d44862518e	018ff307-5a89-7292-82e4-8f50f9f77745	018ff307-5a88-7743-9b71-f327c122200d	88bf0f69-fa06-4d42-8e13-b076d9d9a2cc	018e61da-976d-7fca-9165-3e872014d47f	2024-06-07 16:08:16.73216+02	\N	SINGLE_VALUE	\N	\N	\N	af2bef00-87ba-4c7c-a927-916d5f03ce94
01900157-caf7-7c46-951c-f8daebe20f40	01900157-caf7-7888-abd6-b726f20283b8	01900157-ca25-7dc8-bb36-c841a9241938	01900157-ca1a-7d0c-9ef0-376765909310	88bf0f69-fa06-4d42-8e13-b076d9d9a2cc	018e61da-976d-7fca-9165-3e872014d47f	2024-06-10 10:50:49.206868+02	\N	SINGLE_VALUE	\N	\N	\N	af2bef00-87ba-4c7c-a927-916d5f03ce94
01900165-e474-76c5-9235-7d3669923cdb	01900165-e474-746b-a497-c616ca668fcf	01900165-e3fe-70d9-b539-c8405ea64113	01900165-e3fd-7c77-ac6c-c407670e7452	88bf0f69-fa06-4d42-8e13-b076d9d9a2cc	018e61da-976d-7fca-9165-3e872014d47f	2024-06-10 11:06:13.23619+02	\N	SINGLE_VALUE	\N	\N	\N	af2bef00-87ba-4c7c-a927-916d5f03ce94
0190016a-032e-7644-a70b-555bc8d510a8	0190016a-032d-7408-ba2d-fd9241115a9e	0190016a-02ae-7373-8929-adebadf90178	0190016a-02ae-737d-a612-d920568bca3b	88bf0f69-fa06-4d42-8e13-b076d9d9a2cc	018e61da-976d-7fca-9165-3e872014d47f	2024-06-10 11:10:43.245029+02	\N	SINGLE_VALUE	\N	\N	\N	af2bef00-87ba-4c7c-a927-916d5f03ce94
01900171-58bd-7295-9334-83ffa63bcb23	01900171-58bc-7615-88ba-d946bb64e32b	01900171-5864-7808-a239-7740b4220610	01900171-5864-7a14-824f-be47f3665a75	88bf0f69-fa06-4d42-8e13-b076d9d9a2cc	018e61da-976d-7fca-9165-3e872014d47f	2024-06-10 11:18:43.900098+02	\N	SINGLE_VALUE	\N	\N	\N	af2bef00-87ba-4c7c-a927-916d5f03ce94
01900176-e617-760f-9982-52019f78bce4	01900176-e616-7215-9bf7-5b3ef159b4ee	01900176-e5be-7162-bc06-db4905311c7d	01900176-e5bd-7400-ae7c-4d930bf27269	88bf0f69-fa06-4d42-8e13-b076d9d9a2cc	018e61da-976d-7fca-9165-3e872014d47f	2024-06-10 11:24:47.766769+02	\N	SINGLE_VALUE	\N	\N	\N	af2bef00-87ba-4c7c-a927-916d5f03ce94
01900177-7e29-7dd5-be70-4e39f648e56e	01900177-7e29-73c2-ae9e-f7da996ec8e6	01900177-7db9-747b-aca7-061b68519e6d	01900177-7db9-740f-a139-ed6a0806272a	88bf0f69-fa06-4d42-8e13-b076d9d9a2cc	018e61da-976d-7fca-9165-3e872014d47f	2024-06-10 11:25:26.696687+02	\N	SINGLE_VALUE	\N	\N	\N	af2bef00-87ba-4c7c-a927-916d5f03ce94
01900178-a3b7-79ed-8c03-9ae826a54927	01900178-a3b7-7daa-89f2-2471219c4586	01900178-a338-7571-aadd-ef3813865c2b	01900178-a338-70b9-9b0a-81e8a41253ec	88bf0f69-fa06-4d42-8e13-b076d9d9a2cc	018e61da-976d-7fca-9165-3e872014d47f	2024-06-10 11:26:41.845922+02	\N	SINGLE_VALUE	\N	\N	\N	af2bef00-87ba-4c7c-a927-916d5f03ce94
019001ea-7338-7dff-8911-b9c7c97ca7d2	019001ea-7337-7949-aecd-f224cd16f575	019001ea-72f6-75c6-bb29-7d0abd55b937	019001ea-72f5-7b13-b0d5-8e20a4977a6d	88bf0f69-fa06-4d42-8e13-b076d9d9a2cc	018e61da-976d-7fca-9165-3e872014d47f	2024-06-10 13:31:00.535231+02	\N	SINGLE_VALUE	\N	\N	\N	af2bef00-87ba-4c7c-a927-916d5f03ce94
0190020d-c932-77af-9de8-3c5b55cfa618	0190020d-c932-7b13-903f-a7d2a91ed289	0190020d-c8ce-7936-91c7-70f60caecb92	0190020d-c8ce-70ed-88a5-9ae4f3c087ce	88bf0f69-fa06-4d42-8e13-b076d9d9a2cc	018e61da-976d-7fca-9165-3e872014d47f	2024-06-10 14:09:36.305943+02	\N	SINGLE_VALUE	\N	\N	\N	af2bef00-87ba-4c7c-a927-916d5f03ce94
0190020f-6db2-73bc-8260-83ff94ca2164	0190020f-6db1-706a-b509-3a0661662a07	0190020f-6d3c-7ea2-8833-27d0cdf84e7d	0190020f-6d3c-752e-b3b7-0f83b9e60a24	88bf0f69-fa06-4d42-8e13-b076d9d9a2cc	018e61da-976d-7fca-9165-3e872014d47f	2024-06-10 14:11:23.953141+02	\N	SINGLE_VALUE	\N	\N	\N	af2bef00-87ba-4c7c-a927-916d5f03ce94
01900211-de91-7aa1-9428-a9d1f40a7703	01900211-de91-711e-b2b3-1e389b3d40aa	01900211-de2f-7bd0-a1dd-f0c71fd3159b	01900211-de2f-7205-bb11-a533725f0a76	88bf0f69-fa06-4d42-8e13-b076d9d9a2cc	018e61da-976d-7fca-9165-3e872014d47f	2024-06-10 14:14:03.921037+02	\N	SINGLE_VALUE	\N	\N	\N	af2bef00-87ba-4c7c-a927-916d5f03ce94
01900214-f7e4-7b01-b0e6-56003ee255eb	01900214-f7e4-7dce-8035-d7b9a579333f	01900214-f7a6-743b-82ea-fa0104487a2f	01900214-f7a6-7010-8f57-f9814011b9f1	88bf0f69-fa06-4d42-8e13-b076d9d9a2cc	018e61da-976d-7fca-9165-3e872014d47f	2024-06-10 14:17:27.012702+02	\N	SINGLE_VALUE	\N	\N	\N	af2bef00-87ba-4c7c-a927-916d5f03ce94
01900217-9e8b-7d4f-9b8f-206d73628dda	01900217-9e8b-746c-bcdb-57bf4b027985	01900217-9e32-7722-b0af-97054561a36a	01900217-9e32-7c67-b81b-91397d61fc23	88bf0f69-fa06-4d42-8e13-b076d9d9a2cc	018e61da-976d-7fca-9165-3e872014d47f	2024-06-10 14:20:20.747589+02	\N	SINGLE_VALUE	\N	\N	\N	af2bef00-87ba-4c7c-a927-916d5f03ce94
0190021b-01fc-7335-88a9-71d3d135874d	0190021b-01fc-7b45-aa36-fa420c197cf5	0190021b-01bb-74e4-8d58-ed3f0edd01d3	0190021b-01bb-7c50-9e55-497351217413	88bf0f69-fa06-4d42-8e13-b076d9d9a2cc	018e61da-976d-7fca-9165-3e872014d47f	2024-06-10 14:24:02.812125+02	\N	SINGLE_VALUE	\N	\N	\N	af2bef00-87ba-4c7c-a927-916d5f03ce94
0190021f-563b-740e-aaec-a58042b4662c	0190021f-563a-79bf-839c-2c3f1af048d4	0190021f-55fa-7cde-8f03-ac35f9d99ea9	0190021f-55fa-7682-af92-3c52a4bb73ce	88bf0f69-fa06-4d42-8e13-b076d9d9a2cc	018e61da-976d-7fca-9165-3e872014d47f	2024-06-10 14:28:46.522649+02	\N	SINGLE_VALUE	\N	\N	\N	af2bef00-87ba-4c7c-a927-916d5f03ce94
0190022e-f021-7e40-92af-fdd98af365e6	0190022e-f021-713e-a455-8350b5c73baf	0190022e-efde-7c0a-b9d3-2f701b274cec	0190022e-efdd-7be0-9c18-ec420b3a5e99	88bf0f69-fa06-4d42-8e13-b076d9d9a2cc	018e61da-976d-7fca-9165-3e872014d47f	2024-06-10 14:45:48.960687+02	\N	SINGLE_VALUE	\N	\N	\N	af2bef00-87ba-4c7c-a927-916d5f03ce94
0190022f-f61a-7825-b549-9c933277342f	0190022f-f61a-71ac-b8f3-570f0fa68d83	0190022f-f5d8-78cb-81c9-778ee623b08d	0190022f-f5d8-7594-864a-7cb144468b2a	88bf0f69-fa06-4d42-8e13-b076d9d9a2cc	018e61da-976d-7fca-9165-3e872014d47f	2024-06-10 14:46:56.025989+02	\N	SINGLE_VALUE	\N	\N	\N	af2bef00-87ba-4c7c-a927-916d5f03ce94
01900231-029f-7b35-b3ab-b35aad7e50f6	01900231-029f-7a9d-b3aa-dc06de154d9b	01900231-0260-74e3-914f-14fc7ce2d589	01900231-0260-75a2-a203-0537371f6303	88bf0f69-fa06-4d42-8e13-b076d9d9a2cc	018e61da-976d-7fca-9165-3e872014d47f	2024-06-10 14:48:04.767052+02	\N	SINGLE_VALUE	\N	\N	\N	af2bef00-87ba-4c7c-a927-916d5f03ce94
01900231-c081-7a7a-9267-eb76ff9bebf6	01900231-c081-7b4e-87a2-36c49185ad74	01900231-c01d-7cbc-991d-291b604242b6	01900231-c01d-790d-a094-d8749aaf6ec2	88bf0f69-fa06-4d42-8e13-b076d9d9a2cc	018e61da-976d-7fca-9165-3e872014d47f	2024-06-10 14:48:53.377013+02	\N	SINGLE_VALUE	\N	\N	\N	af2bef00-87ba-4c7c-a927-916d5f03ce94
01900232-5c39-75e3-9a9c-7682dfb41df1	01900232-5c39-785d-9f8b-1cba8dfe1790	01900232-5bf2-7dda-a25a-490fd391a4cf	01900232-5bf1-7892-83ea-6d02c5dddca1	88bf0f69-fa06-4d42-8e13-b076d9d9a2cc	018e61da-976d-7fca-9165-3e872014d47f	2024-06-10 14:49:33.240906+02	\N	SINGLE_VALUE	\N	\N	\N	af2bef00-87ba-4c7c-a927-916d5f03ce94
0190023a-e3ef-7cd1-980f-5cf9880884b4	0190023a-e3ee-7013-9d37-905b52962ede	0190023a-e370-7fec-8e41-2fafd29a191e	0190023a-e36f-746b-b42b-11164ab3d23e	88bf0f69-fa06-4d42-8e13-b076d9d9a2cc	018e61da-976d-7fca-9165-3e872014d47f	2024-06-10 14:58:52.27081+02	\N	SINGLE_VALUE	\N	\N	\N	af2bef00-87ba-4c7c-a927-916d5f03ce94
0190023b-c1a7-70f1-b697-51f526ca59a0	0190023b-c1a7-7366-be5f-77ea84d6f8d5	0190023b-c131-7953-be79-98eed72b10a9	0190023b-c131-7a12-85d6-4283e13040ae	88bf0f69-fa06-4d42-8e13-b076d9d9a2cc	018e61da-976d-7fca-9165-3e872014d47f	2024-06-10 14:59:49.030804+02	\N	SINGLE_VALUE	\N	\N	\N	af2bef00-87ba-4c7c-a927-916d5f03ce94
0190023c-a0ed-76bb-b374-5447fe0b2688	0190023c-a0ed-7d31-9a4b-0cd7e3db8df3	0190023c-a096-7c89-9bf5-7c9ca7387035	0190023c-a096-7bd7-8aed-5bc4bfbc0a33	88bf0f69-fa06-4d42-8e13-b076d9d9a2cc	018e61da-976d-7fca-9165-3e872014d47f	2024-06-10 15:00:46.18956+02	\N	SINGLE_VALUE	\N	\N	\N	af2bef00-87ba-4c7c-a927-916d5f03ce94
0190023e-8e5b-7347-bb49-740a29fe543d	0190023e-8e5b-7429-8dad-e3b1c94fbcc2	0190023e-8de3-7187-b933-0561573ba702	0190023e-8de3-7c06-b9c3-db8ff8f2dbef	88bf0f69-fa06-4d42-8e13-b076d9d9a2cc	018e61da-976d-7fca-9165-3e872014d47f	2024-06-10 15:02:52.507089+02	\N	SINGLE_VALUE	\N	\N	\N	af2bef00-87ba-4c7c-a927-916d5f03ce94
01900243-8883-797e-9378-ed785fdec0c0	01900243-8883-7318-adb8-b5a8f593e977	01900243-87f4-7f73-80d6-3837a993a75d	01900243-87f4-7128-be39-608e2ee91e40	88bf0f69-fa06-4d42-8e13-b076d9d9a2cc	018e61da-976d-7fca-9165-3e872014d47f	2024-06-10 15:08:18.69082+02	\N	SINGLE_VALUE	\N	\N	\N	af2bef00-87ba-4c7c-a927-916d5f03ce94
01900244-c346-7336-821a-2db4e0f5263e	01900244-c346-7c45-bac6-4e5dd960eb6e	01900244-c2e1-7bd7-85ea-132c3f1c63c1	01900244-c2e1-7719-adbb-01ec2d2ca73b	88bf0f69-fa06-4d42-8e13-b076d9d9a2cc	018e61da-976d-7fca-9165-3e872014d47f	2024-06-10 15:09:39.270185+02	\N	SINGLE_VALUE	\N	\N	\N	af2bef00-87ba-4c7c-a927-916d5f03ce94
019002d0-5c29-711f-99f8-b30dd2a0a407	019002d0-5c29-7dac-9545-cb5b144d389c	019002d0-5bf1-7e8c-8ec8-acf5b4ca6c57	019002d0-5bf1-7807-8a77-528f6e58bc15	88bf0f69-fa06-4d42-8e13-b076d9d9a2cc	018e61da-976d-7fca-9165-3e872014d47f	2024-06-10 17:42:07.913108+02	\N	SINGLE_VALUE	\N	\N	\N	af2bef00-87ba-4c7c-a927-916d5f03ce94
019002d3-0d1f-7468-8d0f-fb11253d238a	019002d3-0d1f-7cac-a548-c2e7a5e9bf5e	019002d3-0ce8-781c-a8fc-b01925c826dd	019002d3-0ce8-7d9c-bdd5-5213ff89182c	88bf0f69-fa06-4d42-8e13-b076d9d9a2cc	018e61da-976d-7fca-9165-3e872014d47f	2024-06-10 17:45:04.287558+02	\N	SINGLE_VALUE	\N	\N	\N	af2bef00-87ba-4c7c-a927-916d5f03ce94
019002d4-a036-74c9-8cf0-1ca4f47c712e	019002d4-a036-7340-825e-80cf66a2f638	019002d4-a001-723a-b300-9be7be1a2388	019002d4-a001-747a-8c82-b37feb482e6c	88bf0f69-fa06-4d42-8e13-b076d9d9a2cc	018e61da-976d-7fca-9165-3e872014d47f	2024-06-10 17:46:47.47868+02	\N	SINGLE_VALUE	\N	\N	\N	af2bef00-87ba-4c7c-a927-916d5f03ce94
01900396-86af-7d19-88bc-f26685b1d46a	01900396-86ae-7ee8-b684-0cb312e015c2	01900396-85e8-7c96-b65f-d28fbcc818c5	01900396-85df-7af3-8ef0-5ba3eff61f8c	88bf0f69-fa06-4d42-8e13-b076d9d9a2cc	018e61da-976d-7fca-9165-3e872014d47f	2024-06-10 21:18:34.926241+02	\N	SINGLE_VALUE	\N	\N	\N	af2bef00-87ba-4c7c-a927-916d5f03ce94
01900397-bc0f-7340-82ff-111a84e2046f	01900397-bc0e-744c-8eff-29d94d28a22a	01900397-bbc5-79c9-8649-2aa88b80c0ad	01900397-bbc5-7b9f-a282-6c9d3cf92918	88bf0f69-fa06-4d42-8e13-b076d9d9a2cc	018e61da-976d-7fca-9165-3e872014d47f	2024-06-10 21:19:54.126718+02	\N	SINGLE_VALUE	\N	\N	\N	af2bef00-87ba-4c7c-a927-916d5f03ce94
01900718-0465-756b-ad14-7cb2c9cdc159	01900718-0464-77f7-ac93-2991bd617cf4	01900718-038f-7df4-aa65-d08711df5560	01900718-0385-720e-a32d-93fb5460794d	88bf0f69-fa06-4d42-8e13-b076d9d9a2cc	018e61da-976d-7fca-9165-3e872014d47f	2024-06-11 13:38:52.900787+02	\N	SINGLE_VALUE	\N	\N	\N	af2bef00-87ba-4c7c-a927-916d5f03ce94
0190071a-0b00-70c4-8dd7-aa7c850f7613	0190071a-0b00-74d5-b36e-53189c7f6f8e	0190071a-0a6d-7d5a-997c-921894749875	0190071a-0a6c-7c5d-9b84-aa8d6ca15254	88bf0f69-fa06-4d42-8e13-b076d9d9a2cc	018e61da-976d-7fca-9165-3e872014d47f	2024-06-11 13:41:05.664188+02	\N	SINGLE_VALUE	\N	\N	\N	af2bef00-87ba-4c7c-a927-916d5f03ce94
0190071e-f4e6-746a-adf8-d7d5afa4b583	0190071e-f4e5-77c6-8a3d-a39ff03e63d3	0190071e-f432-70d2-b6d9-6324d07bdb52	0190071e-f431-7db5-8b40-05a407c843d7	88bf0f69-fa06-4d42-8e13-b076d9d9a2cc	018e61da-976d-7fca-9165-3e872014d47f	2024-06-11 13:46:27.685323+02	\N	SINGLE_VALUE	\N	\N	\N	af2bef00-87ba-4c7c-a927-916d5f03ce94
01900720-1d55-7ad6-ac04-7c105d2fa514	01900720-1d54-7689-8fb3-630a79926a8d	01900720-1c61-7a9d-a0b5-82019f724c5e	01900720-1c61-7e71-9ba0-d6c778638787	88bf0f69-fa06-4d42-8e13-b076d9d9a2cc	018e61da-976d-7fca-9165-3e872014d47f	2024-06-11 13:47:43.571783+02	\N	SINGLE_VALUE	\N	\N	\N	af2bef00-87ba-4c7c-a927-916d5f03ce94
01900721-eaf9-7d74-8d3e-c9500f8d6aaa	01900721-eaf9-7c20-8176-80997a5cfd0d	01900721-ea96-7813-b35c-953fddb9cf94	01900721-ea95-7f44-a2c5-6ba1dc3fe7e2	88bf0f69-fa06-4d42-8e13-b076d9d9a2cc	018e61da-976d-7fca-9165-3e872014d47f	2024-06-11 13:49:41.752899+02	\N	SINGLE_VALUE	\N	\N	\N	af2bef00-87ba-4c7c-a927-916d5f03ce94
01900726-5948-70f7-b939-dd010b22efa7	01900726-5948-7a16-8d23-4ac88a5d1b07	01900726-58cb-74a3-afce-f55083e0726f	01900726-58cb-74fd-94e9-053e33f756e3	88bf0f69-fa06-4d42-8e13-b076d9d9a2cc	018e61da-976d-7fca-9165-3e872014d47f	2024-06-11 13:54:32.135699+02	\N	SINGLE_VALUE	\N	\N	\N	af2bef00-87ba-4c7c-a927-916d5f03ce94
01900739-7164-7965-96ad-dd11bdc56c71	01900739-7164-7ba5-a7f7-fab730e9e0b8	01900739-7129-7cbf-b230-fcf393986e6d	01900739-7129-77e9-8d70-1702ef8d3554	88bf0f69-fa06-4d42-8e13-b076d9d9a2cc	018e61da-976d-7fca-9165-3e872014d47f	2024-06-11 14:15:23.492458+02	\N	SINGLE_VALUE	\N	\N	\N	af2bef00-87ba-4c7c-a927-916d5f03ce94
0190073a-0fe8-7c55-927e-5e9d47b4ed87	0190073a-0fe8-775a-b58a-af6f330087e2	0190073a-0fb2-70cc-ab49-14bcd488266d	0190073a-0fb2-7eb3-bc6d-c1c6cf149abd	88bf0f69-fa06-4d42-8e13-b076d9d9a2cc	018e61da-976d-7fca-9165-3e872014d47f	2024-06-11 14:16:04.072292+02	\N	SINGLE_VALUE	\N	\N	\N	af2bef00-87ba-4c7c-a927-916d5f03ce94
0190073b-bf00-7bb5-b979-8b624f58259a	0190073b-bf00-7149-b6cb-97feb0b387bc	0190073b-bed9-7144-a2b1-e14c1bf8738f	0190073b-bed8-7444-9aca-440e5f9dc283	88bf0f69-fa06-4d42-8e13-b076d9d9a2cc	018e61da-976d-7fca-9165-3e872014d47f	2024-06-11 14:17:54.432479+02	\N	SINGLE_VALUE	\N	\N	\N	af2bef00-87ba-4c7c-a927-916d5f03ce94
0190074b-9f1f-7476-a97d-b7fb1d2337b5	0190074b-9f1f-78c6-a689-114d9a992d47	0190074b-9ef5-77d8-a5a2-f023c68ac578	0190074b-9ef5-769d-8d06-9a2a1a79f838	88bf0f69-fa06-4d42-8e13-b076d9d9a2cc	018e61da-976d-7fca-9165-3e872014d47f	2024-06-11 14:35:14.84722+02	\N	SINGLE_VALUE	\N	\N	\N	af2bef00-87ba-4c7c-a927-916d5f03ce94
01900770-9c4f-7448-b7fe-5e1eaaff9feb	01900770-9c4f-79e8-9b96-5ab29d960bd2	01900770-9bec-77f8-89ca-41b649267114	01900770-9bec-72ff-a739-ab3ecf534b97	88bf0f69-fa06-4d42-8e13-b076d9d9a2cc	018e61da-976d-7fca-9165-3e872014d47f	2024-06-11 15:15:38.959034+02	\N	SINGLE_VALUE	\N	\N	\N	af2bef00-87ba-4c7c-a927-916d5f03ce94
01900771-39fc-7a42-a92b-7c5a27c88cf5	01900771-39fc-7384-904c-8d6012c3c627	01900771-39d3-7f5d-bd99-fc0f3dd1df30	01900771-39d3-7884-8357-e02efd68d272	88bf0f69-fa06-4d42-8e13-b076d9d9a2cc	018e61da-976d-7fca-9165-3e872014d47f	2024-06-11 15:16:19.324256+02	\N	SINGLE_VALUE	\N	\N	\N	af2bef00-87ba-4c7c-a927-916d5f03ce94
\.


--
-- Data for Name: project_plan_type_changelog; Type: TABLE DATA; Schema: diwi_testset; Owner: ali
--

COPY diwi_testset.project_plan_type_changelog (id, start_milestone_id, end_milestone_id, project_id, create_user_id, change_start_date, change_end_date, change_user_id) FROM stdin;
39033af1-82cb-435a-8110-a0bf08dba9a6	292414eb-4a4e-405c-954b-e01bb355bc9b	07f3a0ad-f76a-4dd9-b4c6-6eb8113968e0	466da5e2-c96f-4856-aa17-6b37a1c21edc	2122426c-6e70-419c-a054-f51dd24d798b	2024-01-16 19:06:32+01	\N	\N
2e2f280d-c12a-47cb-8776-fb9aba3f5902	1c155b85-29e3-4fec-85a2-96bda344fe8a	4237d087-3d45-4acf-a1a6-0a67b754608e	5c9fbb50-d8fd-480d-9e38-7f3b391d3110	2122426c-6e70-419c-a054-f51dd24d798b	2024-01-04 19:06:32+01	\N	\N
bdac729b-dc0b-49d1-af50-cbb2efcc661e	4237d087-3d45-4acf-a1a6-0a67b754608e	529ca978-1d23-418a-a94c-bd219454a587	5c9fbb50-d8fd-480d-9e38-7f3b391d3110	2122426c-6e70-419c-a054-f51dd24d798b	2024-01-04 19:06:32+01	\N	\N
a023428c-fa13-4a4f-8125-21a6855fb36b	ee3cbe15-7a5d-42c6-a807-0a7593a24d4f	7c6bfe67-6618-4a6a-9507-2cd15f88c11f	54a0c192-3454-4f7a-becd-96d214461987	2122426c-6e70-419c-a054-f51dd24d798b	2024-01-04 19:06:32+01	\N	\N
51648bc7-100b-4da8-ae69-5d5362f885f4	7c6bfe67-6618-4a6a-9507-2cd15f88c11f	342887ab-2106-45c4-9565-a4b83f4d3362	54a0c192-3454-4f7a-becd-96d214461987	2122426c-6e70-419c-a054-f51dd24d798b	2024-01-04 19:06:32+01	\N	\N
018e656d-d99f-7867-9012-1c5c38a4b043	018e656d-591d-7f2f-b8da-35cdf53a3eba	018e6566-7c86-76a1-a3f0-7434a7101fd3	018e6566-7c86-7689-a4cf-58f57a073d2a	018e61da-976d-7fca-9165-3e872014d47f	2024-03-22 10:11:21.753991+01	\N	\N
018e7b10-5686-752d-b132-59c3a2c0a1bd	018e7b10-5686-7916-b650-ded08b0f7335	018e7b10-5624-76e6-a531-626801bfa91e	018e7b10-5624-78a3-89c7-36e649258a50	018e61da-976d-7fca-9165-3e872014d47f	2024-03-26 15:00:52.10158+01	\N	\N
018e8545-8b01-70b2-8b73-0c28d91dad2b	018e8545-8b01-76a0-986e-ea296a6585a4	018e61e1-d225-712d-8838-a08bd94a89a9	018e61e1-d224-76dd-95aa-4fa7dfe22816	018e61da-976d-7fca-9165-3e872014d47f	2024-03-28 14:35:11.101516+01	\N	\N
018e8584-eec6-7a86-a502-5c9bb7e81c07	018e8582-c9d0-736c-aa60-acd8567eb28e	018e8582-c988-75e9-8d7c-7ded79862e13	018e8582-c988-7609-b68d-8c2956410c2f	018e61da-976d-7fca-9165-3e872014d47f	2024-03-28 15:44:25.410793+01	\N	\N
018e8584-eec7-7182-bca1-b13ee4208614	018e8582-c9e0-7234-92e3-9e11c0ae60c3	018e8582-c9d0-736c-aa60-acd8567eb28e	018e8582-c988-7609-b68d-8c2956410c2f	018e61da-976d-7fca-9165-3e872014d47f	2024-03-28 15:44:25.410793+01	\N	\N
018e8582-c9e0-7b62-9d94-d6a6c5db5e74	018e8582-c9e0-7234-92e3-9e11c0ae60c3	018e8582-c988-75e9-8d7c-7ded79862e13	018e8582-c988-7609-b68d-8c2956410c2f	018e61da-976d-7fca-9165-3e872014d47f	2024-03-28 15:42:04.890127+01	2024-03-28 15:44:25.410793+01	018e61da-976d-7fca-9165-3e872014d47f
018f5359-522e-77ec-be15-c0ee55f7664b	018e6aca-379a-7459-a74a-694d231c0161	018e6ac9-8d17-7efa-bbe3-89e7d2be12f1	018e6ac9-8d17-7b67-a4af-37004a445073	018e61da-976d-7fca-9165-3e872014d47f	2024-05-07 15:58:33.757273+02	\N	\N
018e6b06-4cbc-7e61-a960-6e87be40912e	018e6aca-379a-7459-a74a-694d231c0161	018e6ac9-8d17-7efa-bbe3-89e7d2be12f1	018e6ac9-8d17-7b67-a4af-37004a445073	018e61da-976d-7fca-9165-3e872014d47f	2024-03-23 12:15:58.775121+01	2024-05-07 15:58:33.757273+02	018e61da-976d-7fca-9165-3e872014d47f
018ff304-7e52-7da0-855f-725f216caf3c	018ff304-7e51-7e06-a3e0-81a188f8300f	018ff304-7d21-766b-b6e2-be579294e95a	018ff304-7d21-7752-a794-30ab79bfa7d6	018e61da-976d-7fca-9165-3e872014d47f	2024-06-07 16:05:09.062507+02	\N	\N
018ff305-95d5-77e7-8632-3778a4f4fe2a	018ff305-95d5-76e6-90ff-0e359d6d1076	018ff305-952d-713e-9162-c0123338a6f8	018ff305-952c-70bc-966a-3b8b418f0975	018e61da-976d-7fca-9165-3e872014d47f	2024-06-07 16:06:20.627051+02	\N	\N
018ff307-5b4c-70b3-9dc3-6efdeb9c00e6	018ff307-5b4b-7cf9-83e5-243cadbf9bd5	018ff307-5a89-7292-82e4-8f50f9f77745	018ff307-5a88-7743-9b71-f327c122200d	018e61da-976d-7fca-9165-3e872014d47f	2024-06-07 16:08:16.710491+02	\N	\N
01900157-caed-7520-b8a2-711462221aba	01900157-caed-72a8-8e25-ce83938fd491	01900157-ca25-7dc8-bb36-c841a9241938	01900157-ca1a-7d0c-9ef0-376765909310	018e61da-976d-7fca-9165-3e872014d47f	2024-06-10 10:50:49.188523+02	\N	\N
01900165-e46e-76f4-91b2-ab8ceff36f86	01900165-e46e-7352-9b3c-22e17e1386d5	01900165-e3fe-70d9-b539-c8405ea64113	01900165-e3fd-7c77-ac6c-c407670e7452	018e61da-976d-7fca-9165-3e872014d47f	2024-06-10 11:06:13.229018+02	\N	\N
0190016a-0323-79e3-b73d-7d7f1c1dafb7	0190016a-0323-7750-b1d6-0bb8854465eb	0190016a-02ae-7373-8929-adebadf90178	0190016a-02ae-737d-a612-d920568bca3b	018e61da-976d-7fca-9165-3e872014d47f	2024-06-10 11:10:43.23416+02	\N	\N
01900171-58b3-7624-a676-004465746341	01900171-58b3-76d4-9ecb-7c824e7bde5d	01900171-5864-7808-a239-7740b4220610	01900171-5864-7a14-824f-be47f3665a75	018e61da-976d-7fca-9165-3e872014d47f	2024-06-10 11:18:43.890022+02	\N	\N
01900176-e611-7a1c-8b4c-b706ee23b1aa	01900176-e611-7653-a21f-cee383b3e5ca	01900176-e5be-7162-bc06-db4905311c7d	01900176-e5bd-7400-ae7c-4d930bf27269	018e61da-976d-7fca-9165-3e872014d47f	2024-06-10 11:24:47.759775+02	\N	\N
01900177-7e22-7b53-a1d0-cad48d83f5f4	01900177-7e22-75f9-9313-e84af22854e1	01900177-7db9-747b-aca7-061b68519e6d	01900177-7db9-740f-a139-ed6a0806272a	018e61da-976d-7fca-9165-3e872014d47f	2024-06-10 11:25:26.68889+02	\N	\N
01900178-a3a6-710f-b7a4-1d550627b7be	01900178-a3a6-7381-a2d3-8241ed5fade4	01900178-a338-7571-aadd-ef3813865c2b	01900178-a338-70b9-9b0a-81e8a41253ec	018e61da-976d-7fca-9165-3e872014d47f	2024-06-10 11:26:41.829464+02	\N	\N
019001ea-7331-71e6-bac7-db6dde5c0970	019001ea-7331-7d17-8939-8622a12cbe8b	019001ea-72f6-75c6-bb29-7d0abd55b937	019001ea-72f5-7b13-b0d5-8e20a4977a6d	018e61da-976d-7fca-9165-3e872014d47f	2024-06-10 13:31:00.527903+02	\N	\N
0190020d-c92d-70e5-9e22-0de63847acba	0190020d-c92c-7941-8672-de6b6948dfc4	0190020d-c8ce-7936-91c7-70f60caecb92	0190020d-c8ce-70ed-88a5-9ae4f3c087ce	018e61da-976d-7fca-9165-3e872014d47f	2024-06-10 14:09:36.298295+02	\N	\N
0190020f-6da9-70f9-b2ff-f6d12b050cad	0190020f-6da9-7dc4-8dd3-8b5514ea0bae	0190020f-6d3c-7ea2-8833-27d0cdf84e7d	0190020f-6d3c-752e-b3b7-0f83b9e60a24	018e61da-976d-7fca-9165-3e872014d47f	2024-06-10 14:11:23.943144+02	\N	\N
01900211-de8c-7e77-abdb-f0fad00289a7	01900211-de8b-784b-9716-bc76fe8757e0	01900211-de2f-7bd0-a1dd-f0c71fd3159b	01900211-de2f-7205-bb11-a533725f0a76	018e61da-976d-7fca-9165-3e872014d47f	2024-06-10 14:14:03.91458+02	\N	\N
01900214-f7e1-79e8-86e4-68fc2d20b31e	01900214-f7e1-7076-9437-bb9255ca25b8	01900214-f7a6-743b-82ea-fa0104487a2f	01900214-f7a6-7010-8f57-f9814011b9f1	018e61da-976d-7fca-9165-3e872014d47f	2024-06-10 14:17:27.009105+02	\N	\N
01900217-9e83-757e-ae73-91d3b10f8816	01900217-9e82-7370-a388-498be9bb4f6f	01900217-9e32-7722-b0af-97054561a36a	01900217-9e32-7c67-b81b-91397d61fc23	018e61da-976d-7fca-9165-3e872014d47f	2024-06-10 14:20:20.732493+02	\N	\N
0190021b-01f7-7e15-acc4-bc33ea52bf8e	0190021b-01f7-7756-abc0-b9f78690421c	0190021b-01bb-74e4-8d58-ed3f0edd01d3	0190021b-01bb-7c50-9e55-497351217413	018e61da-976d-7fca-9165-3e872014d47f	2024-06-10 14:24:02.802142+02	\N	\N
0190021f-5633-771c-9782-7df4a7f33188	0190021f-5632-760d-8b6e-1b05570b9c0d	0190021f-55fa-7cde-8f03-ac35f9d99ea9	0190021f-55fa-7682-af92-3c52a4bb73ce	018e61da-976d-7fca-9165-3e872014d47f	2024-06-10 14:28:46.512699+02	\N	\N
0190022e-f018-775f-b6f8-f9bee45d3fce	0190022e-f018-7082-a6cf-e7297b7e9dd1	0190022e-efde-7c0a-b9d3-2f701b274cec	0190022e-efdd-7be0-9c18-ec420b3a5e99	018e61da-976d-7fca-9165-3e872014d47f	2024-06-10 14:45:48.951328+02	\N	\N
0190022f-f615-7315-9d90-8fcd74164bfd	0190022f-f614-770b-b491-a8107694964d	0190022f-f5d8-78cb-81c9-778ee623b08d	0190022f-f5d8-7594-864a-7cb144468b2a	018e61da-976d-7fca-9165-3e872014d47f	2024-06-10 14:46:56.019543+02	\N	\N
01900231-0299-7aa8-99f1-e4d4852b4e37	01900231-0298-712c-a3f9-7b8fcbaa31c8	01900231-0260-74e3-914f-14fc7ce2d589	01900231-0260-75a2-a203-0537371f6303	018e61da-976d-7fca-9165-3e872014d47f	2024-06-10 14:48:04.75648+02	\N	\N
01900231-c07a-791c-beb4-feab03d7f9b8	01900231-c07a-7bd1-94c9-16840a2dcf6f	01900231-c01d-7cbc-991d-291b604242b6	01900231-c01d-790d-a094-d8749aaf6ec2	018e61da-976d-7fca-9165-3e872014d47f	2024-06-10 14:48:53.369811+02	\N	\N
01900232-5c35-7dcc-9e21-a3929c748bd4	01900232-5c35-7920-b002-e4dd86771999	01900232-5bf2-7dda-a25a-490fd391a4cf	01900232-5bf1-7892-83ea-6d02c5dddca1	018e61da-976d-7fca-9165-3e872014d47f	2024-06-10 14:49:33.236834+02	\N	\N
0190023a-e3ec-780e-a29e-2cf168230ffc	0190023a-e3eb-7ee6-b7b9-f8859e9e03cf	0190023a-e370-7fec-8e41-2fafd29a191e	0190023a-e36f-746b-b42b-11164ab3d23e	018e61da-976d-7fca-9165-3e872014d47f	2024-06-10 14:58:52.267425+02	\N	\N
0190023b-c1a3-7348-8d07-25bf6b457d34	0190023b-c1a3-70d7-ae90-e352bfa8716d	0190023b-c131-7953-be79-98eed72b10a9	0190023b-c131-7a12-85d6-4283e13040ae	018e61da-976d-7fca-9165-3e872014d47f	2024-06-10 14:59:49.025081+02	\N	\N
0190023c-a0eb-7363-afbe-5f719d35e171	0190023c-a0eb-7712-a98a-6e0b2d650f71	0190023c-a096-7c89-9bf5-7c9ca7387035	0190023c-a096-7bd7-8aed-5bc4bfbc0a33	018e61da-976d-7fca-9165-3e872014d47f	2024-06-10 15:00:46.186793+02	\N	\N
0190023e-8e57-7e5b-add1-8a54fce12e1a	0190023e-8e57-782d-ba7c-d5f69ac1b6ec	0190023e-8de3-7187-b933-0561573ba702	0190023e-8de3-7c06-b9c3-db8ff8f2dbef	018e61da-976d-7fca-9165-3e872014d47f	2024-06-10 15:02:52.502377+02	\N	\N
01900243-887b-75a4-94d6-ae390c7b4362	01900243-887b-7ebf-87ff-69a33dad8465	01900243-87f4-7f73-80d6-3837a993a75d	01900243-87f4-7128-be39-608e2ee91e40	018e61da-976d-7fca-9165-3e872014d47f	2024-06-10 15:08:18.681712+02	\N	\N
01900244-c342-7239-b315-582f2b4bb4b0	01900244-c342-72a5-8515-87b2ce7aa049	01900244-c2e1-7bd7-85ea-132c3f1c63c1	01900244-c2e1-7719-adbb-01ec2d2ca73b	018e61da-976d-7fca-9165-3e872014d47f	2024-06-10 15:09:39.264927+02	\N	\N
019002d0-5c26-7824-a00c-5e891c69a93c	019002d0-5c26-7196-83dd-a3cc7479b4e3	019002d0-5bf1-7e8c-8ec8-acf5b4ca6c57	019002d0-5bf1-7807-8a77-528f6e58bc15	018e61da-976d-7fca-9165-3e872014d47f	2024-06-10 17:42:07.909929+02	\N	\N
019002d3-0d1b-7dee-ae55-4add66c77acf	019002d3-0d1b-7873-a400-87ac79b7a492	019002d3-0ce8-781c-a8fc-b01925c826dd	019002d3-0ce8-7d9c-bdd5-5213ff89182c	018e61da-976d-7fca-9165-3e872014d47f	2024-06-10 17:45:04.283221+02	\N	\N
019002d4-a030-7903-8061-dc209b06abb3	019002d4-a030-7f4c-b65d-51d7b53be98d	019002d4-a001-723a-b300-9be7be1a2388	019002d4-a001-747a-8c82-b37feb482e6c	018e61da-976d-7fca-9165-3e872014d47f	2024-06-10 17:46:47.471281+02	\N	\N
01900396-86a3-7878-a7fa-a6e319958da8	01900396-86a3-70a5-8712-8dc945000802	01900396-85e8-7c96-b65f-d28fbcc818c5	01900396-85df-7af3-8ef0-5ba3eff61f8c	018e61da-976d-7fca-9165-3e872014d47f	2024-06-10 21:18:34.911754+02	\N	\N
01900397-bc0b-72ce-89b3-d99a333f89ab	01900397-bc0b-7c9d-976f-0bbf8cb07b5b	01900397-bbc5-79c9-8649-2aa88b80c0ad	01900397-bbc5-7b9f-a282-6c9d3cf92918	018e61da-976d-7fca-9165-3e872014d47f	2024-06-10 21:19:54.122186+02	\N	\N
01900718-045c-799a-b310-716af2fe7613	01900718-045c-7b1d-be7e-8cb93aa21747	01900718-038f-7df4-aa65-d08711df5560	01900718-0385-720e-a32d-93fb5460794d	018e61da-976d-7fca-9165-3e872014d47f	2024-06-11 13:38:52.889576+02	\N	\N
0190071a-0af7-7426-84e1-910523f88e5a	0190071a-0af7-70f8-85a3-bcc2b58ee31a	0190071a-0a6d-7d5a-997c-921894749875	0190071a-0a6c-7c5d-9b84-aa8d6ca15254	018e61da-976d-7fca-9165-3e872014d47f	2024-06-11 13:41:05.653711+02	\N	\N
0190071e-f4da-7501-af67-3fd996799dbc	0190071e-f4da-7ba6-beac-44dc588b58c1	0190071e-f432-70d2-b6d9-6324d07bdb52	0190071e-f431-7db5-8b40-05a407c843d7	018e61da-976d-7fca-9165-3e872014d47f	2024-06-11 13:46:27.671186+02	\N	\N
01900720-1d4d-7965-a645-b6df4fda7abf	01900720-1d4d-7095-9e6b-875063485d18	01900720-1c61-7a9d-a0b5-82019f724c5e	01900720-1c61-7e71-9ba0-d6c778638787	018e61da-976d-7fca-9165-3e872014d47f	2024-06-11 13:47:43.559364+02	\N	\N
01900721-eaf1-7c08-b2a0-9719b79e4fbf	01900721-eaf0-73c9-b708-9f98d5934035	01900721-ea96-7813-b35c-953fddb9cf94	01900721-ea95-7f44-a2c5-6ba1dc3fe7e2	018e61da-976d-7fca-9165-3e872014d47f	2024-06-11 13:49:41.740298+02	\N	\N
01900726-593e-7010-8626-5b7605d2c72f	01900726-593d-774b-ae93-30866ed6ac96	01900726-58cb-74a3-afce-f55083e0726f	01900726-58cb-74fd-94e9-053e33f756e3	018e61da-976d-7fca-9165-3e872014d47f	2024-06-11 13:54:32.122292+02	\N	\N
01900739-7161-73e5-b74b-121be486b15a	01900739-7161-7079-8f3f-43078255be13	01900739-7129-7cbf-b230-fcf393986e6d	01900739-7129-77e9-8d70-1702ef8d3554	018e61da-976d-7fca-9165-3e872014d47f	2024-06-11 14:15:23.488487+02	\N	\N
0190073a-0fe4-7c97-a512-fb19225db013	0190073a-0fe4-7ed0-9feb-3a380f9df600	0190073a-0fb2-70cc-ab49-14bcd488266d	0190073a-0fb2-7eb3-bc6d-c1c6cf149abd	018e61da-976d-7fca-9165-3e872014d47f	2024-06-11 14:16:04.066982+02	\N	\N
0190073b-befd-77d0-9ccc-0bda9f4338f7	0190073b-befd-770d-bbea-8c9fc03736b5	0190073b-bed9-7144-a2b1-e14c1bf8738f	0190073b-bed8-7444-9aca-440e5f9dc283	018e61da-976d-7fca-9165-3e872014d47f	2024-06-11 14:17:54.428403+02	\N	\N
0190074b-9f1c-7995-af49-8c2e3c432d9c	0190074b-9f1c-73d4-ad7c-3dbeb8eb1a3f	0190074b-9ef5-77d8-a5a2-f023c68ac578	0190074b-9ef5-769d-8d06-9a2a1a79f838	018e61da-976d-7fca-9165-3e872014d47f	2024-06-11 14:35:14.844064+02	\N	\N
01900770-9c49-7675-b9c3-912b30d95814	01900770-9c49-74c0-ac6a-dfc6dbb3e0bb	01900770-9bec-77f8-89ca-41b649267114	01900770-9bec-72ff-a739-ab3ecf534b97	018e61da-976d-7fca-9165-3e872014d47f	2024-06-11 15:15:38.948916+02	\N	\N
01900771-39f9-7339-addf-34e3586f9208	01900771-39f8-7296-b0d0-c0ce2690e017	01900771-39d3-7f5d-bd99-fc0f3dd1df30	01900771-39d3-7884-8357-e02efd68d272	018e61da-976d-7fca-9165-3e872014d47f	2024-06-11 15:16:19.320424+02	\N	\N
\.


--
-- Data for Name: project_plan_type_changelog_value; Type: TABLE DATA; Schema: diwi_testset; Owner: ali
--

COPY diwi_testset.project_plan_type_changelog_value (id, changelog_id, plan_type) FROM stdin;
4064d78b-94d6-4c75-9e6a-9890fbef6837	39033af1-82cb-435a-8110-a0bf08dba9a6	PAND_TRANSFORMATIE
cc7afaa1-bb20-43c2-97a8-323255bb6914	39033af1-82cb-435a-8110-a0bf08dba9a6	HERSTRUCTURERING
798f46e7-86b0-4e2e-bdbf-689d6deaa3fc	39033af1-82cb-435a-8110-a0bf08dba9a6	UITBREIDING_OVERIG
3762c0fa-058b-4403-a071-8b1a48c76cc9	2e2f280d-c12a-47cb-8776-fb9aba3f5902	PAND_TRANSFORMATIE
e74a26cb-4e5f-404a-a8d0-bd040abacf61	2e2f280d-c12a-47cb-8776-fb9aba3f5902	HERSTRUCTURERING
c43fe772-a62b-4df4-b882-86af321ee15a	bdac729b-dc0b-49d1-af50-cbb2efcc661e	PAND_TRANSFORMATIE
0b324ae1-32de-4815-9356-cc8eeffafc9e	bdac729b-dc0b-49d1-af50-cbb2efcc661e	UITBREIDING_OVERIG
ccb26363-f881-455e-86df-d050388a5b19	a023428c-fa13-4a4f-8125-21a6855fb36b	HERSTRUCTURERING
5fc2b026-98a8-40f2-a3fb-8a2f63edebe9	a023428c-fa13-4a4f-8125-21a6855fb36b	PAND_TRANSFORMATIE
57ffa27e-046d-46a0-95a7-42ca99e94b9b	51648bc7-100b-4da8-ae69-5d5362f885f4	UITBREIDING_OVERIG
018e656d-d9a0-7b6f-bb91-d006b1cf83c0	018e656d-d99f-7867-9012-1c5c38a4b043	UITBREIDING_UITLEG
018e656d-d9a0-757b-b095-eb3473f35346	018e656d-d99f-7867-9012-1c5c38a4b043	HERSTRUCTURERING
018e6b06-4cbc-7451-8aa7-156afd0f2d14	018e6b06-4cbc-7e61-a960-6e87be40912e	UITBREIDING_UITLEG
018e6b06-4cbc-766e-bb6e-12cd917234f7	018e6b06-4cbc-7e61-a960-6e87be40912e	PAND_TRANSFORMATIE
018e6b06-4cbc-7072-a4d3-236e1a4e84cb	018e6b06-4cbc-7e61-a960-6e87be40912e	UITBREIDING_OVERIG
018e6b06-4cbc-7f8e-86d0-8e5fbb15f3e3	018e6b06-4cbc-7e61-a960-6e87be40912e	HERSTRUCTURERING
018e7b10-5687-7f09-b870-41a16770c50f	018e7b10-5686-752d-b132-59c3a2c0a1bd	HERSTRUCTURERING
018e8545-8b02-75f2-b5fc-b65fde2ca5aa	018e8545-8b01-70b2-8b73-0c28d91dad2b	HERSTRUCTURERING
018e8582-c9e1-7cc5-8fba-c4f8bf84af5b	018e8582-c9e0-7b62-9d94-d6a6c5db5e74	HERSTRUCTURERING
018e8584-eec7-7252-a8ff-72ef250b9b56	018e8584-eec6-7a86-a502-5c9bb7e81c07	UITBREIDING_OVERIG
018e8584-eec7-79db-acfa-aa5d3bd416f8	018e8584-eec6-7a86-a502-5c9bb7e81c07	UITBREIDING_UITLEG
018e8584-eec7-7ddf-846d-70de0d2a33fb	018e8584-eec6-7a86-a502-5c9bb7e81c07	HERSTRUCTURERING
018e8584-eec7-7266-9299-714d58ca8a64	018e8584-eec7-7182-bca1-b13ee4208614	HERSTRUCTURERING
018f5359-5236-7c9b-8216-14d4faf8d424	018f5359-522e-77ec-be15-c0ee55f7664b	HERSTRUCTURERING
018f5359-5236-75a9-9039-68c3683014dc	018f5359-522e-77ec-be15-c0ee55f7664b	VERDICHTING
018f5359-5236-7c30-999b-12c91a5e595c	018f5359-522e-77ec-be15-c0ee55f7664b	UITBREIDING_UITLEG
018f5359-5236-7f6c-90ec-3c74d3863be6	018f5359-522e-77ec-be15-c0ee55f7664b	UITBREIDING_OVERIG
018f5359-5236-7529-978b-6692c06d0b28	018f5359-522e-77ec-be15-c0ee55f7664b	PAND_TRANSFORMATIE
018ff304-7e52-78b0-adf8-bdb0f7134f31	018ff304-7e52-7da0-855f-725f216caf3c	VERDICHTING
018ff305-95d5-73f3-8ffa-43ed2a5e8110	018ff305-95d5-77e7-8632-3778a4f4fe2a	VERDICHTING
018ff307-5b4c-7112-8081-29211a4f5a4a	018ff307-5b4c-70b3-9dc3-6efdeb9c00e6	VERDICHTING
01900157-caed-7bf6-810b-753045e33b35	01900157-caed-7520-b8a2-711462221aba	VERDICHTING
01900165-e46e-7802-8b93-4d743c19bc27	01900165-e46e-76f4-91b2-ab8ceff36f86	VERDICHTING
0190016a-0323-7498-84ae-a7fde20de8ca	0190016a-0323-79e3-b73d-7d7f1c1dafb7	VERDICHTING
01900171-58b3-7487-892d-d831eef55fb8	01900171-58b3-7624-a676-004465746341	VERDICHTING
01900176-e611-704d-a465-d1c97af14382	01900176-e611-7a1c-8b4c-b706ee23b1aa	VERDICHTING
01900177-7e22-7055-98ee-54d1680a4326	01900177-7e22-7b53-a1d0-cad48d83f5f4	VERDICHTING
01900178-a3a6-7b66-b6d6-8cf7e34669ec	01900178-a3a6-710f-b7a4-1d550627b7be	VERDICHTING
019001ea-7331-7646-8536-81c46edcf528	019001ea-7331-71e6-bac7-db6dde5c0970	VERDICHTING
0190020d-c92d-71e4-ae2b-434e6c507c20	0190020d-c92d-70e5-9e22-0de63847acba	VERDICHTING
0190020f-6da9-7a27-8484-47d2e20692a3	0190020f-6da9-70f9-b2ff-f6d12b050cad	VERDICHTING
01900211-de8c-7da7-8901-8bb1d1f86db0	01900211-de8c-7e77-abdb-f0fad00289a7	VERDICHTING
01900214-f7e2-701e-81fd-6e3ff5c01336	01900214-f7e1-79e8-86e4-68fc2d20b31e	VERDICHTING
01900217-9e83-7ad0-bb60-3ed05e15d17f	01900217-9e83-757e-ae73-91d3b10f8816	VERDICHTING
0190021b-01f7-739a-87f3-48fa46950154	0190021b-01f7-7e15-acc4-bc33ea52bf8e	VERDICHTING
0190021f-5633-7071-ad9a-4e4143db383a	0190021f-5633-771c-9782-7df4a7f33188	VERDICHTING
0190022e-f018-777a-8a4e-efea2c05cca1	0190022e-f018-775f-b6f8-f9bee45d3fce	VERDICHTING
0190022f-f615-713e-b254-75e08b00401e	0190022f-f615-7315-9d90-8fcd74164bfd	VERDICHTING
01900231-0299-7715-875d-5fca931aac11	01900231-0299-7aa8-99f1-e4d4852b4e37	VERDICHTING
01900231-c07b-778c-bf59-e4674c63cbbd	01900231-c07a-791c-beb4-feab03d7f9b8	VERDICHTING
01900232-5c35-75cd-97d0-e43065ba3ce0	01900232-5c35-7dcc-9e21-a3929c748bd4	VERDICHTING
0190023a-e3ec-7f24-9cf7-0ecd4198a6eb	0190023a-e3ec-780e-a29e-2cf168230ffc	VERDICHTING
0190023b-c1a3-751c-8fa4-9347c20360da	0190023b-c1a3-7348-8d07-25bf6b457d34	VERDICHTING
0190023c-a0eb-7c39-ad11-07b48f77de71	0190023c-a0eb-7363-afbe-5f719d35e171	VERDICHTING
0190023e-8e57-70df-9f99-0bc1cc49e11b	0190023e-8e57-7e5b-add1-8a54fce12e1a	VERDICHTING
01900243-887b-7e2f-b7fb-de78b77fb65e	01900243-887b-75a4-94d6-ae390c7b4362	VERDICHTING
01900244-c342-7ad7-b1d2-39703f3fe3c3	01900244-c342-7239-b315-582f2b4bb4b0	VERDICHTING
019002d0-5c26-75c5-9f69-09543f73c726	019002d0-5c26-7824-a00c-5e891c69a93c	VERDICHTING
019002d3-0d1b-74f6-99c2-0daa01cd9971	019002d3-0d1b-7dee-ae55-4add66c77acf	VERDICHTING
019002d4-a030-7ec3-b65d-0292a13756d9	019002d4-a030-7903-8061-dc209b06abb3	VERDICHTING
01900396-86a3-78a6-9393-fa8d7ff07f11	01900396-86a3-7878-a7fa-a6e319958da8	VERDICHTING
01900397-bc0b-72cc-b6cf-eb0a03f5049d	01900397-bc0b-72ce-89b3-d99a333f89ab	VERDICHTING
01900718-045c-7124-8b95-468719f7ba37	01900718-045c-799a-b310-716af2fe7613	VERDICHTING
0190071a-0af7-7afb-8e5d-308fbc459f40	0190071a-0af7-7426-84e1-910523f88e5a	VERDICHTING
0190071e-f4da-7c7a-aa67-5096317fed6f	0190071e-f4da-7501-af67-3fd996799dbc	VERDICHTING
01900720-1d4d-75ee-a74e-d75fcf71330c	01900720-1d4d-7965-a645-b6df4fda7abf	VERDICHTING
01900721-eaf1-79d6-be9b-2ce903685cc9	01900721-eaf1-7c08-b2a0-9719b79e4fbf	VERDICHTING
01900726-593e-72a3-ad82-a121d8174118	01900726-593e-7010-8626-5b7605d2c72f	VERDICHTING
01900739-7161-7de0-9aed-e47e173fac25	01900739-7161-73e5-b74b-121be486b15a	VERDICHTING
0190073a-0fe4-7fcf-b218-08ba4744eb28	0190073a-0fe4-7c97-a512-fb19225db013	VERDICHTING
0190073b-befd-74a4-abb3-6e57de963b2f	0190073b-befd-77d0-9ccc-0bda9f4338f7	VERDICHTING
0190074b-9f1c-7cad-9a5a-0bc8ec5a4bf5	0190074b-9f1c-7995-af49-8c2e3c432d9c	VERDICHTING
01900770-9c4a-7ca8-b800-e72443084e2e	01900770-9c49-7675-b9c3-912b30d95814	VERDICHTING
01900771-39f9-70a4-a803-0931006e82c6	01900771-39f9-7339-addf-34e3586f9208	VERDICHTING
\.


--
-- Data for Name: project_planologische_planstatus_changelog; Type: TABLE DATA; Schema: diwi_testset; Owner: ali
--

COPY diwi_testset.project_planologische_planstatus_changelog (id, start_milestone_id, end_milestone_id, project_id, create_user_id, change_start_date, change_end_date, change_user_id) FROM stdin;
4029f955-d129-4f8a-b974-fe0f41927315	292414eb-4a4e-405c-954b-e01bb355bc9b	07f3a0ad-f76a-4dd9-b4c6-6eb8113968e0	466da5e2-c96f-4856-aa17-6b37a1c21edc	2122426c-6e70-419c-a054-f51dd24d798b	2024-01-16 19:06:32+01	\N	\N
9d6db690-fc2c-438a-bd46-6baa54e48a5e	7c6bfe67-6618-4a6a-9507-2cd15f88c11f	342887ab-2106-45c4-9565-a4b83f4d3362	54a0c192-3454-4f7a-becd-96d214461987	2122426c-6e70-419c-a054-f51dd24d798b	2024-01-04 19:06:32+01	\N	\N
ce37c83a-e6f7-478e-86e0-743a3d5696c4	4237d087-3d45-4acf-a1a6-0a67b754608e	529ca978-1d23-418a-a94c-bd219454a587	5c9fbb50-d8fd-480d-9e38-7f3b391d3110	2122426c-6e70-419c-a054-f51dd24d798b	2024-01-04 19:06:32+01	\N	\N
018e621b-4ea9-7060-bb1a-9b5885d473cc	018e621b-4ea8-7951-a11a-653fc1af247e	018e621b-4ea8-777a-82e2-96093d6bc4dd	018e621b-4ea8-7801-b880-4e960e416feb	018e61da-976d-7fca-9165-3e872014d47f	2024-03-21 18:42:20.551487+01	\N	\N
018e6548-029e-7c0a-a44a-f003c8aad40f	018e6548-029c-7faf-90cf-799a8aaec292	018e6548-029d-7008-8aae-8d9aa4ad4098	018e6548-0294-73e6-8535-38500033f66a	018e61da-976d-7fca-9165-3e872014d47f	2024-03-22 09:30:01.864297+01	\N	\N
018e654d-68e3-7673-a7bf-5d0f4cfe65f3	018e654d-68e1-715b-979a-8c21fb608dc7	018e654d-68e2-7561-8c97-bac27af68f4d	018e654d-68e0-70c1-8ca1-acad5da87227	018e61da-976d-7fca-9165-3e872014d47f	2024-03-22 09:35:55.743291+01	\N	\N
018e656d-d998-7e54-a22a-d664793d2aa7	018e656d-591d-7f2f-b8da-35cdf53a3eba	018e6566-7c86-76a1-a3f0-7434a7101fd3	018e6566-7c86-7689-a4cf-58f57a073d2a	018e61da-976d-7fca-9165-3e872014d47f	2024-03-22 10:11:21.751014+01	\N	\N
018e656d-d999-7de8-ae1c-0c4fba531de6	018e6566-7c86-7b9a-a2d7-634b92219493	018e656d-591d-7f2f-b8da-35cdf53a3eba	018e6566-7c86-7689-a4cf-58f57a073d2a	018e61da-976d-7fca-9165-3e872014d47f	2024-03-22 10:11:21.751014+01	\N	\N
018e6566-7c87-76af-b50a-c731598e0fcc	018e6566-7c86-7b9a-a2d7-634b92219493	018e6566-7c86-76a1-a3f0-7434a7101fd3	018e6566-7c86-7689-a4cf-58f57a073d2a	018e61da-976d-7fca-9165-3e872014d47f	2024-03-22 10:03:19.154631+01	2024-03-22 10:11:21.751014+01	018e61da-976d-7fca-9165-3e872014d47f
018e6a86-fc1e-760f-9ba7-583956c7aaea	018e6a86-fc1a-77e0-a57e-164c0994a44a	018e6a86-fc1c-7e4e-b414-84e1e81a26c7	018e6a86-fc0d-724c-9605-a7cc30c312b8	018e61da-976d-7fca-9165-3e872014d47f	2024-03-23 09:56:55.03476+01	\N	\N
018e6a8c-a600-760e-8b75-ec5470a1c546	018e6a8c-a5ff-76de-b66f-6fbc32cbe618	018e6a8c-a600-73ea-9a7a-f64d1f3bbbaf	018e6a8c-a5ff-73a0-b006-06b92d421629	018e61da-976d-7fca-9165-3e872014d47f	2024-03-23 10:03:06.238946+01	\N	\N
018e6ab5-fa49-7da7-b3c0-1501b636b90c	018e6ab5-fa49-74ab-b053-384768b17105	018e6ab5-fa49-7434-bedf-23482b8a5c73	018e6ab5-fa48-708a-8ead-5d42386fa500	018e61da-976d-7fca-9165-3e872014d47f	2024-03-23 10:48:14.792726+01	\N	\N
018e6aba-aead-773f-97e1-a7f5e5f2acf3	018e6aba-aead-721a-bb81-ae4f10bf38fc	018e6aba-aead-7986-bbf1-43adfc71eb1c	018e6aba-aead-73e9-9253-373e654a2feb	018e61da-976d-7fca-9165-3e872014d47f	2024-03-23 10:53:23.11726+01	\N	\N
018e6abc-e4bd-7d21-957d-cfe2d96851cc	018e6abc-e4b9-7cee-a63b-0b5d3d37cb2d	018e6abc-e4bc-7df8-bfcb-a13585a01db7	018e6abc-e4b9-724b-a8b9-9301bdc8e3da	018e61da-976d-7fca-9165-3e872014d47f	2024-03-23 10:55:48.025235+01	\N	\N
018e6ac4-0853-7aeb-910f-79adebd58d3b	018e6ac4-0851-7eef-9cfb-8d5db43e12ea	018e6ac4-0852-7006-8bfe-cdb0c79a846a	018e6ac4-0850-7577-a856-b1409c0c6330	018e61da-976d-7fca-9165-3e872014d47f	2024-03-23 11:03:35.88679+01	\N	\N
018e6ac4-673b-7f86-bfc1-053270f4f827	018e6ac4-6739-760b-bcb5-c3847ddfb251	018e6ac4-673a-7fe8-b736-bbbdacbd42fa	018e6ac4-6738-71a1-95b1-3c8625782165	018e61da-976d-7fca-9165-3e872014d47f	2024-03-23 11:04:00.183398+01	\N	\N
018e6ac6-0238-7eec-8a6b-c281e70f84f2	018e6ac6-0237-7faa-b66e-de6396127c81	018e6ac6-0237-72f8-8987-38ba921800de	018e6ac6-0237-7d90-9dc1-c3aa6f3a8ddf	018e61da-976d-7fca-9165-3e872014d47f	2024-03-23 11:05:45.398305+01	\N	\N
018e6b06-4cb5-7840-897f-94eca2f9a2a0	018e6aca-379a-7459-a74a-694d231c0161	018e6ac9-8d17-7efa-bbe3-89e7d2be12f1	018e6ac9-8d17-7b67-a4af-37004a445073	018e61da-976d-7fca-9165-3e872014d47f	2024-03-23 12:15:58.772317+01	\N	\N
018e6b06-4cb6-7b6c-8ad9-9954614d24ba	018e6ac9-8d17-70a9-a273-62e6b7d70390	018e6aca-379a-7459-a74a-694d231c0161	018e6ac9-8d17-7b67-a4af-37004a445073	018e61da-976d-7fca-9165-3e872014d47f	2024-03-23 12:15:58.772317+01	\N	\N
018e6ac9-8d17-7188-9451-d37651d97b54	018e6ac9-8d17-70a9-a273-62e6b7d70390	018e6ac9-8d17-7efa-bbe3-89e7d2be12f1	018e6ac9-8d17-7b67-a4af-37004a445073	018e61da-976d-7fca-9165-3e872014d47f	2024-03-23 11:09:37.559117+01	2024-03-23 12:15:58.772317+01	018e61da-976d-7fca-9165-3e872014d47f
018e7b10-5683-7de3-b793-f55422ebc703	018e7b10-5683-78ae-9377-24f724fa5c87	018e7b10-5624-76e6-a531-626801bfa91e	018e7b10-5624-78a3-89c7-36e649258a50	018e61da-976d-7fca-9165-3e872014d47f	2024-03-26 15:00:52.094931+01	\N	\N
018e7b10-5685-72bb-8dde-f0a92b32ed30	018e7b10-5624-71aa-888b-e5d540974c06	018e7b10-5683-78ae-9377-24f724fa5c87	018e7b10-5624-78a3-89c7-36e649258a50	018e61da-976d-7fca-9165-3e872014d47f	2024-03-26 15:00:52.094931+01	\N	\N
018e7b10-5625-7077-9e9a-40dedca7bcdd	018e7b10-5624-71aa-888b-e5d540974c06	018e7b10-5624-76e6-a531-626801bfa91e	018e7b10-5624-78a3-89c7-36e649258a50	018e61da-976d-7fca-9165-3e872014d47f	2024-03-26 15:00:52.00391+01	2024-03-26 15:00:52.094931+01	018e61da-976d-7fca-9165-3e872014d47f
018e7f1e-b0eb-7961-b53f-7296294b323f	018e7f1e-b0e8-77f1-abd1-1e2a9651863a	018e7f1e-b0ea-71d3-87e5-01affdbc78d7	018e7f1e-b0de-79ff-9acd-9f0f5663bfc2	018e61da-976d-7fca-9165-3e872014d47f	2024-03-27 09:55:01.577761+01	\N	\N
018e7f8c-a210-7e56-a09b-a81e8466aebf	018e7f8c-a20f-7e19-89b9-8944d23bf40b	018e7f8c-a20f-7255-8ed6-5806d078709d	018e7f8c-a20f-7ff5-909d-a97a037fe67a	018e61da-976d-7fca-9165-3e872014d47f	2024-03-27 11:55:06.767536+01	\N	\N
018e7f90-0901-703d-803b-25baeb95f49c	018e7f90-0900-7f13-a975-f6b2ff313cd6	018e7f90-0901-711d-90b7-5f814f8a866a	018e7f90-0900-772c-be4f-0f2b92770859	018e61da-976d-7fca-9165-3e872014d47f	2024-03-27 11:58:49.728405+01	\N	\N
018e7f9d-bdfd-7276-aacf-34baef52094e	018e7f9d-bdfc-7718-ac27-40e469a21db2	018e7f9d-bdfc-7306-bb6d-3cf299b5cbc7	018e7f9d-bdfc-7b7d-894b-80ca5a41bb74	018e61da-976d-7fca-9165-3e872014d47f	2024-03-27 12:13:48.028378+01	\N	\N
018e8404-6ba1-7dbc-a376-dcc22dc5bac7	018e8404-6b9c-7832-a926-c2db16012b9d	018e8404-6b9f-77c0-8038-b3b857a35f4a	018e8404-6b8a-7699-9847-6100d2e5b9e0	018e61da-976d-7fca-9165-3e872014d47f	2024-03-28 08:44:25.980809+01	\N	\N
018e8545-8afc-7d99-8d42-2b4229e90a75	018e8545-8afb-7c67-adbb-f438555ee023	018e61e1-d225-712d-8838-a08bd94a89a9	018e61e1-d224-76dd-95aa-4fa7dfe22816	018e61da-976d-7fca-9165-3e872014d47f	2024-03-28 14:35:11.097423+01	\N	\N
018e8545-8afd-7231-9ab6-56a27b54bdf4	018e61e1-d224-7467-bc4f-942186f7bd86	018e8545-8afb-7c67-adbb-f438555ee023	018e61e1-d224-76dd-95aa-4fa7dfe22816	018e61da-976d-7fca-9165-3e872014d47f	2024-03-28 14:35:11.097423+01	\N	\N
018e61e1-d226-77a3-8c7c-8897418f386e	018e61e1-d224-7467-bc4f-942186f7bd86	018e61e1-d225-712d-8838-a08bd94a89a9	018e61e1-d224-76dd-95aa-4fa7dfe22816	018e61da-976d-7fca-9165-3e872014d47f	2024-03-21 17:39:33.149642+01	2024-03-28 14:35:11.097423+01	018e61da-976d-7fca-9165-3e872014d47f
018e855f-f19a-756d-a15a-9e6f25ff6a0e	018e855f-f198-7309-ab69-0f2364779305	018e855f-f199-7b2c-870a-8ef8cb2c6c99	018e855f-f18e-70b5-a728-d1622df9ed8e	018e61da-976d-7fca-9165-3e872014d47f	2024-03-28 15:04:01.280282+01	\N	\N
018e8561-f1bf-7815-8125-da58c9a5feae	018e8561-f1be-7605-90bc-16659f4abe7c	018e8561-f1bf-7d88-a8fc-d042df119c67	018e8561-f1b3-76c9-bdea-acc905e43adf	018e61da-976d-7fca-9165-3e872014d47f	2024-03-28 15:06:12.387776+01	\N	\N
018e856b-2b05-7c5b-ae01-4b5485c8e657	018e856b-2b03-7a62-ba21-184d077af500	018e856b-2b05-742b-bee4-44eb32a30cbb	018e856b-2afa-729b-82e5-51cf2557e641	018e61da-976d-7fca-9165-3e872014d47f	2024-03-28 15:16:16.879765+01	\N	\N
018e857b-bad9-7f72-8431-64702378760e	018e857b-bad6-74bf-baf9-314b62113b91	018e857b-bad8-75ce-b83d-381c6642389a	018e857b-bacc-7ec1-a1d0-9aadc458f24f	018e61da-976d-7fca-9165-3e872014d47f	2024-03-28 15:34:22.27506+01	\N	\N
018e8582-c9d9-72e8-a4fa-a19999b06794	018e8582-c988-742c-a501-8de1c5463f73	018e8582-c9d7-797b-962e-f189d829d365	018e8582-c988-7609-b68d-8c2956410c2f	018e61da-976d-7fca-9165-3e872014d47f	2024-03-28 15:42:04.885136+01	\N	\N
018e8582-c989-70e2-93ab-99255b7d096d	018e8582-c988-742c-a501-8de1c5463f73	018e8582-c988-75e9-8d7c-7ded79862e13	018e8582-c988-7609-b68d-8c2956410c2f	018e61da-976d-7fca-9165-3e872014d47f	2024-03-28 15:42:04.808463+01	2024-03-28 15:42:04.885136+01	018e61da-976d-7fca-9165-3e872014d47f
018e8584-eec1-7ed4-892e-1d1dc1f6bbf8	018e8582-c9d0-736c-aa60-acd8567eb28e	018e8582-c988-75e9-8d7c-7ded79862e13	018e8582-c988-7609-b68d-8c2956410c2f	018e61da-976d-7fca-9165-3e872014d47f	2024-03-28 15:44:25.404736+01	\N	\N
018e8584-eec2-70f0-9d7b-642e30364380	018e8582-c9d7-797b-962e-f189d829d365	018e8582-c9d0-736c-aa60-acd8567eb28e	018e8582-c988-7609-b68d-8c2956410c2f	018e61da-976d-7fca-9165-3e872014d47f	2024-03-28 15:44:25.404736+01	\N	\N
018e8582-c9d8-7bae-86cc-f82d4306cb47	018e8582-c9d7-797b-962e-f189d829d365	018e8582-c988-75e9-8d7c-7ded79862e13	018e8582-c988-7609-b68d-8c2956410c2f	018e61da-976d-7fca-9165-3e872014d47f	2024-03-28 15:42:04.885136+01	2024-03-28 15:44:25.404736+01	018e61da-976d-7fca-9165-3e872014d47f
018e8590-b78b-7c8b-a757-12bea47dac88	018e8590-b78a-7d04-92f1-1d131612df93	018e8590-b78b-712a-b6b0-993821f5f7cb	018e8590-b77f-78a9-b18b-963473d8d21d	018e61da-976d-7fca-9165-3e872014d47f	2024-03-28 15:57:17.68632+01	\N	\N
018e85bc-ea92-79ff-8366-ff13d2e16869	018e85bc-ea8f-774a-868a-7402522498f6	018e85bc-ea91-7d83-8491-c36a93ca6b81	018e85bc-ea85-7407-8282-fb09f8d6b400	018e61da-976d-7fca-9165-3e872014d47f	2024-03-28 16:45:34.330976+01	\N	\N
018e8a26-d33f-75b0-bc0c-b864d148b6f3	018e8a26-d33b-74b5-8649-f4f0014ef68b	018e8a26-d33b-7b7d-812b-46cfd4ca8c1c	018e8a26-d33a-748c-9784-0980ddf014d9	018e61da-976d-7fca-9165-3e872014d47f	2024-03-29 13:19:44.057113+01	\N	\N
018e8aa0-8107-733f-9881-30659b4d9675	018e8aa0-8106-7e28-86d7-b670bbf09976	018e8aa0-8107-7965-9633-890a1c35c043	018e8aa0-8105-77b0-a5c2-6a8cfc18513b	018e61da-976d-7fca-9165-3e872014d47f	2024-03-29 15:32:38.404138+01	\N	\N
018e8aaf-b145-7a58-9c9e-a14a0334aef8	018e8aaf-b145-7254-b4fd-c248a4cde7b0	018e8aaf-b145-779e-b28f-90cca244ca7f	018e8aaf-b144-7d38-b26d-b8793de8785b	018e61da-976d-7fca-9165-3e872014d47f	2024-03-29 15:49:13.796342+01	\N	\N
018e8abf-3937-72f1-9752-cd031b99ad55	018e8abf-3936-7b9b-88af-f02cf4a28bf7	018e8abf-3936-76e6-9cd1-c96b976320ef	018e8abf-3935-7586-b28a-73cc454d16f6	018e61da-976d-7fca-9165-3e872014d47f	2024-03-29 16:06:11.637667+01	\N	\N
018e8ac2-0bc9-7c8f-91bd-704bc131482d	018e8ac2-0bb9-7b24-9487-c2ff0ccb8fe8	018e8ac2-0bc4-7288-8a93-2ce056c11e3b	018e8ac2-0b95-71a2-8e4d-05f32b96917e	018e61da-976d-7fca-9165-3e872014d47f	2024-03-29 16:09:16.519405+01	\N	\N
018e8ac3-cd89-78e5-a378-fabc4273beac	018e8ac3-cd85-74e2-9f05-c238b06dcd4f	018e8ac3-cd88-7228-8ce6-862cb523ed1f	018e8ac3-cd72-79a8-8dc6-e321e16b96d4	018e61da-976d-7fca-9165-3e872014d47f	2024-03-29 16:11:11.680155+01	\N	\N
018e8afd-8bd8-7d57-b661-9a7990058505	018e8afd-8bd7-7eb6-8eca-8201421b2953	018e8afd-8bd7-71d9-b8cb-4dfb9629b8f3	018e8afd-8bd7-71e0-acdf-2aa8c6636361	018e61da-976d-7fca-9165-3e872014d47f	2024-03-29 17:14:16.023265+01	\N	\N
018ff2fa-5edd-740a-ab85-ad9e03f54982	018ff2fa-5ed9-7fd6-bb2d-4e15dd058391	018ff2fa-5edc-793b-896c-b69b35c13e2f	018ff2fa-5ecb-75d6-9efd-f5a32254ddb4	018e61da-976d-7fca-9165-3e872014d47f	2024-06-07 15:54:05.625519+02	\N	\N
018ff304-7e40-7f31-80dd-fd0436d1f35e	018ff304-7e3f-717f-8eb2-4fa3db825253	018ff304-7d21-766b-b6e2-be579294e95a	018ff304-7d21-7752-a794-30ab79bfa7d6	018e61da-976d-7fca-9165-3e872014d47f	2024-06-07 16:05:09.049083+02	\N	\N
018ff304-7e43-74a8-883c-88cb5e9a2fb2	018ff304-7d21-7d40-b25d-6e5946e8a46c	018ff304-7e3f-717f-8eb2-4fa3db825253	018ff304-7d21-7752-a794-30ab79bfa7d6	018e61da-976d-7fca-9165-3e872014d47f	2024-06-07 16:05:09.049083+02	\N	\N
018ff304-7d22-7983-9fc2-cba6987dffe1	018ff304-7d21-7d40-b25d-6e5946e8a46c	018ff304-7d21-766b-b6e2-be579294e95a	018ff304-7d21-7752-a794-30ab79bfa7d6	018e61da-976d-7fca-9165-3e872014d47f	2024-06-07 16:05:08.769081+02	2024-06-07 16:05:09.049083+02	018e61da-976d-7fca-9165-3e872014d47f
018ff305-95d2-79fb-b4f1-bd94d40e569b	018ff305-95d2-753c-af6f-633175ab07e3	018ff305-952d-713e-9162-c0123338a6f8	018ff305-952c-70bc-966a-3b8b418f0975	018e61da-976d-7fca-9165-3e872014d47f	2024-06-07 16:06:20.625357+02	\N	\N
018ff305-95d2-7ca9-a32f-8c61ca7e32c0	018ff305-952c-7135-ae76-97b784721d52	018ff305-95d2-753c-af6f-633175ab07e3	018ff305-952c-70bc-966a-3b8b418f0975	018e61da-976d-7fca-9165-3e872014d47f	2024-06-07 16:06:20.625357+02	\N	\N
018ff305-952e-737c-ac5b-a1315ca63bc7	018ff305-952c-7135-ae76-97b784721d52	018ff305-952d-713e-9162-c0123338a6f8	018ff305-952c-70bc-966a-3b8b418f0975	018e61da-976d-7fca-9165-3e872014d47f	2024-06-07 16:06:20.460175+02	2024-06-07 16:06:20.625357+02	018e61da-976d-7fca-9165-3e872014d47f
018ff307-5b41-7c8a-93b5-5f9611c801dc	018ff307-5b41-731f-84c7-366069c43ba2	018ff307-5a89-7292-82e4-8f50f9f77745	018ff307-5a88-7743-9b71-f327c122200d	018e61da-976d-7fca-9165-3e872014d47f	2024-06-07 16:08:16.702143+02	\N	\N
018ff307-5b45-731d-bef5-e43e851b72b0	018ff307-5a89-773a-98e1-6bdeaa3c3501	018ff307-5b41-731f-84c7-366069c43ba2	018ff307-5a88-7743-9b71-f327c122200d	018e61da-976d-7fca-9165-3e872014d47f	2024-06-07 16:08:16.702143+02	\N	\N
018ff307-5a8a-731f-8d3e-c4804660141c	018ff307-5a89-773a-98e1-6bdeaa3c3501	018ff307-5a89-7292-82e4-8f50f9f77745	018ff307-5a88-7743-9b71-f327c122200d	018e61da-976d-7fca-9165-3e872014d47f	2024-06-07 16:08:16.519912+02	2024-06-07 16:08:16.702143+02	018e61da-976d-7fca-9165-3e872014d47f
01900157-cae0-74c8-abdb-26320fa9ed36	01900157-cae0-7a3d-9065-62aa5efb4a23	01900157-ca25-7dc8-bb36-c841a9241938	01900157-ca1a-7d0c-9ef0-376765909310	018e61da-976d-7fca-9165-3e872014d47f	2024-06-10 10:50:49.182172+02	\N	\N
01900157-cae3-7a8e-b52a-11c39244e260	01900157-ca25-76b4-95bd-cde8b1cf4044	01900157-cae0-7a3d-9065-62aa5efb4a23	01900157-ca1a-7d0c-9ef0-376765909310	018e61da-976d-7fca-9165-3e872014d47f	2024-06-10 10:50:49.182172+02	\N	\N
01900157-ca26-7da5-a8d1-a31bf45e2917	01900157-ca25-76b4-95bd-cde8b1cf4044	01900157-ca25-7dc8-bb36-c841a9241938	01900157-ca1a-7d0c-9ef0-376765909310	018e61da-976d-7fca-9165-3e872014d47f	2024-06-10 10:50:48.978656+02	2024-06-10 10:50:49.182172+02	018e61da-976d-7fca-9165-3e872014d47f
01900165-e46b-7e13-9876-45b57d90db98	01900165-e46a-774d-b8df-2b60bca105b4	01900165-e3fe-70d9-b539-c8405ea64113	01900165-e3fd-7c77-ac6c-c407670e7452	018e61da-976d-7fca-9165-3e872014d47f	2024-06-10 11:06:13.222653+02	\N	\N
01900165-e46c-7358-9d6d-022a5d9a4c89	01900165-e3fe-7417-8dd2-07df15c4a57f	01900165-e46a-774d-b8df-2b60bca105b4	01900165-e3fd-7c77-ac6c-c407670e7452	018e61da-976d-7fca-9165-3e872014d47f	2024-06-10 11:06:13.222653+02	\N	\N
01900165-e3fe-74b5-81a2-5ea6f49748da	01900165-e3fe-7417-8dd2-07df15c4a57f	01900165-e3fe-70d9-b539-c8405ea64113	01900165-e3fd-7c77-ac6c-c407670e7452	018e61da-976d-7fca-9165-3e872014d47f	2024-06-10 11:06:13.1177+02	2024-06-10 11:06:13.222653+02	018e61da-976d-7fca-9165-3e872014d47f
0190016a-0321-787c-8b2a-500d1e890062	0190016a-0321-7993-81dc-698e6860631b	0190016a-02ae-7373-8929-adebadf90178	0190016a-02ae-737d-a612-d920568bca3b	018e61da-976d-7fca-9165-3e872014d47f	2024-06-10 11:10:43.23038+02	\N	\N
0190016a-0322-75e1-acfd-131cb35996cb	0190016a-02ae-74d4-919e-6225e41533ee	0190016a-0321-7993-81dc-698e6860631b	0190016a-02ae-737d-a612-d920568bca3b	018e61da-976d-7fca-9165-3e872014d47f	2024-06-10 11:10:43.23038+02	\N	\N
0190016a-02ae-7201-a1c7-99b23495eac9	0190016a-02ae-74d4-919e-6225e41533ee	0190016a-02ae-7373-8929-adebadf90178	0190016a-02ae-737d-a612-d920568bca3b	018e61da-976d-7fca-9165-3e872014d47f	2024-06-10 11:10:43.118006+02	2024-06-10 11:10:43.23038+02	018e61da-976d-7fca-9165-3e872014d47f
01900171-58b1-7921-a6f3-b1702c0958c7	01900171-58b1-7cda-a9dc-9eafd1a4d491	01900171-5864-7808-a239-7740b4220610	01900171-5864-7a14-824f-be47f3665a75	018e61da-976d-7fca-9165-3e872014d47f	2024-06-10 11:18:43.886605+02	\N	\N
01900171-58b1-7f7b-a344-d917edce6cb7	01900171-5864-7847-8baa-b09bcac2bdd0	01900171-58b1-7cda-a9dc-9eafd1a4d491	01900171-5864-7a14-824f-be47f3665a75	018e61da-976d-7fca-9165-3e872014d47f	2024-06-10 11:18:43.886605+02	\N	\N
01900171-5865-7598-befb-a57253a1152d	01900171-5864-7847-8baa-b09bcac2bdd0	01900171-5864-7808-a239-7740b4220610	01900171-5864-7a14-824f-be47f3665a75	018e61da-976d-7fca-9165-3e872014d47f	2024-06-10 11:18:43.812089+02	2024-06-10 11:18:43.886605+02	018e61da-976d-7fca-9165-3e872014d47f
01900176-e60e-7f42-bb48-83523d977411	01900176-e60e-7cbe-92d5-f220dcb2b77b	01900176-e5be-7162-bc06-db4905311c7d	01900176-e5bd-7400-ae7c-4d930bf27269	018e61da-976d-7fca-9165-3e872014d47f	2024-06-10 11:24:47.755522+02	\N	\N
01900176-e60f-7964-85bd-27ba07ad657a	01900176-e5bd-7a04-a660-34292715ad29	01900176-e60e-7cbe-92d5-f220dcb2b77b	01900176-e5bd-7400-ae7c-4d930bf27269	018e61da-976d-7fca-9165-3e872014d47f	2024-06-10 11:24:47.755522+02	\N	\N
01900176-e5be-7db2-980e-955c03885fba	01900176-e5bd-7a04-a660-34292715ad29	01900176-e5be-7162-bc06-db4905311c7d	01900176-e5bd-7400-ae7c-4d930bf27269	018e61da-976d-7fca-9165-3e872014d47f	2024-06-10 11:24:47.677201+02	2024-06-10 11:24:47.755522+02	018e61da-976d-7fca-9165-3e872014d47f
01900177-7e20-7891-96b6-ac142547cc15	01900177-7e20-7387-919d-7b2525aae983	01900177-7db9-747b-aca7-061b68519e6d	01900177-7db9-740f-a139-ed6a0806272a	018e61da-976d-7fca-9165-3e872014d47f	2024-06-10 11:25:26.687118+02	\N	\N
01900177-7e20-78ef-a8c3-57b4a5a6fa0c	01900177-7db9-7a40-9d1f-f6aa566027ad	01900177-7e20-7387-919d-7b2525aae983	01900177-7db9-740f-a139-ed6a0806272a	018e61da-976d-7fca-9165-3e872014d47f	2024-06-10 11:25:26.687118+02	\N	\N
01900177-7db9-73f5-b479-83912430f9a7	01900177-7db9-7a40-9d1f-f6aa566027ad	01900177-7db9-747b-aca7-061b68519e6d	01900177-7db9-740f-a139-ed6a0806272a	018e61da-976d-7fca-9165-3e872014d47f	2024-06-10 11:25:26.584313+02	2024-06-10 11:25:26.687118+02	018e61da-976d-7fca-9165-3e872014d47f
01900178-a3a4-7282-82a6-cdea537da149	01900178-a3a4-709b-890d-5f9b15750769	01900178-a338-7571-aadd-ef3813865c2b	01900178-a338-70b9-9b0a-81e8a41253ec	018e61da-976d-7fca-9165-3e872014d47f	2024-06-10 11:26:41.822505+02	\N	\N
01900178-a3a5-7f03-92bc-182c96bfd136	01900178-a338-7881-8900-423d5743dd21	01900178-a3a4-709b-890d-5f9b15750769	01900178-a338-70b9-9b0a-81e8a41253ec	018e61da-976d-7fca-9165-3e872014d47f	2024-06-10 11:26:41.822505+02	\N	\N
01900178-a339-783b-a97d-e0c87b77719c	01900178-a338-7881-8900-423d5743dd21	01900178-a338-7571-aadd-ef3813865c2b	01900178-a338-70b9-9b0a-81e8a41253ec	018e61da-976d-7fca-9165-3e872014d47f	2024-06-10 11:26:41.720294+02	2024-06-10 11:26:41.822505+02	018e61da-976d-7fca-9165-3e872014d47f
019001ea-732f-731f-add3-27b41a5ac188	019001ea-732f-7531-b16f-cc0cf96cb408	019001ea-72f6-75c6-bb29-7d0abd55b937	019001ea-72f5-7b13-b0d5-8e20a4977a6d	018e61da-976d-7fca-9165-3e872014d47f	2024-06-10 13:31:00.525855+02	\N	\N
019001ea-732f-73df-a2c7-1032d4ced59e	019001ea-72f6-70c2-a4fb-a2e874c8b5a3	019001ea-732f-7531-b16f-cc0cf96cb408	019001ea-72f5-7b13-b0d5-8e20a4977a6d	018e61da-976d-7fca-9165-3e872014d47f	2024-06-10 13:31:00.525855+02	\N	\N
019001ea-72f6-722d-8df5-06dec86dc3e6	019001ea-72f6-70c2-a4fb-a2e874c8b5a3	019001ea-72f6-75c6-bb29-7d0abd55b937	019001ea-72f5-7b13-b0d5-8e20a4977a6d	018e61da-976d-7fca-9165-3e872014d47f	2024-06-10 13:31:00.469674+02	2024-06-10 13:31:00.525855+02	018e61da-976d-7fca-9165-3e872014d47f
0190020d-c929-7ba3-8b49-802368ef69d4	0190020d-c929-7a51-af55-d70bac33d23e	0190020d-c8ce-7936-91c7-70f60caecb92	0190020d-c8ce-70ed-88a5-9ae4f3c087ce	018e61da-976d-7fca-9165-3e872014d47f	2024-06-10 14:09:36.294337+02	\N	\N
0190020d-c92a-7a24-b6f3-0246314d66f7	0190020d-c8ce-727b-95b7-099a638371fc	0190020d-c929-7a51-af55-d70bac33d23e	0190020d-c8ce-70ed-88a5-9ae4f3c087ce	018e61da-976d-7fca-9165-3e872014d47f	2024-06-10 14:09:36.294337+02	\N	\N
0190020d-c8ce-7b46-9533-18fc2e5abdba	0190020d-c8ce-727b-95b7-099a638371fc	0190020d-c8ce-7936-91c7-70f60caecb92	0190020d-c8ce-70ed-88a5-9ae4f3c087ce	018e61da-976d-7fca-9165-3e872014d47f	2024-06-10 14:09:36.205855+02	2024-06-10 14:09:36.294337+02	018e61da-976d-7fca-9165-3e872014d47f
0190020f-6da6-7dfc-9eab-da134391e92d	0190020f-6da6-7a52-8293-969befcba3b9	0190020f-6d3c-7ea2-8833-27d0cdf84e7d	0190020f-6d3c-752e-b3b7-0f83b9e60a24	018e61da-976d-7fca-9165-3e872014d47f	2024-06-10 14:11:23.941766+02	\N	\N
0190020f-6da7-7722-9a9c-aea5124181a9	0190020f-6d3c-722b-80e4-e5f3dd2602e2	0190020f-6da6-7a52-8293-969befcba3b9	0190020f-6d3c-752e-b3b7-0f83b9e60a24	018e61da-976d-7fca-9165-3e872014d47f	2024-06-10 14:11:23.941766+02	\N	\N
0190020f-6d3d-7bf9-846e-9e145c6a65a7	0190020f-6d3c-722b-80e4-e5f3dd2602e2	0190020f-6d3c-7ea2-8833-27d0cdf84e7d	0190020f-6d3c-752e-b3b7-0f83b9e60a24	018e61da-976d-7fca-9165-3e872014d47f	2024-06-10 14:11:23.835495+02	2024-06-10 14:11:23.941766+02	018e61da-976d-7fca-9165-3e872014d47f
01900211-de8a-7278-a1e3-c24fd00e6e0b	01900211-de89-79d6-a526-cbd62100ae77	01900211-de2f-7bd0-a1dd-f0c71fd3159b	01900211-de2f-7205-bb11-a533725f0a76	018e61da-976d-7fca-9165-3e872014d47f	2024-06-10 14:14:03.910577+02	\N	\N
01900211-de8a-7059-a8c1-78c8770e4ce7	01900211-de2f-7803-afcd-4c73a01f4e7b	01900211-de89-79d6-a526-cbd62100ae77	01900211-de2f-7205-bb11-a533725f0a76	018e61da-976d-7fca-9165-3e872014d47f	2024-06-10 14:14:03.910577+02	\N	\N
01900211-de2f-776a-9a66-6dc56e07d739	01900211-de2f-7803-afcd-4c73a01f4e7b	01900211-de2f-7bd0-a1dd-f0c71fd3159b	01900211-de2f-7205-bb11-a533725f0a76	018e61da-976d-7fca-9165-3e872014d47f	2024-06-10 14:14:03.822946+02	2024-06-10 14:14:03.910577+02	018e61da-976d-7fca-9165-3e872014d47f
01900214-f7e0-794e-9851-16887e52b53e	01900214-f7e0-7c94-8a4a-590839662d2d	01900214-f7a6-743b-82ea-fa0104487a2f	01900214-f7a6-7010-8f57-f9814011b9f1	018e61da-976d-7fca-9165-3e872014d47f	2024-06-10 14:17:27.007702+02	\N	\N
01900214-f7e1-7267-9e86-c94efe2a96c1	01900214-f7a6-795c-9f58-72f979832a1d	01900214-f7e0-7c94-8a4a-590839662d2d	01900214-f7a6-7010-8f57-f9814011b9f1	018e61da-976d-7fca-9165-3e872014d47f	2024-06-10 14:17:27.007702+02	\N	\N
01900214-f7a6-74b5-9e6e-0b9b5732d864	01900214-f7a6-795c-9f58-72f979832a1d	01900214-f7a6-743b-82ea-fa0104487a2f	01900214-f7a6-7010-8f57-f9814011b9f1	018e61da-976d-7fca-9165-3e872014d47f	2024-06-10 14:17:26.950086+02	2024-06-10 14:17:27.007702+02	018e61da-976d-7fca-9165-3e872014d47f
01900217-9e7b-79ec-887b-5c76cc5b9e28	01900217-9e7a-789d-be6b-ed8929c10fb3	01900217-9e32-7722-b0af-97054561a36a	01900217-9e32-7c67-b81b-91397d61fc23	018e61da-976d-7fca-9165-3e872014d47f	2024-06-10 14:20:20.727196+02	\N	\N
01900217-9e7c-7cfe-b444-d75498b9623a	01900217-9e32-7ce5-993b-5b4718160cf8	01900217-9e7a-789d-be6b-ed8929c10fb3	01900217-9e32-7c67-b81b-91397d61fc23	018e61da-976d-7fca-9165-3e872014d47f	2024-06-10 14:20:20.727196+02	\N	\N
01900217-9e32-789f-9d33-ee6ea1dc96d2	01900217-9e32-7ce5-993b-5b4718160cf8	01900217-9e32-7722-b0af-97054561a36a	01900217-9e32-7c67-b81b-91397d61fc23	018e61da-976d-7fca-9165-3e872014d47f	2024-06-10 14:20:20.658289+02	2024-06-10 14:20:20.727196+02	018e61da-976d-7fca-9165-3e872014d47f
0190021b-01f1-7791-9b65-abf94bfcb143	0190021b-01f1-713d-ae95-738e9b8633d3	0190021b-01bb-74e4-8d58-ed3f0edd01d3	0190021b-01bb-7c50-9e55-497351217413	018e61da-976d-7fca-9165-3e872014d47f	2024-06-10 14:24:02.799279+02	\N	\N
0190021b-01f1-7555-83c6-acafa8d3bb95	0190021b-01bb-7521-a79b-ac4c62c03c20	0190021b-01f1-713d-ae95-738e9b8633d3	0190021b-01bb-7c50-9e55-497351217413	018e61da-976d-7fca-9165-3e872014d47f	2024-06-10 14:24:02.799279+02	\N	\N
0190021b-01bb-7d43-b3e3-f341ce5a8bd9	0190021b-01bb-7521-a79b-ac4c62c03c20	0190021b-01bb-74e4-8d58-ed3f0edd01d3	0190021b-01bb-7c50-9e55-497351217413	018e61da-976d-7fca-9165-3e872014d47f	2024-06-10 14:24:02.747483+02	2024-06-10 14:24:02.799279+02	018e61da-976d-7fca-9165-3e872014d47f
0190021f-5630-7041-9532-4769cbbdc066	0190021f-5630-7aba-9421-f4024d850277	0190021f-55fa-7cde-8f03-ac35f9d99ea9	0190021f-55fa-7682-af92-3c52a4bb73ce	018e61da-976d-7fca-9165-3e872014d47f	2024-06-10 14:28:46.511121+02	\N	\N
0190021f-5630-7e0b-8dd5-620f09c9c197	0190021f-55fa-7e92-bf7d-5828e8adec6c	0190021f-5630-7aba-9421-f4024d850277	0190021f-55fa-7682-af92-3c52a4bb73ce	018e61da-976d-7fca-9165-3e872014d47f	2024-06-10 14:28:46.511121+02	\N	\N
0190021f-55fb-77f1-90b0-29d32c71f549	0190021f-55fa-7e92-bf7d-5828e8adec6c	0190021f-55fa-7cde-8f03-ac35f9d99ea9	0190021f-55fa-7682-af92-3c52a4bb73ce	018e61da-976d-7fca-9165-3e872014d47f	2024-06-10 14:28:46.458469+02	2024-06-10 14:28:46.511121+02	018e61da-976d-7fca-9165-3e872014d47f
0190022e-f017-7fe6-a8d4-b5f33ca9d375	0190022e-f017-7f00-abf3-c4bb078f1073	0190022e-efde-7c0a-b9d3-2f701b274cec	0190022e-efdd-7be0-9c18-ec420b3a5e99	018e61da-976d-7fca-9165-3e872014d47f	2024-06-10 14:45:48.950136+02	\N	\N
0190022e-f017-738d-9c37-4edd112399d0	0190022e-efdd-783f-a10f-187fe33ea1b2	0190022e-f017-7f00-abf3-c4bb078f1073	0190022e-efdd-7be0-9c18-ec420b3a5e99	018e61da-976d-7fca-9165-3e872014d47f	2024-06-10 14:45:48.950136+02	\N	\N
0190022e-efde-7ccb-8f0a-568ff9b1fb60	0190022e-efdd-783f-a10f-187fe33ea1b2	0190022e-efde-7c0a-b9d3-2f701b274cec	0190022e-efdd-7be0-9c18-ec420b3a5e99	018e61da-976d-7fca-9165-3e872014d47f	2024-06-10 14:45:48.893267+02	2024-06-10 14:45:48.950136+02	018e61da-976d-7fca-9165-3e872014d47f
0190022f-f613-7bb2-99a5-56795aa389ea	0190022f-f613-74ec-b9d2-8d15c3f964d2	0190022f-f5d8-78cb-81c9-778ee623b08d	0190022f-f5d8-7594-864a-7cb144468b2a	018e61da-976d-7fca-9165-3e872014d47f	2024-06-10 14:46:56.016372+02	\N	\N
0190022f-f613-77ac-aecc-eb137e80033b	0190022f-f5d8-7fa6-aaa8-62cd59d5c4f8	0190022f-f613-74ec-b9d2-8d15c3f964d2	0190022f-f5d8-7594-864a-7cb144468b2a	018e61da-976d-7fca-9165-3e872014d47f	2024-06-10 14:46:56.016372+02	\N	\N
0190022f-f5d8-7631-bce0-aa6c33320d12	0190022f-f5d8-7fa6-aaa8-62cd59d5c4f8	0190022f-f5d8-78cb-81c9-778ee623b08d	0190022f-f5d8-7594-864a-7cb144468b2a	018e61da-976d-7fca-9165-3e872014d47f	2024-06-10 14:46:55.959927+02	2024-06-10 14:46:56.016372+02	018e61da-976d-7fca-9165-3e872014d47f
01900231-0293-7e74-802b-3d4d4b9f3741	01900231-0293-7446-b8bc-34965700370b	01900231-0260-74e3-914f-14fc7ce2d589	01900231-0260-75a2-a203-0537371f6303	018e61da-976d-7fca-9165-3e872014d47f	2024-06-10 14:48:04.753505+02	\N	\N
01900231-0294-7ea8-9a86-abff957a74f6	01900231-0260-7768-926c-a26bc2cc9fb9	01900231-0293-7446-b8bc-34965700370b	01900231-0260-75a2-a203-0537371f6303	018e61da-976d-7fca-9165-3e872014d47f	2024-06-10 14:48:04.753505+02	\N	\N
01900231-0261-793d-a746-5c1c94bb022c	01900231-0260-7768-926c-a26bc2cc9fb9	01900231-0260-74e3-914f-14fc7ce2d589	01900231-0260-75a2-a203-0537371f6303	018e61da-976d-7fca-9165-3e872014d47f	2024-06-10 14:48:04.704554+02	2024-06-10 14:48:04.753505+02	018e61da-976d-7fca-9165-3e872014d47f
01900231-c079-7611-b024-4631a4c2eedc	01900231-c079-7341-b3c3-ce526e758b17	01900231-c01d-7cbc-991d-291b604242b6	01900231-c01d-790d-a094-d8749aaf6ec2	018e61da-976d-7fca-9165-3e872014d47f	2024-06-10 14:48:53.367462+02	\N	\N
01900231-c079-7b01-a979-5e991f154cea	01900231-c01d-7608-8bfc-953aab2933fa	01900231-c079-7341-b3c3-ce526e758b17	01900231-c01d-790d-a094-d8749aaf6ec2	018e61da-976d-7fca-9165-3e872014d47f	2024-06-10 14:48:53.367462+02	\N	\N
01900231-c01d-786c-bd34-6ae283d9cc70	01900231-c01d-7608-8bfc-953aab2933fa	01900231-c01d-7cbc-991d-291b604242b6	01900231-c01d-790d-a094-d8749aaf6ec2	018e61da-976d-7fca-9165-3e872014d47f	2024-06-10 14:48:53.277451+02	2024-06-10 14:48:53.367462+02	018e61da-976d-7fca-9165-3e872014d47f
01900232-5c34-7f60-b8df-0b8ccd7dc930	01900232-5c34-7629-bd4f-324ad4990aa4	01900232-5bf2-7dda-a25a-490fd391a4cf	01900232-5bf1-7892-83ea-6d02c5dddca1	018e61da-976d-7fca-9165-3e872014d47f	2024-06-10 14:49:33.235489+02	\N	\N
01900232-5c34-794d-807d-9c18bfea9651	01900232-5bf2-7721-86b2-1886149a9f6a	01900232-5c34-7629-bd4f-324ad4990aa4	01900232-5bf1-7892-83ea-6d02c5dddca1	018e61da-976d-7fca-9165-3e872014d47f	2024-06-10 14:49:33.235489+02	\N	\N
01900232-5bf2-7d0d-90bc-8b93093494c8	01900232-5bf2-7721-86b2-1886149a9f6a	01900232-5bf2-7dda-a25a-490fd391a4cf	01900232-5bf1-7892-83ea-6d02c5dddca1	018e61da-976d-7fca-9165-3e872014d47f	2024-06-10 14:49:33.169633+02	2024-06-10 14:49:33.235489+02	018e61da-976d-7fca-9165-3e872014d47f
0190023a-e3eb-7b11-a6a1-24643b123623	0190023a-e3ea-7d7d-931a-0c994202e4c0	0190023a-e370-7fec-8e41-2fafd29a191e	0190023a-e36f-746b-b42b-11164ab3d23e	018e61da-976d-7fca-9165-3e872014d47f	2024-06-10 14:58:52.266138+02	\N	\N
0190023a-e3eb-7ef6-a0e2-4b0350db830b	0190023a-e36f-7ec6-921f-7222ee24fefe	0190023a-e3ea-7d7d-931a-0c994202e4c0	0190023a-e36f-746b-b42b-11164ab3d23e	018e61da-976d-7fca-9165-3e872014d47f	2024-06-10 14:58:52.266138+02	\N	\N
0190023a-e370-71f5-b217-6782666de2b5	0190023a-e36f-7ec6-921f-7222ee24fefe	0190023a-e370-7fec-8e41-2fafd29a191e	0190023a-e36f-746b-b42b-11164ab3d23e	018e61da-976d-7fca-9165-3e872014d47f	2024-06-10 14:58:52.143335+02	2024-06-10 14:58:52.266138+02	018e61da-976d-7fca-9165-3e872014d47f
0190023b-c19f-79f7-abe7-6ea25b7f7dd2	0190023b-c19f-7187-bd96-b6c8e4efe605	0190023b-c131-7953-be79-98eed72b10a9	0190023b-c131-7a12-85d6-4283e13040ae	018e61da-976d-7fca-9165-3e872014d47f	2024-06-10 14:59:49.021383+02	\N	\N
0190023b-c1a0-79bc-b048-9660cec79198	0190023b-c131-7ab1-acb7-bcb70d47e6a0	0190023b-c19f-7187-bd96-b6c8e4efe605	0190023b-c131-7a12-85d6-4283e13040ae	018e61da-976d-7fca-9165-3e872014d47f	2024-06-10 14:59:49.021383+02	\N	\N
0190023b-c131-720f-8823-3531c1eb2856	0190023b-c131-7ab1-acb7-bcb70d47e6a0	0190023b-c131-7953-be79-98eed72b10a9	0190023b-c131-7a12-85d6-4283e13040ae	018e61da-976d-7fca-9165-3e872014d47f	2024-06-10 14:59:48.913252+02	2024-06-10 14:59:49.021383+02	018e61da-976d-7fca-9165-3e872014d47f
0190023c-a0ea-72be-95b2-dc6165d9addd	0190023c-a0ea-7b08-81e0-05cb032ad1be	0190023c-a096-7c89-9bf5-7c9ca7387035	0190023c-a096-7bd7-8aed-5bc4bfbc0a33	018e61da-976d-7fca-9165-3e872014d47f	2024-06-10 15:00:46.185905+02	\N	\N
0190023c-a0ea-7ee1-a3cb-e8ccfdf97ba6	0190023c-a096-71d9-8ca9-bcc595f33d6f	0190023c-a0ea-7b08-81e0-05cb032ad1be	0190023c-a096-7bd7-8aed-5bc4bfbc0a33	018e61da-976d-7fca-9165-3e872014d47f	2024-06-10 15:00:46.185905+02	\N	\N
0190023c-a096-7e64-8c95-ff277f41e749	0190023c-a096-71d9-8ca9-bcc595f33d6f	0190023c-a096-7c89-9bf5-7c9ca7387035	0190023c-a096-7bd7-8aed-5bc4bfbc0a33	018e61da-976d-7fca-9165-3e872014d47f	2024-06-10 15:00:46.102064+02	2024-06-10 15:00:46.185905+02	018e61da-976d-7fca-9165-3e872014d47f
0190023e-8e54-7788-9de3-80359ea654cd	0190023e-8e54-7a4e-86e3-c6bca96ff120	0190023e-8de3-7187-b933-0561573ba702	0190023e-8de3-7c06-b9c3-db8ff8f2dbef	018e61da-976d-7fca-9165-3e872014d47f	2024-06-10 15:02:52.495642+02	\N	\N
0190023e-8e56-792c-ac63-c73b0deaa028	0190023e-8de3-7e00-921a-c2a6f39d82c0	0190023e-8e54-7a4e-86e3-c6bca96ff120	0190023e-8de3-7c06-b9c3-db8ff8f2dbef	018e61da-976d-7fca-9165-3e872014d47f	2024-06-10 15:02:52.495642+02	\N	\N
0190023e-8de3-79e6-88e5-7950493dd2fb	0190023e-8de3-7e00-921a-c2a6f39d82c0	0190023e-8de3-7187-b933-0561573ba702	0190023e-8de3-7c06-b9c3-db8ff8f2dbef	018e61da-976d-7fca-9165-3e872014d47f	2024-06-10 15:02:52.386667+02	2024-06-10 15:02:52.495642+02	018e61da-976d-7fca-9165-3e872014d47f
01900243-8879-742b-9871-5dd86ae6267a	01900243-8879-7a0c-aa47-a46fc43103c8	01900243-87f4-7f73-80d6-3837a993a75d	01900243-87f4-7128-be39-608e2ee91e40	018e61da-976d-7fca-9165-3e872014d47f	2024-06-10 15:08:18.679883+02	\N	\N
01900243-8879-7e9e-9f2e-fa7b380ef746	01900243-87f4-7ce5-a3e6-6859ce3f57ef	01900243-8879-7a0c-aa47-a46fc43103c8	01900243-87f4-7128-be39-608e2ee91e40	018e61da-976d-7fca-9165-3e872014d47f	2024-06-10 15:08:18.679883+02	\N	\N
01900243-87f4-75bc-b6ad-cd34861c980a	01900243-87f4-7ce5-a3e6-6859ce3f57ef	01900243-87f4-7f73-80d6-3837a993a75d	01900243-87f4-7128-be39-608e2ee91e40	018e61da-976d-7fca-9165-3e872014d47f	2024-06-10 15:08:18.547965+02	2024-06-10 15:08:18.679883+02	018e61da-976d-7fca-9165-3e872014d47f
01900244-c33f-72ff-b785-0ec0b8548463	01900244-c33f-78c0-8618-932cf3602455	01900244-c2e1-7bd7-85ea-132c3f1c63c1	01900244-c2e1-7719-adbb-01ec2d2ca73b	018e61da-976d-7fca-9165-3e872014d47f	2024-06-10 15:09:39.260784+02	\N	\N
01900244-c340-7cff-ae31-922f6b3128df	01900244-c2e1-75fc-8b55-c32627e04991	01900244-c33f-78c0-8618-932cf3602455	01900244-c2e1-7719-adbb-01ec2d2ca73b	018e61da-976d-7fca-9165-3e872014d47f	2024-06-10 15:09:39.260784+02	\N	\N
01900244-c2e1-7bfe-b848-4abd6220c0ab	01900244-c2e1-75fc-8b55-c32627e04991	01900244-c2e1-7bd7-85ea-132c3f1c63c1	01900244-c2e1-7719-adbb-01ec2d2ca73b	018e61da-976d-7fca-9165-3e872014d47f	2024-06-10 15:09:39.169221+02	2024-06-10 15:09:39.260784+02	018e61da-976d-7fca-9165-3e872014d47f
019002d0-5c25-7b23-b57c-b9f4f827ca2a	019002d0-5c25-711d-84c5-37d725a79c40	019002d0-5bf1-7e8c-8ec8-acf5b4ca6c57	019002d0-5bf1-7807-8a77-528f6e58bc15	018e61da-976d-7fca-9165-3e872014d47f	2024-06-10 17:42:07.908947+02	\N	\N
019002d0-5c25-79dd-936e-a1c793d46c0b	019002d0-5bf1-74dc-ada9-e0660d7c4317	019002d0-5c25-711d-84c5-37d725a79c40	019002d0-5bf1-7807-8a77-528f6e58bc15	018e61da-976d-7fca-9165-3e872014d47f	2024-06-10 17:42:07.908947+02	\N	\N
019002d0-5bf1-7242-8b33-bc398008268b	019002d0-5bf1-74dc-ada9-e0660d7c4317	019002d0-5bf1-7e8c-8ec8-acf5b4ca6c57	019002d0-5bf1-7807-8a77-528f6e58bc15	018e61da-976d-7fca-9165-3e872014d47f	2024-06-10 17:42:07.857135+02	2024-06-10 17:42:07.908947+02	018e61da-976d-7fca-9165-3e872014d47f
019002d3-0d1a-7598-8cbe-a561bdb46f3e	019002d3-0d1a-7d31-824b-dffd8988ff58	019002d3-0ce8-781c-a8fc-b01925c826dd	019002d3-0ce8-7d9c-bdd5-5213ff89182c	018e61da-976d-7fca-9165-3e872014d47f	2024-06-10 17:45:04.282115+02	\N	\N
019002d3-0d1b-7388-8b7b-ed4ef9002443	019002d3-0ce8-7afc-8901-8f7333598585	019002d3-0d1a-7d31-824b-dffd8988ff58	019002d3-0ce8-7d9c-bdd5-5213ff89182c	018e61da-976d-7fca-9165-3e872014d47f	2024-06-10 17:45:04.282115+02	\N	\N
019002d3-0ce8-7595-9579-31989c22500d	019002d3-0ce8-7afc-8901-8f7333598585	019002d3-0ce8-781c-a8fc-b01925c826dd	019002d3-0ce8-7d9c-bdd5-5213ff89182c	018e61da-976d-7fca-9165-3e872014d47f	2024-06-10 17:45:04.232428+02	2024-06-10 17:45:04.282115+02	018e61da-976d-7fca-9165-3e872014d47f
019002d4-a02e-700d-b091-31b12e8e1996	019002d4-a02e-726e-911b-5457c7c56aca	019002d4-a001-723a-b300-9be7be1a2388	019002d4-a001-747a-8c82-b37feb482e6c	018e61da-976d-7fca-9165-3e872014d47f	2024-06-10 17:46:47.468639+02	\N	\N
019002d4-a02f-7fa3-8915-54bb49c2b58d	019002d4-a001-7bd3-91ee-c84b409325cd	019002d4-a02e-726e-911b-5457c7c56aca	019002d4-a001-747a-8c82-b37feb482e6c	018e61da-976d-7fca-9165-3e872014d47f	2024-06-10 17:46:47.468639+02	\N	\N
019002d4-a001-7c7c-9e30-ab0c76fc2068	019002d4-a001-7bd3-91ee-c84b409325cd	019002d4-a001-723a-b300-9be7be1a2388	019002d4-a001-747a-8c82-b37feb482e6c	018e61da-976d-7fca-9165-3e872014d47f	2024-06-10 17:46:47.425059+02	2024-06-10 17:46:47.468639+02	018e61da-976d-7fca-9165-3e872014d47f
01900396-869d-7637-829f-b072084b5714	01900396-869d-7724-926e-0bd77126e171	01900396-85e8-7c96-b65f-d28fbcc818c5	01900396-85df-7af3-8ef0-5ba3eff61f8c	018e61da-976d-7fca-9165-3e872014d47f	2024-06-10 21:18:34.905802+02	\N	\N
01900396-869f-76ad-bbce-b1417169e0b0	01900396-85e8-7c9e-8cb6-55121b2c71ca	01900396-869d-7724-926e-0bd77126e171	01900396-85df-7af3-8ef0-5ba3eff61f8c	018e61da-976d-7fca-9165-3e872014d47f	2024-06-10 21:18:34.905802+02	\N	\N
01900396-85e9-774c-9db0-315423a601ba	01900396-85e8-7c9e-8cb6-55121b2c71ca	01900396-85e8-7c96-b65f-d28fbcc818c5	01900396-85df-7af3-8ef0-5ba3eff61f8c	018e61da-976d-7fca-9165-3e872014d47f	2024-06-10 21:18:34.71172+02	2024-06-10 21:18:34.905802+02	018e61da-976d-7fca-9165-3e872014d47f
01900397-bc09-79b1-9aa3-f70ed53671c0	01900397-bc09-7d24-bbe7-3b19cfcb9156	01900397-bbc5-79c9-8649-2aa88b80c0ad	01900397-bbc5-7b9f-a282-6c9d3cf92918	018e61da-976d-7fca-9165-3e872014d47f	2024-06-10 21:19:54.120081+02	\N	\N
01900397-bc0a-79d9-9c9c-c8f532fd1935	01900397-bbc5-73d7-8f31-ecdac84693b3	01900397-bc09-7d24-bbe7-3b19cfcb9156	01900397-bbc5-7b9f-a282-6c9d3cf92918	018e61da-976d-7fca-9165-3e872014d47f	2024-06-10 21:19:54.120081+02	\N	\N
01900397-bbc6-743f-ab90-456528cda616	01900397-bbc5-73d7-8f31-ecdac84693b3	01900397-bbc5-79c9-8649-2aa88b80c0ad	01900397-bbc5-7b9f-a282-6c9d3cf92918	018e61da-976d-7fca-9165-3e872014d47f	2024-06-10 21:19:54.053326+02	2024-06-10 21:19:54.120081+02	018e61da-976d-7fca-9165-3e872014d47f
01900718-0457-7915-a2c9-5ae40b7a219f	01900718-0457-7e6a-a0d4-a2f2e607b5bd	01900718-038f-7df4-aa65-d08711df5560	01900718-0385-720e-a32d-93fb5460794d	018e61da-976d-7fca-9165-3e872014d47f	2024-06-11 13:38:52.884814+02	\N	\N
01900718-0459-75bf-81f2-f47fb1489057	01900718-038e-758c-9ee8-80bdae29f13a	01900718-0457-7e6a-a0d4-a2f2e607b5bd	01900718-0385-720e-a32d-93fb5460794d	018e61da-976d-7fca-9165-3e872014d47f	2024-06-11 13:38:52.884814+02	\N	\N
01900718-0390-7fb6-80d9-e4b3bfb81987	01900718-038e-758c-9ee8-80bdae29f13a	01900718-038f-7df4-aa65-d08711df5560	01900718-0385-720e-a32d-93fb5460794d	018e61da-976d-7fca-9165-3e872014d47f	2024-06-11 13:38:52.665041+02	2024-06-11 13:38:52.884814+02	018e61da-976d-7fca-9165-3e872014d47f
0190071a-0af5-7dae-90f3-58c375776c8d	0190071a-0af4-7aee-bc88-5d9ea2734a72	0190071a-0a6d-7d5a-997c-921894749875	0190071a-0a6c-7c5d-9b84-aa8d6ca15254	018e61da-976d-7fca-9165-3e872014d47f	2024-06-11 13:41:05.650852+02	\N	\N
0190071a-0af5-79b7-9447-9858a44de6be	0190071a-0a6c-70ab-8fff-dfaeabbd1c1a	0190071a-0af4-7aee-bc88-5d9ea2734a72	0190071a-0a6c-7c5d-9b84-aa8d6ca15254	018e61da-976d-7fca-9165-3e872014d47f	2024-06-11 13:41:05.650852+02	\N	\N
0190071a-0a6e-79b5-940c-0a8166a27b0b	0190071a-0a6c-70ab-8fff-dfaeabbd1c1a	0190071a-0a6d-7d5a-997c-921894749875	0190071a-0a6c-7c5d-9b84-aa8d6ca15254	018e61da-976d-7fca-9165-3e872014d47f	2024-06-11 13:41:05.515675+02	2024-06-11 13:41:05.650852+02	018e61da-976d-7fca-9165-3e872014d47f
0190071e-f4d5-70f1-9be6-f575ab02e085	0190071e-f4d4-79fc-abaa-e851448bfdbb	0190071e-f432-70d2-b6d9-6324d07bdb52	0190071e-f431-7db5-8b40-05a407c843d7	018e61da-976d-7fca-9165-3e872014d47f	2024-06-11 13:46:27.663006+02	\N	\N
0190071e-f4d6-7a1d-bfaa-47afb3435f93	0190071e-f432-7097-8435-1cd0c6fd46a0	0190071e-f4d4-79fc-abaa-e851448bfdbb	0190071e-f431-7db5-8b40-05a407c843d7	018e61da-976d-7fca-9165-3e872014d47f	2024-06-11 13:46:27.663006+02	\N	\N
0190071e-f432-7ac3-8466-6b9f84066314	0190071e-f432-7097-8435-1cd0c6fd46a0	0190071e-f432-70d2-b6d9-6324d07bdb52	0190071e-f431-7db5-8b40-05a407c843d7	018e61da-976d-7fca-9165-3e872014d47f	2024-06-11 13:46:27.505802+02	2024-06-11 13:46:27.663006+02	018e61da-976d-7fca-9165-3e872014d47f
01900720-1d43-71cb-8356-ba6311f2e3a4	01900720-1d42-7155-bae3-0889c3e4cbc5	01900720-1c61-7a9d-a0b5-82019f724c5e	01900720-1c61-7e71-9ba0-d6c778638787	018e61da-976d-7fca-9165-3e872014d47f	2024-06-11 13:47:43.552249+02	\N	\N
01900720-1d46-77ef-958f-8e713333ffe6	01900720-1c61-7feb-af0c-32d518323638	01900720-1d42-7155-bae3-0889c3e4cbc5	01900720-1c61-7e71-9ba0-d6c778638787	018e61da-976d-7fca-9165-3e872014d47f	2024-06-11 13:47:43.552249+02	\N	\N
01900720-1c62-7ba8-a36f-fda8c1360bb4	01900720-1c61-7feb-af0c-32d518323638	01900720-1c61-7a9d-a0b5-82019f724c5e	01900720-1c61-7e71-9ba0-d6c778638787	018e61da-976d-7fca-9165-3e872014d47f	2024-06-11 13:47:43.329502+02	2024-06-11 13:47:43.552249+02	018e61da-976d-7fca-9165-3e872014d47f
01900721-eaeb-7722-bc8c-8985542bc882	01900721-eaea-7435-870a-bcc60bb8b4f3	01900721-ea96-7813-b35c-953fddb9cf94	01900721-ea95-7f44-a2c5-6ba1dc3fe7e2	018e61da-976d-7fca-9165-3e872014d47f	2024-06-11 13:49:41.73728+02	\N	\N
01900721-eaec-74e8-a915-6738b9bf0f01	01900721-ea95-7f92-96a8-a0cb207afe90	01900721-eaea-7435-870a-bcc60bb8b4f3	01900721-ea95-7f44-a2c5-6ba1dc3fe7e2	018e61da-976d-7fca-9165-3e872014d47f	2024-06-11 13:49:41.73728+02	\N	\N
01900721-ea96-70f6-9dc4-58edab434933	01900721-ea95-7f92-96a8-a0cb207afe90	01900721-ea96-7813-b35c-953fddb9cf94	01900721-ea95-7f44-a2c5-6ba1dc3fe7e2	018e61da-976d-7fca-9165-3e872014d47f	2024-06-11 13:49:41.65362+02	2024-06-11 13:49:41.73728+02	018e61da-976d-7fca-9165-3e872014d47f
01900726-5939-75b4-96a2-4e9355f40c49	01900726-5938-7e9b-8bf5-8ce5a57c130a	01900726-58cb-74a3-afce-f55083e0726f	01900726-58cb-74fd-94e9-053e33f756e3	018e61da-976d-7fca-9165-3e872014d47f	2024-06-11 13:54:32.116988+02	\N	\N
01900726-593a-79ef-9666-614de49aebaa	01900726-58cb-7262-9cbb-81d7a4d42362	01900726-5938-7e9b-8bf5-8ce5a57c130a	01900726-58cb-74fd-94e9-053e33f756e3	018e61da-976d-7fca-9165-3e872014d47f	2024-06-11 13:54:32.116988+02	\N	\N
01900726-58cc-7c60-baf5-94758dcc40a6	01900726-58cb-7262-9cbb-81d7a4d42362	01900726-58cb-74a3-afce-f55083e0726f	01900726-58cb-74fd-94e9-053e33f756e3	018e61da-976d-7fca-9165-3e872014d47f	2024-06-11 13:54:32.011001+02	2024-06-11 13:54:32.116988+02	018e61da-976d-7fca-9165-3e872014d47f
01900739-7160-7d08-942f-7ac9257aad24	01900739-7160-72d6-94a1-9fc4c84c3e30	01900739-7129-7cbf-b230-fcf393986e6d	01900739-7129-77e9-8d70-1702ef8d3554	018e61da-976d-7fca-9165-3e872014d47f	2024-06-11 14:15:23.487052+02	\N	\N
01900739-7160-7c49-9e43-d44f7b4c6912	01900739-7129-7015-a838-424d222b9387	01900739-7160-72d6-94a1-9fc4c84c3e30	01900739-7129-77e9-8d70-1702ef8d3554	018e61da-976d-7fca-9165-3e872014d47f	2024-06-11 14:15:23.487052+02	\N	\N
01900739-712a-73a8-97fc-9d75f11b9562	01900739-7129-7015-a838-424d222b9387	01900739-7129-7cbf-b230-fcf393986e6d	01900739-7129-77e9-8d70-1702ef8d3554	018e61da-976d-7fca-9165-3e872014d47f	2024-06-11 14:15:23.433517+02	2024-06-11 14:15:23.487052+02	018e61da-976d-7fca-9165-3e872014d47f
0190073a-0fe2-70df-9da0-7cc25c796807	0190073a-0fe2-7b96-a271-c2e542b61423	0190073a-0fb2-70cc-ab49-14bcd488266d	0190073a-0fb2-7eb3-bc6d-c1c6cf149abd	018e61da-976d-7fca-9165-3e872014d47f	2024-06-11 14:16:04.064695+02	\N	\N
0190073a-0fe2-76a0-a664-f367077da3fd	0190073a-0fb2-7b3c-a8c7-09ff305da4c0	0190073a-0fe2-7b96-a271-c2e542b61423	0190073a-0fb2-7eb3-bc6d-c1c6cf149abd	018e61da-976d-7fca-9165-3e872014d47f	2024-06-11 14:16:04.064695+02	\N	\N
0190073a-0fb2-72da-a399-e4939e513b1e	0190073a-0fb2-7b3c-a8c7-09ff305da4c0	0190073a-0fb2-70cc-ab49-14bcd488266d	0190073a-0fb2-7eb3-bc6d-c1c6cf149abd	018e61da-976d-7fca-9165-3e872014d47f	2024-06-11 14:16:04.018339+02	2024-06-11 14:16:04.064695+02	018e61da-976d-7fca-9165-3e872014d47f
0190073b-befb-750a-ac6a-1336bd91334b	0190073b-befb-7ba5-a226-243aa51e1c16	0190073b-bed9-7144-a2b1-e14c1bf8738f	0190073b-bed8-7444-9aca-440e5f9dc283	018e61da-976d-7fca-9165-3e872014d47f	2024-06-11 14:17:54.426021+02	\N	\N
0190073b-befc-785b-b77a-c7cd5c9610bd	0190073b-bed9-7c59-a922-c188b71b346a	0190073b-befb-7ba5-a226-243aa51e1c16	0190073b-bed8-7444-9aca-440e5f9dc283	018e61da-976d-7fca-9165-3e872014d47f	2024-06-11 14:17:54.426021+02	\N	\N
0190073b-bed9-737b-ad37-fa2e3d698dae	0190073b-bed9-7c59-a922-c188b71b346a	0190073b-bed9-7144-a2b1-e14c1bf8738f	0190073b-bed8-7444-9aca-440e5f9dc283	018e61da-976d-7fca-9165-3e872014d47f	2024-06-11 14:17:54.392817+02	2024-06-11 14:17:54.426021+02	018e61da-976d-7fca-9165-3e872014d47f
0190074b-9f1b-7eb4-bc57-da60716ed38b	0190074b-9f1b-79ab-8539-751acef3e8ab	0190074b-9ef5-77d8-a5a2-f023c68ac578	0190074b-9ef5-769d-8d06-9a2a1a79f838	018e61da-976d-7fca-9165-3e872014d47f	2024-06-11 14:35:14.842893+02	\N	\N
0190074b-9f1c-7ece-9f36-8b8581316476	0190074b-9ef5-76b8-ba40-4f58e452d3fd	0190074b-9f1b-79ab-8539-751acef3e8ab	0190074b-9ef5-769d-8d06-9a2a1a79f838	018e61da-976d-7fca-9165-3e872014d47f	2024-06-11 14:35:14.842893+02	\N	\N
0190074b-9ef5-7cea-af32-2e3613e9e106	0190074b-9ef5-76b8-ba40-4f58e452d3fd	0190074b-9ef5-77d8-a5a2-f023c68ac578	0190074b-9ef5-769d-8d06-9a2a1a79f838	018e61da-976d-7fca-9165-3e872014d47f	2024-06-11 14:35:14.805289+02	2024-06-11 14:35:14.842893+02	018e61da-976d-7fca-9165-3e872014d47f
01900770-9c44-7173-986e-58ffc79589f6	01900770-9c44-71fa-9ad4-e7ce34263d41	01900770-9bec-77f8-89ca-41b649267114	01900770-9bec-72ff-a739-ab3ecf534b97	018e61da-976d-7fca-9165-3e872014d47f	2024-06-11 15:15:38.946494+02	\N	\N
01900770-9c44-7415-bdc4-2f1233ddf6f4	01900770-9bec-7315-8de0-ec01bfea203e	01900770-9c44-71fa-9ad4-e7ce34263d41	01900770-9bec-72ff-a739-ab3ecf534b97	018e61da-976d-7fca-9165-3e872014d47f	2024-06-11 15:15:38.946494+02	\N	\N
01900770-9bed-7b88-90e5-e9785c7057df	01900770-9bec-7315-8de0-ec01bfea203e	01900770-9bec-77f8-89ca-41b649267114	01900770-9bec-72ff-a739-ab3ecf534b97	018e61da-976d-7fca-9165-3e872014d47f	2024-06-11 15:15:38.86056+02	2024-06-11 15:15:38.946494+02	018e61da-976d-7fca-9165-3e872014d47f
01900771-39f8-79c3-9115-dfb39c7bc25d	01900771-39f8-78ea-b62f-a4cc4105506c	01900771-39d3-7f5d-bd99-fc0f3dd1df30	01900771-39d3-7884-8357-e02efd68d272	018e61da-976d-7fca-9165-3e872014d47f	2024-06-11 15:16:19.319438+02	\N	\N
01900771-39f8-7197-8300-3cd06b726576	01900771-39d3-7eb6-98c1-fe5a066d4754	01900771-39f8-78ea-b62f-a4cc4105506c	01900771-39d3-7884-8357-e02efd68d272	018e61da-976d-7fca-9165-3e872014d47f	2024-06-11 15:16:19.319438+02	\N	\N
01900771-39d3-7d86-b248-3b9c39b22e08	01900771-39d3-7eb6-98c1-fe5a066d4754	01900771-39d3-7f5d-bd99-fc0f3dd1df30	01900771-39d3-7884-8357-e02efd68d272	018e61da-976d-7fca-9165-3e872014d47f	2024-06-11 15:16:19.283057+02	2024-06-11 15:16:19.319438+02	018e61da-976d-7fca-9165-3e872014d47f
\.


--
-- Data for Name: project_planologische_planstatus_changelog_value; Type: TABLE DATA; Schema: diwi_testset; Owner: ali
--

COPY diwi_testset.project_planologische_planstatus_changelog_value (id, planologische_planstatus_changelog_id, planologische_planstatus) FROM stdin;
56b59872-d2f5-4723-bd6a-758aa23c9690	4029f955-d129-4f8a-b974-fe0f41927315	_2A_VASTGESTELD
0f7381f6-7a68-46b4-8cdb-9ed69b8863ff	4029f955-d129-4f8a-b974-fe0f41927315	_3_IN_VOORBEREIDING
ccdba8aa-dfe8-41aa-939d-90aacba88378	9d6db690-fc2c-438a-bd46-6baa54e48a5e	_4A_OPGENOMEN_IN_VISIE
7cb35caf-5a54-449c-abe0-ae4ec0a05f23	9d6db690-fc2c-438a-bd46-6baa54e48a5e	_2A_VASTGESTELD
09aaa81a-0423-4aba-8135-b872be650bfc	9d6db690-fc2c-438a-bd46-6baa54e48a5e	_1C_ONHERROEPELIJK_MET_BW_NODIG
60883b15-1e2b-4825-84b7-c8e82bc75671	ce37c83a-e6f7-478e-86e0-743a3d5696c4	_2A_VASTGESTELD
401dfb55-6f89-4f89-b925-00796291a61d	ce37c83a-e6f7-478e-86e0-743a3d5696c4	_3_IN_VOORBEREIDING
018e656d-d998-708a-853c-9b8084ae2321	018e656d-d998-7e54-a22a-d664793d2aa7	_1A_ONHERROEPELIJK
018e656d-d998-7904-9044-c22c852cec07	018e656d-d998-7e54-a22a-d664793d2aa7	_1C_ONHERROEPELIJK_MET_BW_NODIG
018e656d-d998-7793-a613-ae7294fa0cf1	018e656d-d998-7e54-a22a-d664793d2aa7	_1B_ONHERROEPELIJK_MET_UITWERKING_NODIG
018e6b06-4cb6-715c-8bc3-a97dee6c9b5b	018e6b06-4cb5-7840-897f-94eca2f9a2a0	_1A_ONHERROEPELIJK
018e6b06-4cb6-7faa-8158-22721bc8f9c1	018e6b06-4cb5-7840-897f-94eca2f9a2a0	_1C_ONHERROEPELIJK_MET_BW_NODIG
018e6b06-4cb6-7ed7-9115-8fba26bbaac9	018e6b06-4cb5-7840-897f-94eca2f9a2a0	_1B_ONHERROEPELIJK_MET_UITWERKING_NODIG
018e6b06-4cb6-7278-b1f0-0b9121807a3c	018e6b06-4cb5-7840-897f-94eca2f9a2a0	_2A_VASTGESTELD
018e7b10-5683-7719-846c-1659721cc75e	018e7b10-5683-7de3-b793-f55422ebc703	_2B_VASTGESTELD_MET_UITWERKING_NODIG
018e7b10-5683-7479-88d2-0617e3c0b350	018e7b10-5683-7de3-b793-f55422ebc703	_1B_ONHERROEPELIJK_MET_UITWERKING_NODIG
018e8545-8afc-7183-b839-d8a1273ccba3	018e8545-8afc-7d99-8d42-2b4229e90a75	_1C_ONHERROEPELIJK_MET_BW_NODIG
018e8545-8afc-75bc-9b62-fc6151068930	018e8545-8afc-7d99-8d42-2b4229e90a75	_1B_ONHERROEPELIJK_MET_UITWERKING_NODIG
018e8582-c9d8-7018-be7b-e308a12a4012	018e8582-c9d8-7bae-86cc-f82d4306cb47	_1B_ONHERROEPELIJK_MET_UITWERKING_NODIG
018e8584-eec1-79f3-b912-aba7653a1ffd	018e8584-eec1-7ed4-892e-1d1dc1f6bbf8	_1C_ONHERROEPELIJK_MET_BW_NODIG
018e8584-eec1-7d6c-824e-9875d7eaeecd	018e8584-eec1-7ed4-892e-1d1dc1f6bbf8	_1A_ONHERROEPELIJK
018e8584-eec1-7468-a67a-f657b26df62f	018e8584-eec1-7ed4-892e-1d1dc1f6bbf8	_1B_ONHERROEPELIJK_MET_UITWERKING_NODIG
018e8584-eec1-772b-9c46-3cb010cffa1c	018e8584-eec1-7ed4-892e-1d1dc1f6bbf8	_2A_VASTGESTELD
018e8584-eec2-7a2b-b49d-3b4da1bf2f6d	018e8584-eec2-70f0-9d7b-642e30364380	_1B_ONHERROEPELIJK_MET_UITWERKING_NODIG
018ff304-7e41-771b-a4aa-bca9fcbb2989	018ff304-7e40-7f31-80dd-fd0436d1f35e	_2A_VASTGESTELD
018ff305-95d2-71e9-979e-b394757fccbe	018ff305-95d2-79fb-b4f1-bd94d40e569b	_2A_VASTGESTELD
018ff307-5b41-722b-bc6c-df5236d5ce7d	018ff307-5b41-7c8a-93b5-5f9611c801dc	_2A_VASTGESTELD
01900157-cae0-7da2-bd0d-25b218c51fbe	01900157-cae0-74c8-abdb-26320fa9ed36	_2A_VASTGESTELD
01900165-e46b-7b9a-b8be-9253ce15f7e5	01900165-e46b-7e13-9876-45b57d90db98	_2A_VASTGESTELD
0190016a-0321-7d88-8695-132721d86cba	0190016a-0321-787c-8b2a-500d1e890062	_2A_VASTGESTELD
01900171-58b1-733b-983a-1a7ff3625c8a	01900171-58b1-7921-a6f3-b1702c0958c7	_2A_VASTGESTELD
01900176-e60e-7f80-9e24-eca7a03efff1	01900176-e60e-7f42-bb48-83523d977411	_2A_VASTGESTELD
01900177-7e20-7d81-bf29-8cdf4235c2fc	01900177-7e20-7891-96b6-ac142547cc15	_2A_VASTGESTELD
01900178-a3a4-7d0f-9abb-d4597b7c3a75	01900178-a3a4-7282-82a6-cdea537da149	_2A_VASTGESTELD
019001ea-732f-7980-a810-60351903286b	019001ea-732f-731f-add3-27b41a5ac188	_2A_VASTGESTELD
0190020d-c929-712e-9ec8-993fa7f93612	0190020d-c929-7ba3-8b49-802368ef69d4	_2A_VASTGESTELD
0190020f-6da6-74d3-8275-a0ed2f2e24a5	0190020f-6da6-7dfc-9eab-da134391e92d	_2A_VASTGESTELD
01900211-de8a-732f-92d5-06425daa3fd9	01900211-de8a-7278-a1e3-c24fd00e6e0b	_2A_VASTGESTELD
01900214-f7e0-7a0a-88d3-5e43ee54871d	01900214-f7e0-794e-9851-16887e52b53e	_2A_VASTGESTELD
01900217-9e7b-7a53-9d8c-a77520304872	01900217-9e7b-79ec-887b-5c76cc5b9e28	_2A_VASTGESTELD
0190021b-01f1-7d81-a559-7c173780103d	0190021b-01f1-7791-9b65-abf94bfcb143	_2A_VASTGESTELD
0190021f-5630-73ea-b5d6-1fa2274fb0c8	0190021f-5630-7041-9532-4769cbbdc066	_2A_VASTGESTELD
0190022e-f017-7471-a8b9-2dcaa068122d	0190022e-f017-7fe6-a8d4-b5f33ca9d375	_2A_VASTGESTELD
0190022f-f613-7e46-a5b3-e1740367f8f9	0190022f-f613-7bb2-99a5-56795aa389ea	_2A_VASTGESTELD
01900231-0293-7b74-bafd-0e64dbd9e387	01900231-0293-7e74-802b-3d4d4b9f3741	_2A_VASTGESTELD
01900231-c079-7211-a618-3ec16d0a6510	01900231-c079-7611-b024-4631a4c2eedc	_2A_VASTGESTELD
01900232-5c34-7b5c-a1c9-fec96fc9436c	01900232-5c34-7f60-b8df-0b8ccd7dc930	_2A_VASTGESTELD
0190023a-e3eb-79e6-9849-091021873abb	0190023a-e3eb-7b11-a6a1-24643b123623	_2A_VASTGESTELD
0190023b-c19f-7375-8ec0-77cdd8cd50e4	0190023b-c19f-79f7-abe7-6ea25b7f7dd2	_2A_VASTGESTELD
0190023c-a0ea-75b0-b229-88b4dd396be0	0190023c-a0ea-72be-95b2-dc6165d9addd	_2A_VASTGESTELD
0190023e-8e54-76be-aac6-dbc5465e0b35	0190023e-8e54-7788-9de3-80359ea654cd	_2A_VASTGESTELD
01900243-8879-7233-bded-43efdd2caf71	01900243-8879-742b-9871-5dd86ae6267a	_2A_VASTGESTELD
01900244-c33f-7268-bb52-0f2803780c61	01900244-c33f-72ff-b785-0ec0b8548463	_2A_VASTGESTELD
019002d0-5c25-7166-8881-7a1221a652a4	019002d0-5c25-7b23-b57c-b9f4f827ca2a	_2A_VASTGESTELD
019002d3-0d1a-7349-aca3-d4b936899747	019002d3-0d1a-7598-8cbe-a561bdb46f3e	_2A_VASTGESTELD
019002d4-a02e-7d76-84ad-c711a45a700f	019002d4-a02e-700d-b091-31b12e8e1996	_2A_VASTGESTELD
01900396-869d-7b0c-8c27-4de956d7a6d0	01900396-869d-7637-829f-b072084b5714	_2A_VASTGESTELD
01900397-bc09-7405-ac9c-3e39b9f618ca	01900397-bc09-79b1-9aa3-f70ed53671c0	_2A_VASTGESTELD
01900718-0457-768d-9ed9-095ed5644bb5	01900718-0457-7915-a2c9-5ae40b7a219f	_2A_VASTGESTELD
0190071a-0af5-7c30-8eab-26e47e574f52	0190071a-0af5-7dae-90f3-58c375776c8d	_2A_VASTGESTELD
0190071e-f4d5-721c-995c-63998a4a0878	0190071e-f4d5-70f1-9be6-f575ab02e085	_2A_VASTGESTELD
01900720-1d43-798b-8fb2-5bfbfa4a3b1d	01900720-1d43-71cb-8356-ba6311f2e3a4	_2A_VASTGESTELD
01900721-eaeb-79c0-9dbb-47307f8f9431	01900721-eaeb-7722-bc8c-8985542bc882	_2A_VASTGESTELD
01900726-5939-7e8c-bcde-4ff7073a8e6a	01900726-5939-75b4-96a2-4e9355f40c49	_2A_VASTGESTELD
01900739-7160-770d-af46-1c197354ff5c	01900739-7160-7d08-942f-7ac9257aad24	_2A_VASTGESTELD
0190073a-0fe2-769a-bbb5-65f7845ec66a	0190073a-0fe2-70df-9da0-7cc25c796807	_2A_VASTGESTELD
0190073b-befb-759b-88b0-f1315b2571f6	0190073b-befb-750a-ac6a-1336bd91334b	_2A_VASTGESTELD
0190074b-9f1b-7b51-a6ca-16d15557cf3b	0190074b-9f1b-7eb4-bc57-da60716ed38b	_2A_VASTGESTELD
01900770-9c44-77af-b12b-d74f986a76ce	01900770-9c44-7173-986e-58ffc79589f6	_2A_VASTGESTELD
01900771-39f8-7858-949f-81968ea42369	01900771-39f8-79c3-9115-dfb39c7bc25d	_2A_VASTGESTELD
\.


--
-- Data for Name: project_registry_link_changelog; Type: TABLE DATA; Schema: diwi_testset; Owner: ali
--

COPY diwi_testset.project_registry_link_changelog (id, project_id, start_milestone_id, end_milestone_id, create_user_id, change_user_id, change_start_date, change_end_date) FROM stdin;
018e656d-67c8-7769-ac8d-16f6d603ddf3	018e6566-7c86-7689-a4cf-58f57a073d2a	018e656d-591d-7f2f-b8da-35cdf53a3eba	018e6566-7c86-76a1-a3f0-7434a7101fd3	018e61da-976d-7fca-9165-3e872014d47f	\N	2024-03-22 10:10:52.596064+01	\N
018e656d-591e-7116-93c5-9542173961fb	018e6566-7c86-7689-a4cf-58f57a073d2a	018e656d-591d-7f2f-b8da-35cdf53a3eba	018e6566-7c86-76a1-a3f0-7434a7101fd3	018e61da-976d-7fca-9165-3e872014d47f	018e61da-976d-7fca-9165-3e872014d47f	2024-03-22 10:10:48.848966+01	2024-03-22 10:10:52.596064+01
018e65b0-41e7-7ffa-adaf-4a09c9d191c5	5c9fbb50-d8fd-480d-9e38-7f3b391d3110	1c155b85-29e3-4fec-85a2-96bda344fe8a	529ca978-1d23-418a-a94c-bd219454a587	018e61da-976d-7fca-9165-3e872014d47f	\N	2024-03-22 11:23:53.827213+01	\N
018e6594-726c-7b22-af04-abe0fa7c5b48	018e61e1-d224-76dd-95aa-4fa7dfe22816	018e6594-726b-7285-9c34-e426816b3939	018e61e1-d225-712d-8838-a08bd94a89a9	018e61da-976d-7fca-9165-3e872014d47f	018e61da-976d-7fca-9165-3e872014d47f	2024-03-22 10:53:31.233809+01	2024-03-22 16:34:22.848666+01
018e66cc-8397-7789-9494-8765972f2fa9	018e61e1-d224-76dd-95aa-4fa7dfe22816	018e6594-726b-7285-9c34-e426816b3939	018e61e1-d225-712d-8838-a08bd94a89a9	018e61da-976d-7fca-9165-3e872014d47f	018e61da-976d-7fca-9165-3e872014d47f	2024-03-22 16:34:22.848666+01	2024-03-22 16:35:16.979703+01
018e66cd-d711-7e1b-b746-606cfe8b3245	018e621b-4ea8-7801-b880-4e960e416feb	018e66cd-d70f-775e-a3cb-c2e9a368adc2	018e621b-4ea8-777a-82e2-96093d6bc4dd	018e61da-976d-7fca-9165-3e872014d47f	\N	2024-03-22 16:35:49.769681+01	\N
018e685a-9a28-7b87-84bc-a6265b29939d	018e61e1-d224-76dd-95aa-4fa7dfe22816	018e6594-726b-7285-9c34-e426816b3939	018e61e1-d225-712d-8838-a08bd94a89a9	018e61da-976d-7fca-9165-3e872014d47f	\N	2024-03-22 23:49:11.953033+01	\N
018e66cd-5707-7a34-8ce1-91f7c21f5abe	018e61e1-d224-76dd-95aa-4fa7dfe22816	018e6594-726b-7285-9c34-e426816b3939	018e61e1-d225-712d-8838-a08bd94a89a9	018e61da-976d-7fca-9165-3e872014d47f	018e61da-976d-7fca-9165-3e872014d47f	2024-03-22 16:35:16.979703+01	2024-03-22 23:49:11.953033+01
018e6a89-64da-7869-9646-b2876903130a	018e6a86-fc0d-724c-9605-a7cc30c312b8	018e6a89-64d9-79c0-9fd3-3d955837118c	018e6a86-fc1c-7e4e-b414-84e1e81a26c7	018e61da-976d-7fca-9165-3e872014d47f	\N	2024-03-23 09:59:32.932932+01	\N
018e7b02-35af-7808-a811-ee989a30a61b	018e6548-0294-73e6-8535-38500033f66a	018e7aff-69d9-78d0-b7ac-4004a566f9a7	018e6548-029d-7008-8aae-8d9aa4ad4098	018e61da-976d-7fca-9165-3e872014d47f	\N	2024-03-26 14:45:26.188984+01	\N
018e7b12-f350-7a4f-a90a-abfdddd783aa	018e7b10-5624-78a3-89c7-36e649258a50	018e7b10-5676-7276-aa1e-d91205112298	018e7b10-5624-76e6-a531-626801bfa91e	018e61da-976d-7fca-9165-3e872014d47f	\N	2024-03-26 15:03:43.307756+01	\N
018e7f38-86d5-7cf1-aa6e-27d34ca2bc33	018e7f1e-b0de-79ff-9acd-9f0f5663bfc2	018e7f38-86d3-73bf-9381-a72b46969bc1	018e7f1e-b0ea-71d3-87e5-01affdbc78d7	018e61da-976d-7fca-9165-3e872014d47f	\N	2024-03-27 10:23:14.760819+01	\N
018e7f8d-aacd-7c27-bb80-b5b2f64a8b2a	018e7f8c-a20f-7ff5-909d-a97a037fe67a	018e7f8d-aacd-7114-a789-95329c2ce8ad	018e7f8c-a20f-7255-8ed6-5806d078709d	018e61da-976d-7fca-9165-3e872014d47f	\N	2024-03-27 11:56:14.531449+01	\N
018e8581-f92c-77a8-96b5-6bf2b6ebb907	018e857b-bacc-7ec1-a1d0-9aadc458f24f	018e8581-f92a-7047-b00a-5bdd5365a12f	018e857b-bad8-75ce-b83d-381c6642389a	018e61da-976d-7fca-9165-3e872014d47f	\N	2024-03-28 15:41:11.445068+01	\N
018e8584-1a15-75f0-92bd-6accd6eb86d6	018e8582-c988-7609-b68d-8c2956410c2f	018e8582-c9d0-736c-aa60-acd8567eb28e	018e8582-c988-75e9-8d7c-7ded79862e13	018e61da-976d-7fca-9165-3e872014d47f	\N	2024-03-28 15:43:30.959507+01	\N
018fdd0c-2510-7a89-a7d2-fe55e122b973	018e7f9d-bdfc-7b7d-894b-80ca5a41bb74	018f4de4-fea8-7164-b9bf-6ad784077e61	018fdd0c-24ff-79dd-a842-01db99abc88e	018e61da-976d-7fca-9165-3e872014d47f	\N	2024-06-03 09:41:51.724082+02	\N
018f4de4-feae-7dcc-b791-050544238240	018e7f9d-bdfc-7b7d-894b-80ca5a41bb74	018f4de4-fea8-7164-b9bf-6ad784077e61	018e7f9d-bdfc-7306-bb6d-3cf299b5cbc7	018e61da-976d-7fca-9165-3e872014d47f	018e61da-976d-7fca-9165-3e872014d47f	2024-05-06 14:33:24.131573+02	2024-06-03 09:41:51.724082+02
018fdd0c-508e-74f9-a255-ff07e3adb801	018e7f9d-bdfc-7b7d-894b-80ca5a41bb74	018fdd0c-24ff-79dd-a842-01db99abc88e	018e7f9d-bdfc-7306-bb6d-3cf299b5cbc7	018e61da-976d-7fca-9165-3e872014d47f	\N	2024-06-03 09:42:02.889482+02	\N
018fdd0c-250f-74a7-9e54-7d407ea4700e	018e7f9d-bdfc-7b7d-894b-80ca5a41bb74	018fdd0c-24ff-79dd-a842-01db99abc88e	018e7f9d-bdfc-7306-bb6d-3cf299b5cbc7	018e61da-976d-7fca-9165-3e872014d47f	018e61da-976d-7fca-9165-3e872014d47f	2024-06-03 09:41:51.724082+02	2024-06-03 09:42:02.889482+02
0190024e-085b-7d24-ae10-90db1ebc9b9a	01900244-c2e1-7719-adbb-01ec2d2ca73b	01900244-c33c-75a3-a18e-29dcb918c5ad	01900244-c2e1-7bd7-85ea-132c3f1c63c1	018e61da-976d-7fca-9165-3e872014d47f	\N	2024-06-10 15:19:46.778081+02	\N
019002d0-bce7-75d5-bb8a-6af651e5c326	019002d0-5bf1-7807-8a77-528f6e58bc15	019002d0-5c24-7432-9fb6-cbe0fe002cdd	019002d0-5bf1-7e8c-8ec8-acf5b4ca6c57	018e61da-976d-7fca-9165-3e872014d47f	\N	2024-06-10 17:42:32.677722+02	\N
019002d4-fd86-743e-a72c-621a56a6436a	019002d4-a001-747a-8c82-b37feb482e6c	019002d4-a02c-70e2-962d-de05831102ba	019002d4-a001-723a-b300-9be7be1a2388	018e61da-976d-7fca-9165-3e872014d47f	\N	2024-06-10 17:47:11.365913+02	\N
01900398-0f2b-724a-912b-4cb90eb55bd9	01900397-bbc5-7b9f-a282-6c9d3cf92918	01900397-bc07-7041-824a-f58c5f2a3fcf	01900397-bbc5-79c9-8649-2aa88b80c0ad	018e61da-976d-7fca-9165-3e872014d47f	\N	2024-06-10 21:20:15.40214+02	\N
01900739-b9a0-783b-8396-de74a774dc5b	01900739-7129-77e9-8d70-1702ef8d3554	01900739-715e-76ab-bdb7-441ecfa6cab0	01900739-7129-7cbf-b230-fcf393986e6d	018e61da-976d-7fca-9165-3e872014d47f	\N	2024-06-11 14:15:41.983504+02	\N
0190074c-05fa-7b85-a152-b58aa19aac66	0190074b-9ef5-769d-8d06-9a2a1a79f838	0190074b-9f1a-7f40-9f07-aa535541f365	0190074b-9ef5-77d8-a5a2-f023c68ac578	018e61da-976d-7fca-9165-3e872014d47f	\N	2024-06-11 14:35:41.176788+02	\N
01900770-e250-75a7-ba54-40ab30de42b4	01900770-9bec-72ff-a739-ab3ecf534b97	01900770-9c42-7d17-8c5e-7388de47125c	01900770-9bec-77f8-89ca-41b649267114	018e61da-976d-7fca-9165-3e872014d47f	\N	2024-06-11 15:15:56.879124+02	\N
\.


--
-- Data for Name: project_registry_link_changelog_value; Type: TABLE DATA; Schema: diwi_testset; Owner: ali
--

COPY diwi_testset.project_registry_link_changelog_value (id, project_registry_link_changelog_id, brk_gemeente_code, brk_sectie, brk_perceelnummer, plot_feature, subselection_geometry) FROM stdin;
018e656d-591e-7b43-a282-5839c0d95867	018e656d-591e-7116-93c5-9542173961fb	778	C	9864	{"type":"FeatureCollection","features":[{"id":"perceel.9f35dc02-106b-4852-9c28-99f2198adfcd","type":"Feature","bbox":[519638.9541392452,6824764.961341775,520006.90841603506,6825165.81001741],"geometry":{"type":"Polygon","coordinates":[[[519638.9541392452,6825022.891681353],[519639.012008658,6825021.64351837],[519639.1673684694,6825020.402845228],[519639.41851214383,6825019.177795966],[519681.4022982931,6824921.898888438],[519719.53433896095,6824833.540470391],[519724.23635961534,6824833.588778851],[519733.1978000576,6824838.822546037],[519738.2731055756,6824841.5773722725],[519742.74368221697,6824843.657824744],[519758.30984133313,6824813.998173727],[519760.508951177,6824809.807651789],[519762.38118063135,6824806.115978089],[519783.11919447675,6824764.961341775],[519783.51973724214,6824765.071275045],[519802.5643975113,6824770.276154623],[519821.5244570262,6824775.488304243],[519829.37471223593,6824777.651105106],[519833.43525565974,6824778.76889368],[519836.2864631829,6824780.008365065],[519848.8555275807,6824785.461938735],[519863.7560421911,6824791.934627886],[519875.66278166324,6824797.1158877425],[519890.5015436152,6824803.754200893],[519894.8884965062,6824805.907087976],[519903.48413286294,6824810.483328117],[519913.7581337648,6824816.515618283],[519920.0412313954,6824820.301136284],[519926.09965481213,6824823.950752795],[519920.1564227175,6824831.881347293],[519905.5463197066,6824851.372045077],[519931.82322936796,6824896.925074511],[519955.32315167866,6824937.8520193165],[519976.52110615524,6824973.627721811],[520006.90841603506,6825026.895235121],[519997.2666676928,6825037.215250361],[519913.9804711892,6825085.755358765],[519888.689226195,6825100.512654426],[519855.0813658457,6825120.12216997],[519776.5584434732,6825165.81001741],[519773.5002978076,6825160.481417104],[519770.3325584273,6825155.218571312],[519767.05520938267,6825150.023109857],[519763.66986065067,6825144.896678677],[519760.17971596087,6825139.844199982],[519756.5847915037,6825134.864043439],[519752.8866650396,6825129.961115099],[519749.08696258586,6825125.135430831],[519745.18726187176,6825120.391896673],[519741.6386395688,6825115.994194969],[519737.99985444034,6825111.670589459],[519734.2708582438,6825107.425970089],[519730.45327694545,6825103.260352745],[519726.5503302358,6825099.177029588],[519722.56203422305,6825095.17437031],[519718.49157637847,6825091.258927191],[519714.33897279325,6825087.429069919],[519710.1074592038,6825083.686460586],[519706.2066403103,6825080.048207766],[519702.2318209583,6825076.493991132],[519698.18137519574,6825073.023794307],[519694.06180669204,6825069.637681687],[519689.8714411705,6825066.340527053],[519685.61354653304,6825063.130732431],[519681.2880905065,6825060.011557727],[519676.8999346859,6825056.984681223],[519644.2638968676,6825034.672159534],[519642.9895238962,6825033.802006302],[519642.16062184836,6825032.774889059],[519641.4169283671,6825031.681780057],[519640.76483430207,6825030.534154319],[519640.2091851484,6825029.335320449],[519639.7498680695,6825028.096688828],[519639.3933383505,6825026.823214263],[519639.14110905863,6825025.526323263],[519638.9947416025,6825024.2125521945],[519638.9541392452,6825022.891681353]],[[519724.5180811852,6824974.657786329],[519701.0138435905,6825029.089994076],[519774.73372435686,6825061.043481079],[519777.6959304023,6825054.175435904],[519780.97957822745,6825055.598581515],[519804.7303744687,6825000.52122288],[519803.1047462245,6824999.817156307],[519818.00515639636,6824965.288970212],[519819.653638135,6824965.983476282],[519834.73306195316,6824930.9322586255],[519865.25770480937,6824913.415238119],[519860.48569269496,6824905.122481601],[519869.98023546423,6824899.675579433],[519864.7004333377,6824890.4404544635],[519891.4129571311,6824874.949449875],[519890.1612047918,6824872.773805926],[519898.8907762895,6824867.725227303],[519887.3912216547,6824847.613981925],[519891.1100916813,6824845.291966364],[519899.71898168203,6824849.022305275],[519912.9796760237,6824818.454325189],[519854.2188253623,6824792.981223253],[519834.4301074309,6824784.402799139],[519821.2126208158,6824815.016597045],[519831.84385209135,6824819.609841311],[519828.65691505803,6824827.019953407],[519794.6438434968,6824812.319290374],[519724.5180811852,6824974.657786329]]]},"properties":{"AKRKadastraleGemeenteCodeCode":"829","AKRKadastraleGemeenteCodeWaarde":"OHN00","beginGeldigheid":"2014-01-21T12:20:56Z","identificatieLokaalID":"24120986470000","identificatieNamespace":"NL.IMKAD.KadastraalObject","kadastraleGemeenteCode":"778","kadastraleGemeenteWaarde":"Oudshoorn","kadastraleGrootteWaarde":"22705","perceelnummer":"9864","perceelnummerPlaatscoordinaatX":"105888.581","perceelnummerPlaatscoordinaatY":"461269.685","perceelnummerRotatie":"0","perceelnummerVerschuivingDeltaX":"0","perceelnummerVerschuivingDeltaY":"0","sectie":"C","soortGrootteCode":"1","soortGrootteWaarde":"Vastgesteld","statusHistorieCode":"G","statusHistorieWaarde":"Geldig","tijdstipRegistratie":"2014-01-21T12:20:56Z","volgnummer":"0"}}],"crs":{"properties":{"name":"urn:ogc:def:crs:EPSG::3857"},"type":"name"}}	\N
018e656d-591e-766d-baf9-fc398b03c3e3	018e656d-591e-7116-93c5-9542173961fb	778	C	7734	{"type":"FeatureCollection","features":[{"id":"perceel.7ad9c751-a429-4db8-81a4-5fab9f8ff34b","type":"Feature","bbox":[519724.5180811852,6824792.981223253,519912.9796760237,6825006.625498901],"geometry":{"type":"Polygon","coordinates":[[[519864.7004333377,6824890.4404544635],[519869.98023546423,6824899.675579433],[519860.48569269496,6824905.122481601],[519865.25770480937,6824913.415238119],[519834.73306195316,6824930.9322586255],[519819.653638135,6824965.983476282],[519818.00515639636,6824965.288970212],[519803.1047462245,6824999.817156307],[519802.83013482497,6825000.456732347],[519801.186669988,6824999.747597891],[519798.2357888726,6825006.625498901],[519724.5180811852,6824974.657786329],[519794.6438434968,6824812.319290374],[519828.65691505803,6824827.019953407],[519845.4101002771,6824834.260953376],[519848.5970248447,6824826.850828056],[519841.05671138735,6824823.592373837],[519854.2188253623,6824792.981223253],[519912.9796760237,6824818.454325189],[519899.71898168203,6824849.022305275],[519891.1100916813,6824845.291966364],[519887.3912216547,6824847.613981925],[519898.8907762895,6824867.725227303],[519890.1612047918,6824872.773805926],[519889.3011445848,6824871.276935324],[519862.41138523724,6824886.438503545],[519864.7004333377,6824890.4404544635]]]},"properties":{"AKRKadastraleGemeenteCodeCode":"829","AKRKadastraleGemeenteCodeWaarde":"OHN00","beginGeldigheid":"2006-07-11T09:54:10Z","identificatieLokaalID":"24120773470000","identificatieNamespace":"NL.IMKAD.KadastraalObject","kadastraleGemeenteCode":"778","kadastraleGemeenteWaarde":"Oudshoorn","kadastraleGrootteWaarde":"7102","perceelnummer":"7734","perceelnummerPlaatscoordinaatX":"105862.47","perceelnummerPlaatscoordinaatY":"461207.196","perceelnummerRotatie":"0","perceelnummerVerschuivingDeltaX":"0","perceelnummerVerschuivingDeltaY":"0","sectie":"C","soortGrootteCode":"1","soortGrootteWaarde":"Vastgesteld","statusHistorieCode":"G","statusHistorieWaarde":"Geldig","tijdstipRegistratie":"2006-07-11T09:54:10Z","volgnummer":"0"}}],"crs":{"properties":{"name":"urn:ogc:def:crs:EPSG::3857"},"type":"name"}}	\N
018e656d-591e-721d-818a-0d2b0f16d3de	018e656d-591e-7116-93c5-9542173961fb	778	C	8113	{"type":"FeatureCollection","features":[{"id":"perceel.37677926-f1b0-4e70-8c48-27221e12c567","type":"Feature","bbox":[519701.0138435905,6824974.657786329,519804.7303744687,6825061.043481079],"geometry":{"type":"Polygon","coordinates":[[[519724.5180811852,6824974.657786329],[519798.2357888726,6825006.625498901],[519801.186669988,6824999.747597891],[519802.83013482497,6825000.456732347],[519803.1047462245,6824999.817156307],[519804.7303744687,6825000.52122288],[519780.97957822745,6825055.598581515],[519777.6959304023,6825054.175435904],[519774.73372435686,6825061.043481079],[519701.0138435905,6825029.089994076],[519724.5180811852,6824974.657786329]]]},"properties":{"AKRKadastraleGemeenteCodeCode":"829","AKRKadastraleGemeenteCodeWaarde":"OHN00","beginGeldigheid":"2006-07-11T09:54:10Z","identificatieLokaalID":"24120811370000","identificatieNamespace":"NL.IMKAD.KadastraalObject","kadastraleGemeenteCode":"778","kadastraleGemeenteWaarde":"Oudshoorn","kadastraleGrootteWaarde":"1877","perceelnummer":"8113","perceelnummerPlaatscoordinaatX":"105830.832","perceelnummerPlaatscoordinaatY":"461273.401","perceelnummerRotatie":"0","perceelnummerVerschuivingDeltaX":"0","perceelnummerVerschuivingDeltaY":"0","sectie":"C","soortGrootteCode":"1","soortGrootteWaarde":"Vastgesteld","statusHistorieCode":"G","statusHistorieWaarde":"Geldig","tijdstipRegistratie":"2006-07-11T09:54:10Z","volgnummer":"0"}}],"crs":{"properties":{"name":"urn:ogc:def:crs:EPSG::3857"},"type":"name"}}	\N
018e656d-67c8-74dd-a8e5-101da23b8a47	018e656d-67c8-7769-ac8d-16f6d603ddf3	778	C	9864	{"type":"FeatureCollection","features":[{"id":"perceel.9f35dc02-106b-4852-9c28-99f2198adfcd","type":"Feature","bbox":[519638.9541392452,6824764.961341775,520006.90841603506,6825165.81001741],"geometry":{"type":"Polygon","coordinates":[[[519638.9541392452,6825022.891681353],[519639.012008658,6825021.64351837],[519639.1673684694,6825020.402845228],[519639.41851214383,6825019.177795966],[519681.4022982931,6824921.898888438],[519719.53433896095,6824833.540470391],[519724.23635961534,6824833.588778851],[519733.1978000576,6824838.822546037],[519738.2731055756,6824841.5773722725],[519742.74368221697,6824843.657824744],[519758.30984133313,6824813.998173727],[519760.508951177,6824809.807651789],[519762.38118063135,6824806.115978089],[519783.11919447675,6824764.961341775],[519783.51973724214,6824765.071275045],[519802.5643975113,6824770.276154623],[519821.5244570262,6824775.488304243],[519829.37471223593,6824777.651105106],[519833.43525565974,6824778.76889368],[519836.2864631829,6824780.008365065],[519848.8555275807,6824785.461938735],[519863.7560421911,6824791.934627886],[519875.66278166324,6824797.1158877425],[519890.5015436152,6824803.754200893],[519894.8884965062,6824805.907087976],[519903.48413286294,6824810.483328117],[519913.7581337648,6824816.515618283],[519920.0412313954,6824820.301136284],[519926.09965481213,6824823.950752795],[519920.1564227175,6824831.881347293],[519905.5463197066,6824851.372045077],[519931.82322936796,6824896.925074511],[519955.32315167866,6824937.8520193165],[519976.52110615524,6824973.627721811],[520006.90841603506,6825026.895235121],[519997.2666676928,6825037.215250361],[519913.9804711892,6825085.755358765],[519888.689226195,6825100.512654426],[519855.0813658457,6825120.12216997],[519776.5584434732,6825165.81001741],[519773.5002978076,6825160.481417104],[519770.3325584273,6825155.218571312],[519767.05520938267,6825150.023109857],[519763.66986065067,6825144.896678677],[519760.17971596087,6825139.844199982],[519756.5847915037,6825134.864043439],[519752.8866650396,6825129.961115099],[519749.08696258586,6825125.135430831],[519745.18726187176,6825120.391896673],[519741.6386395688,6825115.994194969],[519737.99985444034,6825111.670589459],[519734.2708582438,6825107.425970089],[519730.45327694545,6825103.260352745],[519726.5503302358,6825099.177029588],[519722.56203422305,6825095.17437031],[519718.49157637847,6825091.258927191],[519714.33897279325,6825087.429069919],[519710.1074592038,6825083.686460586],[519706.2066403103,6825080.048207766],[519702.2318209583,6825076.493991132],[519698.18137519574,6825073.023794307],[519694.06180669204,6825069.637681687],[519689.8714411705,6825066.340527053],[519685.61354653304,6825063.130732431],[519681.2880905065,6825060.011557727],[519676.8999346859,6825056.984681223],[519644.2638968676,6825034.672159534],[519642.9895238962,6825033.802006302],[519642.16062184836,6825032.774889059],[519641.4169283671,6825031.681780057],[519640.76483430207,6825030.534154319],[519640.2091851484,6825029.335320449],[519639.7498680695,6825028.096688828],[519639.3933383505,6825026.823214263],[519639.14110905863,6825025.526323263],[519638.9947416025,6825024.2125521945],[519638.9541392452,6825022.891681353]],[[519724.5180811852,6824974.657786329],[519701.0138435905,6825029.089994076],[519774.73372435686,6825061.043481079],[519777.6959304023,6825054.175435904],[519780.97957822745,6825055.598581515],[519804.7303744687,6825000.52122288],[519803.1047462245,6824999.817156307],[519818.00515639636,6824965.288970212],[519819.653638135,6824965.983476282],[519834.73306195316,6824930.9322586255],[519865.25770480937,6824913.415238119],[519860.48569269496,6824905.122481601],[519869.98023546423,6824899.675579433],[519864.7004333377,6824890.4404544635],[519891.4129571311,6824874.949449875],[519890.1612047918,6824872.773805926],[519898.8907762895,6824867.725227303],[519887.3912216547,6824847.613981925],[519891.1100916813,6824845.291966364],[519899.71898168203,6824849.022305275],[519912.9796760237,6824818.454325189],[519854.2188253623,6824792.981223253],[519834.4301074309,6824784.402799139],[519821.2126208158,6824815.016597045],[519831.84385209135,6824819.609841311],[519828.65691505803,6824827.019953407],[519794.6438434968,6824812.319290374],[519724.5180811852,6824974.657786329]]]},"properties":{"AKRKadastraleGemeenteCodeCode":"829","AKRKadastraleGemeenteCodeWaarde":"OHN00","beginGeldigheid":"2014-01-21T12:20:56Z","identificatieLokaalID":"24120986470000","identificatieNamespace":"NL.IMKAD.KadastraalObject","kadastraleGemeenteCode":"778","kadastraleGemeenteWaarde":"Oudshoorn","kadastraleGrootteWaarde":"22705","perceelnummer":"9864","perceelnummerPlaatscoordinaatX":"105888.581","perceelnummerPlaatscoordinaatY":"461269.685","perceelnummerRotatie":"0","perceelnummerVerschuivingDeltaX":"0","perceelnummerVerschuivingDeltaY":"0","sectie":"C","soortGrootteCode":"1","soortGrootteWaarde":"Vastgesteld","statusHistorieCode":"G","statusHistorieWaarde":"Geldig","tijdstipRegistratie":"2014-01-21T12:20:56Z","volgnummer":"0"}}],"crs":{"properties":{"name":"urn:ogc:def:crs:EPSG::3857"},"type":"name"}}	\N
018e656d-67c8-7057-bc66-b529c9f3026e	018e656d-67c8-7769-ac8d-16f6d603ddf3	778	C	7734	{"type":"FeatureCollection","features":[{"id":"perceel.7ad9c751-a429-4db8-81a4-5fab9f8ff34b","type":"Feature","bbox":[519724.5180811852,6824792.981223253,519912.9796760237,6825006.625498901],"geometry":{"type":"Polygon","coordinates":[[[519864.7004333377,6824890.4404544635],[519869.98023546423,6824899.675579433],[519860.48569269496,6824905.122481601],[519865.25770480937,6824913.415238119],[519834.73306195316,6824930.9322586255],[519819.653638135,6824965.983476282],[519818.00515639636,6824965.288970212],[519803.1047462245,6824999.817156307],[519802.83013482497,6825000.456732347],[519801.186669988,6824999.747597891],[519798.2357888726,6825006.625498901],[519724.5180811852,6824974.657786329],[519794.6438434968,6824812.319290374],[519828.65691505803,6824827.019953407],[519845.4101002771,6824834.260953376],[519848.5970248447,6824826.850828056],[519841.05671138735,6824823.592373837],[519854.2188253623,6824792.981223253],[519912.9796760237,6824818.454325189],[519899.71898168203,6824849.022305275],[519891.1100916813,6824845.291966364],[519887.3912216547,6824847.613981925],[519898.8907762895,6824867.725227303],[519890.1612047918,6824872.773805926],[519889.3011445848,6824871.276935324],[519862.41138523724,6824886.438503545],[519864.7004333377,6824890.4404544635]]]},"properties":{"AKRKadastraleGemeenteCodeCode":"829","AKRKadastraleGemeenteCodeWaarde":"OHN00","beginGeldigheid":"2006-07-11T09:54:10Z","identificatieLokaalID":"24120773470000","identificatieNamespace":"NL.IMKAD.KadastraalObject","kadastraleGemeenteCode":"778","kadastraleGemeenteWaarde":"Oudshoorn","kadastraleGrootteWaarde":"7102","perceelnummer":"7734","perceelnummerPlaatscoordinaatX":"105862.47","perceelnummerPlaatscoordinaatY":"461207.196","perceelnummerRotatie":"0","perceelnummerVerschuivingDeltaX":"0","perceelnummerVerschuivingDeltaY":"0","sectie":"C","soortGrootteCode":"1","soortGrootteWaarde":"Vastgesteld","statusHistorieCode":"G","statusHistorieWaarde":"Geldig","tijdstipRegistratie":"2006-07-11T09:54:10Z","volgnummer":"0"}}],"crs":{"properties":{"name":"urn:ogc:def:crs:EPSG::3857"},"type":"name"}}	\N
018e656d-67c8-7535-aeb4-bce914a32124	018e656d-67c8-7769-ac8d-16f6d603ddf3	778	C	8113	{"type":"FeatureCollection","features":[{"id":"perceel.37677926-f1b0-4e70-8c48-27221e12c567","type":"Feature","bbox":[519701.0138435905,6824974.657786329,519804.7303744687,6825061.043481079],"geometry":{"type":"Polygon","coordinates":[[[519724.5180811852,6824974.657786329],[519798.2357888726,6825006.625498901],[519801.186669988,6824999.747597891],[519802.83013482497,6825000.456732347],[519803.1047462245,6824999.817156307],[519804.7303744687,6825000.52122288],[519780.97957822745,6825055.598581515],[519777.6959304023,6825054.175435904],[519774.73372435686,6825061.043481079],[519701.0138435905,6825029.089994076],[519724.5180811852,6824974.657786329]]]},"properties":{"AKRKadastraleGemeenteCodeCode":"829","AKRKadastraleGemeenteCodeWaarde":"OHN00","beginGeldigheid":"2006-07-11T09:54:10Z","identificatieLokaalID":"24120811370000","identificatieNamespace":"NL.IMKAD.KadastraalObject","kadastraleGemeenteCode":"778","kadastraleGemeenteWaarde":"Oudshoorn","kadastraleGrootteWaarde":"1877","perceelnummer":"8113","perceelnummerPlaatscoordinaatX":"105830.832","perceelnummerPlaatscoordinaatY":"461273.401","perceelnummerRotatie":"0","perceelnummerVerschuivingDeltaX":"0","perceelnummerVerschuivingDeltaY":"0","sectie":"C","soortGrootteCode":"1","soortGrootteWaarde":"Vastgesteld","statusHistorieCode":"G","statusHistorieWaarde":"Geldig","tijdstipRegistratie":"2006-07-11T09:54:10Z","volgnummer":"0"}}],"crs":{"properties":{"name":"urn:ogc:def:crs:EPSG::3857"},"type":"name"}}	\N
018e6594-726c-7352-81c5-987300309af2	018e6594-726c-7b22-af04-abe0fa7c5b48	27	A	8723	{"type":"FeatureCollection","features":[{"id":"perceel.fa6775b4-8dc8-4c5f-bf8b-7c506debb814","type":"Feature","bbox":[518746.6969619401,6824873.607187963,518890.693958315,6824989.578969999],"geometry":{"type":"Polygon","coordinates":[[[518820.13118350477,6824895.542464625],[518834.76310753246,6824902.146500642],[518834.4053706097,6824902.961262254],[518833.9648905377,6824903.920279802],[518857.2164843635,6824914.440103849],[518857.64897925255,6824913.46633201],[518858.0180304497,6824912.6582026025],[518858.7822453859,6824912.987017751],[518863.795322338,6824915.272304979],[518866.26065383235,6824916.389266302],[518871.2981722108,6824918.669904437],[518873.7278988415,6824919.770204829],[518878.7832411969,6824922.057538757],[518881.22753784125,6824923.164504245],[518889.0363625356,6824926.698835227],[518890.693958315,6824927.449046836],[518885.19464093563,6824939.66921581],[518883.1574845202,6824944.201906228],[518881.12655285886,6824948.762374412],[518879.21702624124,6824953.05182018],[518878.1707960769,6824955.400215555],[518886.10093861475,6824956.231286754],[518883.42259270727,6824969.940451537],[518882.40293077985,6824975.166418642],[518881.42329928756,6824989.578969999],[518877.23747257935,6824988.796866906],[518860.1280535373,6824985.531083336],[518860.4903363318,6824983.609451907],[518835.4303924698,6824978.785245665],[518835.05834851053,6824980.7067769095],[518817.9478426925,6824977.390359577],[518818.3150128545,6824975.4687809395],[518792.44309691177,6824970.543372204],[518792.8053625415,6824968.6250074245],[518779.92866712227,6824966.172650458],[518776.51230176917,6824965.522120605],[518779.4885155478,6824949.848344932],[518779.7094461111,6824948.73062109],[518779.80730179814,6824948.213202495],[518777.37115735,6824947.104654462],[518778.98978719575,6824943.454609325],[518770.78475160676,6824939.705889277],[518761.1698736883,6824935.312114751],[518746.6969619401,6824928.742119761],[518750.2708466188,6824920.790106245],[518753.67838781094,6824913.211370505],[518753.84470795235,6824912.839728945],[518755.62388791447,6824913.625422747],[518759.05805436673,6824905.985011968],[518762.66355801787,6824897.958344661],[518766.08608555875,6824890.342281527],[518764.2990572018,6824889.528800304],[518764.4803188597,6824889.126336267],[518767.89594642725,6824881.549335686],[518771.47456916596,6824873.607187963],[518785.9786363797,6824880.143173876],[518803.7556944197,6824888.17101636],[518811.69572471647,6824891.749110006],[518819.25857458834,6824895.158762258],[518820.13118350477,6824895.542464625]]]},"properties":{"AKRKadastraleGemeenteCodeCode":"27","AKRKadastraleGemeenteCodeWaarde":"APN01","beginGeldigheid":"2024-01-02T12:18:57Z","identificatieLokaalID":"21720872370000","identificatieNamespace":"NL.IMKAD.KadastraalObject","kadastraleGemeenteCode":"27","kadastraleGemeenteWaarde":"Alphen aan den Rijn","kadastraleGrootteWaarde":"3545","perceelnummer":"8723","perceelnummerPlaatscoordinaatX":"105253.771","perceelnummerPlaatscoordinaatY":"461218.394","perceelnummerRotatie":"0","perceelnummerVerschuivingDeltaX":"0","perceelnummerVerschuivingDeltaY":"0","sectie":"A","soortGrootteCode":"1","soortGrootteWaarde":"Vastgesteld","statusHistorieCode":"G","statusHistorieWaarde":"Geldig","tijdstipRegistratie":"2024-01-02T12:18:57Z","volgnummer":"0"}}],"crs":{"properties":{"name":"urn:ogc:def:crs:EPSG::3857"},"type":"name"}}	\N
018e65b0-41e8-7616-8970-49cb20bf046b	018e65b0-41e7-7ffa-adaf-4a09c9d191c5	778	C	9232	{"type":"FeatureCollection","features":[{"id":"perceel.1f569853-4bd8-4c3e-a250-34dce86b3037","type":"Feature","bbox":[520097.13391653274,6824807.69409977,520189.92933176743,6824909.00164837],"geometry":{"type":"Polygon","coordinates":[[[520189.92933176743,6824850.53862888],[520187.4159947613,6824855.28859569],[520182.0414940012,6824864.938338585],[520173.68635919906,6824877.411475534],[520169.61185216333,6824882.838867235],[520164.7657486996,6824888.517841514],[520161.0808896482,6824892.349877113],[520159.18178125,6824894.32483694],[520156.9228715261,6824896.676076362],[520150.74082374404,6824903.112937569],[520145.77118966094,6824908.453247292],[520142.1858312657,6824908.610203849],[520133.6224525081,6824909.00164837],[520119.0403313394,6824892.25748665],[520104.94150284363,6824875.9794470165],[520097.13391653274,6824866.977097144],[520105.6455654623,6824844.049686159],[520113.04687953804,6824824.236392918],[520119.2143784961,6824807.69409977],[520129.66834156483,6824811.975463274],[520136.8476881527,6824814.912194952],[520148.91390801105,6824819.770235746],[520147.5944313567,6824822.993083839],[520151.2090570701,6824824.487773293],[520152.7290235494,6824822.042862076],[520165.4481257782,6824830.128536904],[520172.31976987014,6824835.25967101],[520178.2852795064,6824840.435653907],[520189.92933176743,6824850.53862888]]]},"properties":{"AKRKadastraleGemeenteCodeCode":"829","AKRKadastraleGemeenteCodeWaarde":"OHN00","beginGeldigheid":"2010-08-02T13:44:09Z","identificatieLokaalID":"24120923270000","identificatieNamespace":"NL.IMKAD.KadastraalObject","kadastraleGemeenteCode":"778","kadastraleGemeenteWaarde":"Oudshoorn","kadastraleGrootteWaarde":"2097","perceelnummer":"9232","perceelnummerPlaatscoordinaatX":"106051.738","perceelnummerPlaatscoordinaatY":"461175.696","perceelnummerRotatie":"0","perceelnummerVerschuivingDeltaX":"0","perceelnummerVerschuivingDeltaY":"0","sectie":"C","soortGrootteCode":"1","soortGrootteWaarde":"Vastgesteld","statusHistorieCode":"G","statusHistorieWaarde":"Geldig","tijdstipRegistratie":"2010-08-02T13:44:09Z","volgnummer":"0"}}],"crs":{"properties":{"name":"urn:ogc:def:crs:EPSG::3857"},"type":"name"}}	\N
018e66cc-83a0-7ea1-a60a-8a626ec602ff	018e66cc-8397-7789-9494-8765972f2fa9	27	A	8728	{"type":"FeatureCollection","features":[{"id":"perceel.756ea880-18a8-47a1-96ad-d2952d804c82","type":"Feature","bbox":[518777.3992943884,6824991.851047335,518878.55351136153,6825044.175592681],"geometry":{"type":"Polygon","coordinates":[[[518875.4682519609,6825009.494110702],[518878.55351136153,6825010.085853206],[518878.55006432347,6825010.105381093],[518872.26021170476,6825044.175592681],[518813.62268681056,6825039.399068869],[518813.30302897777,6825040.796211262],[518806.2461516462,6825039.1375304945],[518777.3992943884,6825033.46324233],[518778.6850427842,6825026.676552416],[518781.9571704546,6825009.380315077],[518780.9914804527,6825009.197813872],[518780.0566339178,6825009.020512978],[518780.4619462855,6825006.862931862],[518783.28683332715,6824991.851047335],[518833.3579772241,6825001.337844685],[518832.98755762784,6825003.259397477],[518858.0161628773,6825008.135477167],[518858.3816827508,6825006.215503167],[518875.4682519609,6825009.494110702]]]},"properties":{"AKRKadastraleGemeenteCodeCode":"27","AKRKadastraleGemeenteCodeWaarde":"APN01","beginGeldigheid":"2023-02-28T12:22:21Z","identificatieLokaalID":"21720872870000","identificatieNamespace":"NL.IMKAD.KadastraalObject","kadastraleGemeenteCode":"27","kadastraleGemeenteWaarde":"Alphen aan den Rijn","kadastraleGrootteWaarde":"1471","perceelnummer":"8728","perceelnummerPlaatscoordinaatX":"105259.758","perceelnummerPlaatscoordinaatY":"461282.61","perceelnummerRotatie":"0","perceelnummerVerschuivingDeltaX":"0","perceelnummerVerschuivingDeltaY":"0","sectie":"A","soortGrootteCode":"1","soortGrootteWaarde":"Vastgesteld","statusHistorieCode":"G","statusHistorieWaarde":"Geldig","tijdstipRegistratie":"2023-02-28T12:22:21Z","volgnummer":"0"}}],"crs":{"properties":{"name":"urn:ogc:def:crs:EPSG::3857"},"type":"name"}}	\N
018e66cc-83a1-7c81-b1ec-0d0e1b4372bc	018e66cc-8397-7789-9494-8765972f2fa9	27	A	8721	{"type":"FeatureCollection","features":[{"id":"perceel.a46003a8-2876-403b-b9c3-9cba9ff43ac2","type":"Feature","bbox":[518722.59037494357,6824978.794735258,518766.1562660487,6825034.80964535],"geometry":{"type":"Polygon","coordinates":[[[518754.8941290237,6825034.7891174015],[518722.59037494357,6825032.195233281],[518724.0766077034,6825013.006318104],[518731.6855905551,6824978.794735258],[518732.15300337924,6824978.884203214],[518732.9414814185,6824979.063298451],[518766.10760291864,6824986.624859521],[518766.1562660487,6824986.636759795],[518766.14946919406,6824986.666035133],[518763.3659093707,6824998.678744735],[518761.07348670636,6825008.732007658],[518759.7258279009,6825014.715996219],[518756.59992617404,6825028.440285754],[518755.15247030655,6825034.80964535],[518754.8941290237,6825034.7891174015]]]},"properties":{"AKRKadastraleGemeenteCodeCode":"27","AKRKadastraleGemeenteCodeWaarde":"APN01","beginGeldigheid":"2023-01-24T09:54:18Z","identificatieLokaalID":"21720872170000","identificatieNamespace":"NL.IMKAD.KadastraalObject","kadastraleGemeenteCode":"27","kadastraleGemeenteWaarde":"Alphen aan den Rijn","kadastraleGrootteWaarde":"686","perceelnummer":"8721","perceelnummerPlaatscoordinaatX":"105205.752","perceelnummerPlaatscoordinaatY":"461275.142","perceelnummerRotatie":"0","perceelnummerVerschuivingDeltaX":"0","perceelnummerVerschuivingDeltaY":"0","sectie":"A","soortGrootteCode":"1","soortGrootteWaarde":"Vastgesteld","statusHistorieCode":"G","statusHistorieWaarde":"Geldig","tijdstipRegistratie":"2023-01-24T09:54:18Z","volgnummer":"0"}}],"crs":{"properties":{"name":"urn:ogc:def:crs:EPSG::3857"},"type":"name"}}	\N
018e66cd-5707-7220-b694-3e3bed315698	018e66cd-5707-7a34-8ce1-91f7c21f5abe	268	D	1740	{"type":"FeatureCollection","features":[{"id":"perceel.db042a87-4013-43cc-a474-a7f55c63405d","type":"Feature","bbox":[609680.3928690578,6699193.355395208,609793.29257627,6699288.216064548],"geometry":{"type":"Polygon","coordinates":[[[609704.6508196869,6699207.790764495],[609709.8566050371,6699212.407308921],[609723.6594205956,6699224.454934547],[609734.939990625,6699234.658090087],[609762.2846417944,6699257.29289461],[609793.29257627,6699278.606813052],[609787.8305392262,6699288.216064548],[609765.3090346978,6699272.882203327],[609762.7949658317,6699271.2239346],[609751.115029449,6699261.812640713],[609727.1483637126,6699244.221986191],[609726.6352486609,6699244.883970786],[609693.7935915142,6699212.432012956],[609680.3928690578,6699199.218479231],[609686.3014454864,6699193.355395208],[609697.79919062,6699201.868014758],[609704.6508196869,6699207.790764495]]]},"properties":{"AKRKadastraleGemeenteCodeCode":"315","AKRKadastraleGemeenteCodeWaarde":"EHV00","beginGeldigheid":"2006-04-26T13:04:19Z","identificatieLokaalID":"40570174070000","identificatieNamespace":"NL.IMKAD.KadastraalObject","kadastraleGemeenteCode":"268","kadastraleGemeenteWaarde":"Eindhoven","kadastraleGrootteWaarde":"600","perceelnummer":"1740","perceelnummerPlaatscoordinaatX":"161272.087","perceelnummerPlaatscoordinaatY":"383281.759","perceelnummerRotatie":"0","perceelnummerVerschuivingDeltaX":"0","perceelnummerVerschuivingDeltaY":"0","sectie":"D","soortGrootteCode":"1","soortGrootteWaarde":"Vastgesteld","statusHistorieCode":"G","statusHistorieWaarde":"Geldig","tijdstipRegistratie":"2006-04-26T13:04:19Z","volgnummer":"0"}}],"crs":{"properties":{"name":"urn:ogc:def:crs:EPSG::3857"},"type":"name"}}	\N
018e66cd-5707-7349-81b8-eb8f707d9061	018e66cd-5707-7a34-8ce1-91f7c21f5abe	268	D	3098	{"type":"FeatureCollection","features":[{"id":"perceel.47d8ee08-c684-4536-b322-deea2099d170","type":"Feature","bbox":[609727.2963889689,6699206.543550828,609801.5343335395,6699269.990298691],"geometry":{"type":"Polygon","coordinates":[[[609801.5343335395,6699264.1078126645],[609798.1906665453,6699269.990298691],[609771.5349157896,6699250.431916042],[609771.7615609806,6699249.86499295],[609757.0714936779,6699238.977479331],[609755.793866933,6699237.67403281],[609750.9643351185,6699233.101981428],[609727.2963889689,6699213.596005562],[609733.0994110651,6699206.543550828],[609764.8793622153,6699233.521273358],[609801.5343335395,6699264.1078126645]]]},"properties":{"AKRKadastraleGemeenteCodeCode":"315","AKRKadastraleGemeenteCodeWaarde":"EHV00","beginGeldigheid":"2006-04-26T13:04:19Z","identificatieLokaalID":"40570309870000","identificatieNamespace":"NL.IMKAD.KadastraalObject","kadastraleGemeenteCode":"268","kadastraleGemeenteWaarde":"Eindhoven","kadastraleGrootteWaarde":"287","perceelnummer":"3098","perceelnummerPlaatscoordinaatX":"161283.636","perceelnummerPlaatscoordinaatY":"383274.798","perceelnummerRotatie":"0","perceelnummerVerschuivingDeltaX":"0","perceelnummerVerschuivingDeltaY":"0","sectie":"D","soortGrootteCode":"1","soortGrootteWaarde":"Vastgesteld","statusHistorieCode":"G","statusHistorieWaarde":"Geldig","tijdstipRegistratie":"2006-04-26T13:04:19Z","volgnummer":"0"}}],"crs":{"properties":{"name":"urn:ogc:def:crs:EPSG::3857"},"type":"name"}}	\N
018e66cd-5707-7693-a69c-7191170c3a5d	018e66cd-5707-7a34-8ce1-91f7c21f5abe	268	D	3034	{"type":"FeatureCollection","features":[{"id":"perceel.f7efc49b-4cdd-4c5c-8def-7093d513629e","type":"Feature","bbox":[609709.8566050371,6699204.450056753,609798.1906665453,6699278.606813052],"geometry":{"type":"Polygon","coordinates":[[[609793.29257627,6699278.606813052],[609762.2846417944,6699257.29289461],[609734.939990625,6699234.658090087],[609723.6594205956,6699224.454934547],[609709.8566050371,6699212.407308921],[609716.5310846823,6699204.450056753],[609726.7595024164,6699213.1536349375],[609727.2963889689,6699213.596005562],[609750.9643351185,6699233.101981428],[609755.793866933,6699237.67403281],[609757.0714936779,6699238.977479331],[609771.7615609806,6699249.86499295],[609771.5349157896,6699250.431916042],[609798.1906665453,6699269.990298691],[609793.29257627,6699278.606813052]]]},"properties":{"AKRKadastraleGemeenteCodeCode":"315","AKRKadastraleGemeenteCodeWaarde":"EHV00","beginGeldigheid":"2006-04-26T13:04:19Z","identificatieLokaalID":"40570303470000","identificatieNamespace":"NL.IMKAD.KadastraalObject","kadastraleGemeenteCode":"268","kadastraleGemeenteWaarde":"Eindhoven","kadastraleGrootteWaarde":"440","perceelnummer":"3034","perceelnummerPlaatscoordinaatX":"161281.782","perceelnummerPlaatscoordinaatY":"383281.243","perceelnummerRotatie":"0","perceelnummerVerschuivingDeltaX":"0","perceelnummerVerschuivingDeltaY":"0","sectie":"D","soortGrootteCode":"1","soortGrootteWaarde":"Vastgesteld","statusHistorieCode":"G","statusHistorieWaarde":"Geldig","tijdstipRegistratie":"2006-04-26T13:04:19Z","volgnummer":"0"}}],"crs":{"properties":{"name":"urn:ogc:def:crs:EPSG::3857"},"type":"name"}}	\N
018e66cd-d712-7d75-8735-dd3883d0ff64	018e66cd-d711-7e1b-b746-606cfe8b3245	951	D	3473	{"type":"FeatureCollection","features":[{"id":"perceel.8478b113-3280-4a5e-be14-411d7a592180","type":"Feature","bbox":[606966.0320405384,6698710.374528789,607029.6989597469,6698765.508107633],"geometry":{"type":"Polygon","coordinates":[[[607008.9120460653,6698765.508107633],[607001.5865104013,6698762.301290225],[606999.8776495585,6698761.556455921],[606966.208199743,6698746.891992901],[606966.0320405384,6698746.827946876],[606977.6271638881,6698712.3348744325],[606978.1905375955,6698710.374528789],[607017.1089008673,6698722.8270918075],[607018.6366216697,6698723.316870567],[607029.6989597469,6698726.828445942],[607019.523106304,6698754.912736837],[607008.9120460653,6698765.508107633]]]},"properties":{"AKRKadastraleGemeenteCodeCode":"1060","AKRKadastraleGemeenteCodeWaarde":"STR03","beginGeldigheid":"2007-09-20T07:01:12Z","identificatieLokaalID":"45160347370000","identificatieNamespace":"NL.IMKAD.KadastraalObject","kadastraleGemeenteCode":"951","kadastraleGemeenteWaarde":"Strijp","kadastraleGrootteWaarde":"843","perceelnummer":"3473","perceelnummerPlaatscoordinaatX":"159558.97","perceelnummerPlaatscoordinaatY":"382962.686","perceelnummerRotatie":"0","perceelnummerVerschuivingDeltaX":"0","perceelnummerVerschuivingDeltaY":"0","sectie":"D","soortGrootteCode":"1","soortGrootteWaarde":"Vastgesteld","statusHistorieCode":"G","statusHistorieWaarde":"Geldig","tijdstipRegistratie":"2007-09-20T07:01:12Z","volgnummer":"0"}}],"crs":{"properties":{"name":"urn:ogc:def:crs:EPSG::3857"},"type":"name"}}	\N
018e66cd-d712-7fc1-8268-4f2b609f1350	018e66cd-d711-7e1b-b746-606cfe8b3245	951	D	3019	{"type":"FeatureCollection","features":[{"id":"perceel.f5301504-77dd-4e0a-a4a1-4b03e6c94776","type":"Feature","bbox":[606977.8046055775,6698642.244278249,607051.0403652012,6698726.828445942],"geometry":{"type":"Polygon","coordinates":[[[607050.3900424445,6698669.099648348],[607049.8454987732,6698670.6153590875],[607029.6989597469,6698726.828445942],[607018.6366216697,6698723.316870567],[607017.1089008673,6698722.8270918075],[606978.1905375955,6698710.374528789],[606977.8046055775,6698710.251283467],[606995.1406956086,6698656.30737822],[606997.6519255181,6698648.491495578],[606999.631454192,6698642.244278249],[607004.4611801547,6698643.793640789],[607044.5675201318,6698656.667035967],[607045.1936839266,6698656.897600246],[607045.8022782865,6698657.173123206],[607046.7376912005,6698657.706769442],[607047.6075596138,6698658.3432015525],[607048.399069033,6698659.074405765],[607049.1010058551,6698659.892366847],[607049.7069562988,6698660.785854998],[607050.2057023934,6698661.742039685],[607050.5940321556,6698662.749688181],[607050.863927965,6698663.794361941],[607051.0137772815,6698664.8632216435],[607051.0403652012,6698665.941824354],[607050.9452809959,6698667.017327817],[607050.7269092277,6698668.07368251],[607050.3900424445,6698669.099648348]]]},"properties":{"AKRKadastraleGemeenteCodeCode":"1060","AKRKadastraleGemeenteCodeWaarde":"STR03","beginGeldigheid":"2007-09-20T07:01:12Z","identificatieLokaalID":"45160301970000","identificatieNamespace":"NL.IMKAD.KadastraalObject","kadastraleGemeenteCode":"951","kadastraleGemeenteWaarde":"Strijp","kadastraleGrootteWaarde":"1538","perceelnummer":"3019","perceelnummerPlaatscoordinaatX":"159584.553","perceelnummerPlaatscoordinaatY":"382926.361","perceelnummerRotatie":"0","perceelnummerVerschuivingDeltaX":"0","perceelnummerVerschuivingDeltaY":"0","sectie":"D","soortGrootteCode":"1","soortGrootteWaarde":"Vastgesteld","statusHistorieCode":"G","statusHistorieWaarde":"Geldig","tijdstipRegistratie":"2007-09-20T07:01:12Z","volgnummer":"0"}}],"crs":{"properties":{"name":"urn:ogc:def:crs:EPSG::3857"},"type":"name"}}	\N
018e66cd-d713-72fa-86d5-0b3b5fb5806b	018e66cd-d711-7e1b-b746-606cfe8b3245	951	D	2554	{"type":"FeatureCollection","features":[{"id":"perceel.59f09e32-4267-4ecd-b8fe-9ad0748485e5","type":"Feature","bbox":[606962.9310515255,6698746.827946876,607010.3761270533,6698817.707763452],"geometry":{"type":"Polygon","coordinates":[[[606963.3014452981,6698772.62465267],[606963.0637870679,6698770.021361299],[606962.9413874138,6698767.4083363],[606962.9310515255,6698764.793606173],[606963.0359854412,6698762.181983398],[606963.2545909866,6698759.57667961],[606963.5868723483,6698756.982510172],[606964.031234213,6698754.405896954],[606964.5876807726,6698751.851655262],[606965.254615292,6698749.324601845],[606966.0320405384,6698746.827946876],[606966.208199743,6698746.891992901],[606999.8776495585,6698761.556455921],[607001.5865104013,6698762.301290225],[607008.9120460653,6698765.508107633],[607010.0747795311,6698766.0174825145],[607004.1288746519,6698776.680865116],[607010.3761270533,6698780.704064657],[606987.0220395514,6698816.885457972],[606986.4912624235,6698817.707763452],[606975.304626566,6698804.202676338],[606973.6967890003,6698801.855825351],[606972.1897512109,6698799.441468604],[606970.7899197588,6698796.962810692],[606969.4989012476,6698794.426270776],[606968.3166998923,6698791.836664344],[606967.24812272,6698789.198802529],[606966.2947734343,6698786.515894218],[606965.4566590962,6698783.7959651165],[606964.7385838329,6698781.040616095],[606964.1373513896,6698778.256270578],[606963.6593711092,6698775.449343342],[606963.3014452981,6698772.62465267]]]},"properties":{"AKRKadastraleGemeenteCodeCode":"1060","AKRKadastraleGemeenteCodeWaarde":"STR03","beginGeldigheid":"2007-09-20T07:01:12Z","identificatieLokaalID":"45160255470000","identificatieNamespace":"NL.IMKAD.KadastraalObject","kadastraleGemeenteCode":"951","kadastraleGemeenteWaarde":"Strijp","kadastraleGrootteWaarde":"791","perceelnummer":"2554","perceelnummerPlaatscoordinaatX":"159549.838","perceelnummerPlaatscoordinaatY":"382986.576","perceelnummerRotatie":"0","perceelnummerVerschuivingDeltaX":"0","perceelnummerVerschuivingDeltaY":"0","sectie":"D","soortGrootteCode":"1","soortGrootteWaarde":"Vastgesteld","statusHistorieCode":"G","statusHistorieWaarde":"Geldig","tijdstipRegistratie":"2007-09-20T07:01:12Z","volgnummer":"0"}}],"crs":{"properties":{"name":"urn:ogc:def:crs:EPSG::3857"},"type":"name"}}	\N
018e7b12-f350-799e-8a5a-c2be2697cd97	018e7b12-f350-7a4f-a90a-abfdddd783aa	1132	W	6473	{"type":"FeatureCollection","features":[{"id":"perceel.f04a656b-fe87-4015-9e75-3bfa7cc8ea67","type":"Feature","bbox":[608764.4116455272,6708551.564482835,608827.745760357,6708600.960892975],"geometry":{"type":"Polygon","coordinates":[[[608764.4116455272,6708573.415071539],[608775.5143157364,6708551.564482835],[608790.9381645127,6708559.741430685],[608807.9129256516,6708568.73298581],[608827.745760357,6708579.265654947],[608816.3000040292,6708600.960892975],[608764.4116455272,6708573.415071539]]]},"properties":{"AKRKadastraleGemeenteCodeCode":"1242","AKRKadastraleGemeenteCodeWaarde":"WSL01","beginGeldigheid":"2006-06-08T06:51:32Z","identificatieLokaalID":"46570647370000","identificatieNamespace":"NL.IMKAD.KadastraalObject","kadastraleGemeenteCode":"1132","kadastraleGemeenteWaarde":"Woensel","kadastraleGrootteWaarde":"561","perceelnummer":"6473","perceelnummerPlaatscoordinaatX":"160666.485","perceelnummerPlaatscoordinaatY":"389084.661","perceelnummerRotatie":"0","perceelnummerVerschuivingDeltaX":"0","perceelnummerVerschuivingDeltaY":"0","sectie":"W","soortGrootteCode":"1","soortGrootteWaarde":"Vastgesteld","statusHistorieCode":"G","statusHistorieWaarde":"Geldig","tijdstipRegistratie":"2006-06-08T06:51:32Z","volgnummer":"0"}}],"crs":{"properties":{"name":"urn:ogc:def:crs:EPSG::3857"},"type":"name"}}	\N
018e685a-9a32-71f0-9089-5954773e36f4	018e685a-9a28-7b87-84bc-a6265b29939d	268	D	1740	{"type":"FeatureCollection","features":[{"id":"perceel.db042a87-4013-43cc-a474-a7f55c63405d","type":"Feature","bbox":[609680.3928690578,6699193.355395208,609793.29257627,6699288.216064548],"geometry":{"type":"Polygon","coordinates":[[[609704.6508196869,6699207.790764495],[609709.8566050371,6699212.407308921],[609723.6594205956,6699224.454934547],[609734.939990625,6699234.658090087],[609762.2846417944,6699257.29289461],[609793.29257627,6699278.606813052],[609787.8305392262,6699288.216064548],[609765.3090346978,6699272.882203327],[609762.7949658317,6699271.2239346],[609751.115029449,6699261.812640713],[609727.1483637126,6699244.221986191],[609726.6352486609,6699244.883970786],[609693.7935915142,6699212.432012956],[609680.3928690578,6699199.218479231],[609686.3014454864,6699193.355395208],[609697.79919062,6699201.868014758],[609704.6508196869,6699207.790764495]]]},"properties":{"AKRKadastraleGemeenteCodeCode":"315","AKRKadastraleGemeenteCodeWaarde":"EHV00","beginGeldigheid":"2006-04-26T13:04:19Z","identificatieLokaalID":"40570174070000","identificatieNamespace":"NL.IMKAD.KadastraalObject","kadastraleGemeenteCode":"268","kadastraleGemeenteWaarde":"Eindhoven","kadastraleGrootteWaarde":"600","perceelnummer":"1740","perceelnummerPlaatscoordinaatX":"161272.087","perceelnummerPlaatscoordinaatY":"383281.759","perceelnummerRotatie":"0","perceelnummerVerschuivingDeltaX":"0","perceelnummerVerschuivingDeltaY":"0","sectie":"D","soortGrootteCode":"1","soortGrootteWaarde":"Vastgesteld","statusHistorieCode":"G","statusHistorieWaarde":"Geldig","tijdstipRegistratie":"2006-04-26T13:04:19Z","volgnummer":"0"}}],"crs":{"properties":{"name":"urn:ogc:def:crs:EPSG::3857"},"type":"name"}}	\N
018e685a-9a32-73e7-9a24-33b89a9c694f	018e685a-9a28-7b87-84bc-a6265b29939d	268	D	3098	{"type":"FeatureCollection","features":[{"id":"perceel.47d8ee08-c684-4536-b322-deea2099d170","type":"Feature","bbox":[609727.2963889689,6699206.543550828,609801.5343335395,6699269.990298691],"geometry":{"type":"Polygon","coordinates":[[[609801.5343335395,6699264.1078126645],[609798.1906665453,6699269.990298691],[609771.5349157896,6699250.431916042],[609771.7615609806,6699249.86499295],[609757.0714936779,6699238.977479331],[609755.793866933,6699237.67403281],[609750.9643351185,6699233.101981428],[609727.2963889689,6699213.596005562],[609733.0994110651,6699206.543550828],[609764.8793622153,6699233.521273358],[609801.5343335395,6699264.1078126645]]]},"properties":{"AKRKadastraleGemeenteCodeCode":"315","AKRKadastraleGemeenteCodeWaarde":"EHV00","beginGeldigheid":"2006-04-26T13:04:19Z","identificatieLokaalID":"40570309870000","identificatieNamespace":"NL.IMKAD.KadastraalObject","kadastraleGemeenteCode":"268","kadastraleGemeenteWaarde":"Eindhoven","kadastraleGrootteWaarde":"287","perceelnummer":"3098","perceelnummerPlaatscoordinaatX":"161283.636","perceelnummerPlaatscoordinaatY":"383274.798","perceelnummerRotatie":"0","perceelnummerVerschuivingDeltaX":"0","perceelnummerVerschuivingDeltaY":"0","sectie":"D","soortGrootteCode":"1","soortGrootteWaarde":"Vastgesteld","statusHistorieCode":"G","statusHistorieWaarde":"Geldig","tijdstipRegistratie":"2006-04-26T13:04:19Z","volgnummer":"0"}}],"crs":{"properties":{"name":"urn:ogc:def:crs:EPSG::3857"},"type":"name"}}	\N
018e685a-9a32-7821-98d8-277a027db58f	018e685a-9a28-7b87-84bc-a6265b29939d	268	D	3034	{"type":"FeatureCollection","features":[{"id":"perceel.f7efc49b-4cdd-4c5c-8def-7093d513629e","type":"Feature","bbox":[609709.8566050371,6699204.450056753,609798.1906665453,6699278.606813052],"geometry":{"type":"Polygon","coordinates":[[[609793.29257627,6699278.606813052],[609762.2846417944,6699257.29289461],[609734.939990625,6699234.658090087],[609723.6594205956,6699224.454934547],[609709.8566050371,6699212.407308921],[609716.5310846823,6699204.450056753],[609726.7595024164,6699213.1536349375],[609727.2963889689,6699213.596005562],[609750.9643351185,6699233.101981428],[609755.793866933,6699237.67403281],[609757.0714936779,6699238.977479331],[609771.7615609806,6699249.86499295],[609771.5349157896,6699250.431916042],[609798.1906665453,6699269.990298691],[609793.29257627,6699278.606813052]]]},"properties":{"AKRKadastraleGemeenteCodeCode":"315","AKRKadastraleGemeenteCodeWaarde":"EHV00","beginGeldigheid":"2006-04-26T13:04:19Z","identificatieLokaalID":"40570303470000","identificatieNamespace":"NL.IMKAD.KadastraalObject","kadastraleGemeenteCode":"268","kadastraleGemeenteWaarde":"Eindhoven","kadastraleGrootteWaarde":"440","perceelnummer":"3034","perceelnummerPlaatscoordinaatX":"161281.782","perceelnummerPlaatscoordinaatY":"383281.243","perceelnummerRotatie":"0","perceelnummerVerschuivingDeltaX":"0","perceelnummerVerschuivingDeltaY":"0","sectie":"D","soortGrootteCode":"1","soortGrootteWaarde":"Vastgesteld","statusHistorieCode":"G","statusHistorieWaarde":"Geldig","tijdstipRegistratie":"2006-04-26T13:04:19Z","volgnummer":"0"}}],"crs":{"properties":{"name":"urn:ogc:def:crs:EPSG::3857"},"type":"name"}}	\N
018e685a-9a32-7e65-8db2-6e173b07717b	018e685a-9a28-7b87-84bc-a6265b29939d	268	D	1643	{"type":"FeatureCollection","features":[{"id":"perceel.43aaa462-65d2-4a82-8d44-b902151de4db","type":"Feature","bbox":[609721.275486395,6699244.221986191,609787.8305392262,6699301.410962561],"geometry":{"type":"Polygon","coordinates":[[[609780.1410789681,6699301.410962561],[609746.3153253524,6699280.140569667],[609745.445183227,6699279.507589975],[609745.7057337705,6699279.168564617],[609737.4143671868,6699269.088467034],[609737.2881112917,6699269.271618718],[609732.6881684542,6699263.927144255],[609721.275486395,6699251.780198264],[609726.6352486609,6699244.883970786],[609727.1483637126,6699244.221986191],[609751.115029449,6699261.812640713],[609762.7949658317,6699271.2239346],[609765.3090346978,6699272.882203327],[609787.8305392262,6699288.216064548],[609782.7630828195,6699297.128164277],[609780.1410789681,6699301.410962561]]]},"properties":{"AKRKadastraleGemeenteCodeCode":"315","AKRKadastraleGemeenteCodeWaarde":"EHV00","beginGeldigheid":"2006-04-26T13:04:19Z","identificatieLokaalID":"40570164370000","identificatieNamespace":"NL.IMKAD.KadastraalObject","kadastraleGemeenteCode":"268","kadastraleGemeenteWaarde":"Eindhoven","kadastraleGrootteWaarde":"430","perceelnummer":"1643","perceelnummerPlaatscoordinaatX":"161281.28","perceelnummerPlaatscoordinaatY":"383298.173","perceelnummerRotatie":"0","perceelnummerVerschuivingDeltaX":"0","perceelnummerVerschuivingDeltaY":"0","sectie":"D","soortGrootteCode":"1","soortGrootteWaarde":"Vastgesteld","statusHistorieCode":"G","statusHistorieWaarde":"Geldig","tijdstipRegistratie":"2006-04-26T13:04:19Z","volgnummer":"0"}}],"crs":{"properties":{"name":"urn:ogc:def:crs:EPSG::3857"},"type":"name"}}	\N
018f4de4-feae-7687-959e-fcb13a0c1ff3	018f4de4-feae-7dcc-b791-050544238240	1132	W	2680	{"type":"FeatureCollection","features":[{"id":"perceel.81513be1-a282-4697-97f9-6a0b59038b26","type":"Feature","bbox":[608672.0590566484,6707148.24362079,608684.0947703888,6707185.398700419],"geometry":{"type":"Polygon","coordinates":[[[608674.5443461644,6707148.24362079],[608684.0947703888,6707148.814645003],[608681.6207098363,6707185.398700419],[608672.0590566484,6707184.856605088],[608674.5443461644,6707148.24362079]]]},"properties":{"AKRKadastraleGemeenteCodeCode":"1242","AKRKadastraleGemeenteCodeWaarde":"WSL01","beginGeldigheid":"2006-04-20T13:47:58Z","identificatieLokaalID":"46570268070000","identificatieNamespace":"NL.IMKAD.KadastraalObject","kadastraleGemeenteCode":"1132","kadastraleGemeenteWaarde":"Woensel","kadastraleGrootteWaarde":"137","perceelnummer":"2680","perceelnummerPlaatscoordinaatX":"160601.486","perceelnummerPlaatscoordinaatY":"388218.741","perceelnummerRotatie":"0","perceelnummerVerschuivingDeltaX":"0","perceelnummerVerschuivingDeltaY":"0","sectie":"W","soortGrootteCode":"1","soortGrootteWaarde":"Vastgesteld","statusHistorieCode":"G","statusHistorieWaarde":"Geldig","tijdstipRegistratie":"2006-04-20T13:47:58Z","volgnummer":"0"}}],"crs":{"properties":{"name":"urn:ogc:def:crs:EPSG::3857"},"type":"name"}}	\N
018e685a-9a32-74fd-ac67-3286744a6287	018e685a-9a28-7b87-84bc-a6265b29939d	268	D	3523	{"type":"FeatureCollection","features":[{"id":"perceel.6e48ef13-d819-4138-babc-35597dcfc525","type":"Feature","bbox":[609649.340657998,6699181.242606793,609780.1410789681,6699321.288142363],"geometry":{"type":"Polygon","coordinates":[[[609768.8238878868,6699321.288142363],[609749.8298305224,6699310.1827576235],[609750.4942859635,6699308.90417139],[609748.1663331813,6699307.573125197],[609749.0080483885,6699305.925117269],[609744.2903900977,6699302.51988248],[609743.1584829795,6699303.8407842135],[609730.6638094299,6699293.303569967],[609720.0282492831,6699284.295424517],[609709.7116294528,6699275.54050439],[609714.7907152933,6699269.522666564],[609709.3740869008,6699264.036326859],[609708.2279177795,6699262.870754559],[609706.6443468941,6699261.444073882],[609705.0625017826,6699260.118519599],[609703.6072349541,6699258.87146404],[609701.7236527804,6699256.939511789],[609685.8374821192,6699240.650194806],[609674.9239956861,6699229.462516395],[609674.8200825528,6699229.587851079],[609674.6565640987,6699229.4130851105],[609671.1024679783,6699225.633994178],[609670.9665088705,6699225.73850059],[609668.2376506176,6699222.537871667],[609666.0202562102,6699219.938565067],[609663.2750579412,6699216.465071663],[609656.8418161802,6699208.329791172],[609649.340657998,6699198.842642085],[609673.2575393232,6699181.242606793],[609674.6840656799,6699182.568346281],[609686.3014454864,6699193.355395208],[609680.3928690578,6699199.218479231],[609693.7935915142,6699212.432012956],[609726.6352486609,6699244.883970786],[609721.275486395,6699251.780198264],[609732.6881684542,6699263.927144255],[609737.2881112917,6699269.271618718],[609737.4143671868,6699269.088467034],[609745.7057337705,6699279.168564617],[609745.445183227,6699279.507589975],[609746.3153253524,6699280.140569667],[609780.1410789681,6699301.410962561],[609774.7660399156,6699310.188616496],[609768.8238878868,6699321.288142363]]]},"properties":{"AKRKadastraleGemeenteCodeCode":"315","AKRKadastraleGemeenteCodeWaarde":"EHV00","beginGeldigheid":"2019-07-15T12:33:31Z","identificatieLokaalID":"40570352370000","identificatieNamespace":"NL.IMKAD.KadastraalObject","kadastraleGemeenteCode":"268","kadastraleGemeenteWaarde":"Eindhoven","kadastraleGrootteWaarde":"1595","perceelnummer":"3523","perceelnummerPlaatscoordinaatX":"161241.597","perceelnummerPlaatscoordinaatY":"383270.886","perceelnummerRotatie":"0","perceelnummerVerschuivingDeltaX":"0","perceelnummerVerschuivingDeltaY":"0","sectie":"D","soortGrootteCode":"1","soortGrootteWaarde":"Vastgesteld","statusHistorieCode":"G","statusHistorieWaarde":"Geldig","tijdstipRegistratie":"2019-07-15T12:33:31Z","volgnummer":"0"}}],"crs":{"properties":{"name":"urn:ogc:def:crs:EPSG::3857"},"type":"name"}}	\N
018e685a-9a32-7b57-acbf-4bf92747911a	018e685a-9a28-7b87-84bc-a6265b29939d	268	D	2596	{"type":"FeatureCollection","features":[{"id":"perceel.f6375513-ecc5-4f4e-b8df-79feeda085a3","type":"Feature","bbox":[609639.9847690614,6699229.4130851105,609769.2789125823,6699361.202931268],"geometry":{"type":"Polygon","coordinates":[[[609669.108932959,6699263.365376519],[609663.9534797134,6699258.019947185],[609647.8660249029,6699273.504435076],[609647.1334112192,6699272.733227192],[609640.8008131006,6699265.751904963],[609639.9847690614,6699264.8347251],[609654.4006003394,6699247.918873635],[609660.5812680186,6699243.252926682],[609674.6565640987,6699229.4130851105],[609674.8200825528,6699229.587851079],[609674.9239956861,6699229.462516395],[609685.8374821192,6699240.650194806],[609701.7236527804,6699256.939511789],[609703.6072349541,6699258.87146404],[609705.0625017826,6699260.118519599],[609706.6443468941,6699261.444073882],[609708.2279177795,6699262.870754559],[609709.3740869008,6699264.036326859],[609714.7907152933,6699269.522666564],[609709.7116294528,6699275.54050439],[609720.0282492831,6699284.295424517],[609730.6638094299,6699293.303569967],[609743.1584829795,6699303.8407842135],[609744.2903900977,6699302.51988248],[609749.0080483885,6699305.925117269],[609748.1663331813,6699307.573125197],[609750.4942859635,6699308.90417139],[609749.8298305224,6699310.1827576235],[609768.8238878868,6699321.288142363],[609769.2789125823,6699321.554043023],[609763.6339953156,6699332.213376946],[609762.9885721173,6699333.345868237],[609758.020887952,6699342.713763239],[609757.364263755,6699343.852690403],[609752.1050554614,6699353.123037475],[609751.1896462709,6699354.737436989],[609748.7549337455,6699359.023232679],[609747.6540847865,6699360.867412336],[609747.4043589461,6699360.898222431],[609746.5271173826,6699361.006864281],[609746.1397330905,6699361.063529303],[609745.0527918306,6699361.202931268],[609744.4726801347,6699360.771844221],[609739.6234706669,6699357.175724477],[609720.1623653901,6699342.573000425],[609717.9733197731,6699340.933563253],[609709.5504055588,6699334.5728423335],[609708.52634347,6699333.763469846],[609700.1914019707,6699326.017323184],[609699.2584869454,6699325.1147342725],[609691.291796249,6699317.36331512],[609690.3524613328,6699316.4462870415],[609682.3633475205,6699308.67402712],[609681.4256176159,6699307.758602221],[609673.4669601949,6699300.002356384],[609672.4490920911,6699299.014795301],[609664.4648136394,6699291.2409230955],[609663.4485546486,6699290.258175618],[609663.4068728004,6699290.213280823],[609679.1537544323,6699273.783677366],[609669.108932959,6699263.365376519]]]},"properties":{"AKRKadastraleGemeenteCodeCode":"315","AKRKadastraleGemeenteCodeWaarde":"EHV00","beginGeldigheid":"2019-07-15T12:33:31Z","identificatieLokaalID":"40570259670000","identificatieNamespace":"NL.IMKAD.KadastraalObject","kadastraleGemeenteCode":"268","kadastraleGemeenteWaarde":"Eindhoven","kadastraleGrootteWaarde":"2365","perceelnummer":"2596","perceelnummerPlaatscoordinaatX":"161248.451","perceelnummerPlaatscoordinaatY":"383313.668","perceelnummerRotatie":"0","perceelnummerVerschuivingDeltaX":"0","perceelnummerVerschuivingDeltaY":"0","sectie":"D","soortGrootteCode":"1","soortGrootteWaarde":"Vastgesteld","statusHistorieCode":"G","statusHistorieWaarde":"Geldig","tijdstipRegistratie":"2019-07-15T12:33:31Z","volgnummer":"0"}}],"crs":{"properties":{"name":"urn:ogc:def:crs:EPSG::3857"},"type":"name"}}	\N
018e685a-9a33-721b-b3be-e5242c96e2cb	018e685a-9a28-7b87-84bc-a6265b29939d	268	D	216	{"type":"FeatureCollection","features":[{"id":"perceel.fc0cd446-24a5-458c-b5d6-f885d14ab3fe","type":"Feature","bbox":[609625.8956636593,6699216.465071663,609668.2376506176,6699255.589192133],"geometry":{"type":"Polygon","coordinates":[[[609668.2376506176,6699222.537871667],[609661.8661386062,6699228.232987305],[609651.0555652633,6699237.033234012],[609631.7393943471,6699255.589192133],[609625.8956636593,6699249.040679503],[609633.9033998091,6699241.977529919],[609633.5394055591,6699241.517281615],[609638.921688593,6699237.277717617],[609655.7425381979,6699223.251546738],[609663.2750579412,6699216.465071663],[609666.0202562102,6699219.938565067],[609668.2376506176,6699222.537871667]]]},"properties":{"AKRKadastraleGemeenteCodeCode":"315","AKRKadastraleGemeenteCodeWaarde":"EHV00","beginGeldigheid":"2006-04-26T13:04:19Z","identificatieLokaalID":"40570021670000","identificatieNamespace":"NL.IMKAD.KadastraalObject","kadastraleGemeenteCode":"268","kadastraleGemeenteWaarde":"Eindhoven","kadastraleGrootteWaarde":"155","perceelnummer":"216","perceelnummerPlaatscoordinaatX":"161217.961","perceelnummerPlaatscoordinaatY":"383270.414","perceelnummerRotatie":"0","perceelnummerVerschuivingDeltaX":"0","perceelnummerVerschuivingDeltaY":"0","sectie":"D","soortGrootteCode":"1","soortGrootteWaarde":"Vastgesteld","statusHistorieCode":"G","statusHistorieWaarde":"Geldig","tijdstipRegistratie":"2006-04-26T13:04:19Z","volgnummer":"0"}}],"crs":{"properties":{"name":"urn:ogc:def:crs:EPSG::3857"},"type":"name"}}	\N
018e685a-9a33-7fb5-ad6b-574ab729c2bd	018e685a-9a28-7b87-84bc-a6265b29939d	268	D	3522	{"type":"FeatureCollection","features":[{"id":"perceel.51f9714e-4dfb-40ea-b42c-54e83b788b67","type":"Feature","bbox":[609634.7630283093,6699225.633994178,609674.6565640987,6699264.8347251],"geometry":{"type":"Polygon","coordinates":[[[609671.1024679783,6699225.633994178],[609674.6565640987,6699229.4130851105],[609660.5812680186,6699243.252926682],[609654.4006003394,6699247.918873635],[609639.9847690614,6699264.8347251],[609639.2039948396,6699263.956027061],[609634.7630283093,6699258.945189673],[609643.301284612,6699251.043447953],[609642.6551131197,6699250.259293663],[609646.5913460994,6699245.755034396],[609649.4877524225,6699243.253756323],[609670.9665088705,6699225.73850059],[609671.1024679783,6699225.633994178]]]},"properties":{"AKRKadastraleGemeenteCodeCode":"315","AKRKadastraleGemeenteCodeWaarde":"EHV00","beginGeldigheid":"2019-07-15T12:33:31Z","identificatieLokaalID":"40570352270000","identificatieNamespace":"NL.IMKAD.KadastraalObject","kadastraleGemeenteCode":"268","kadastraleGemeenteWaarde":"Eindhoven","kadastraleGrootteWaarde":"127","perceelnummer":"3522","perceelnummerPlaatscoordinaatX":"161217.961","perceelnummerPlaatscoordinaatY":"383279.159","perceelnummerRotatie":"43","perceelnummerVerschuivingDeltaX":"0","perceelnummerVerschuivingDeltaY":"0","sectie":"D","soortGrootteCode":"1","soortGrootteWaarde":"Vastgesteld","statusHistorieCode":"G","statusHistorieWaarde":"Geldig","tijdstipRegistratie":"2019-07-15T12:33:31Z","volgnummer":"0"}}],"crs":{"properties":{"name":"urn:ogc:def:crs:EPSG::3857"},"type":"name"}}	\N
018e685a-9a33-7d9c-bd80-20ea39fc37fa	018e685a-9a28-7b87-84bc-a6265b29939d	268	D	1109	{"type":"FeatureCollection","features":[{"id":"perceel.bce10599-6ffc-49a2-bef3-a0c38c09346f","type":"Feature","bbox":[609631.7393943471,6699222.537871667,609670.9665088705,6699258.959656288],"geometry":{"type":"Polygon","coordinates":[[[609670.9665088705,6699225.73850059],[609649.4877524225,6699243.253756323],[609646.5913460994,6699245.755034396],[609642.6551131197,6699250.259293663],[609643.301284612,6699251.043447953],[609634.7630283093,6699258.945189673],[609634.7470356493,6699258.959656288],[609632.9353946975,6699256.928076189],[609631.7393943471,6699255.589192133],[609651.0555652633,6699237.033234012],[609661.8661386062,6699228.232987305],[609668.2376506176,6699222.537871667],[609670.9665088705,6699225.73850059]]]},"properties":{"AKRKadastraleGemeenteCodeCode":"315","AKRKadastraleGemeenteCodeWaarde":"EHV00","beginGeldigheid":"2019-07-15T12:33:31Z","identificatieLokaalID":"40570110970000","identificatieNamespace":"NL.IMKAD.KadastraalObject","kadastraleGemeenteCode":"268","kadastraleGemeenteWaarde":"Eindhoven","kadastraleGrootteWaarde":"74","perceelnummer":"1109","perceelnummerPlaatscoordinaatX":"161207.304","perceelnummerPlaatscoordinaatY":"383285.072","perceelnummerRotatie":"47.3","perceelnummerVerschuivingDeltaX":"0","perceelnummerVerschuivingDeltaY":"0","sectie":"D","soortGrootteCode":"1","soortGrootteWaarde":"Vastgesteld","statusHistorieCode":"G","statusHistorieWaarde":"Geldig","tijdstipRegistratie":"2019-07-15T12:33:31Z","volgnummer":"0"}}],"crs":{"properties":{"name":"urn:ogc:def:crs:EPSG::3857"},"type":"name"}}	\N
018e6a89-64db-741c-b420-e5cdd02d50c0	018e6a89-64da-7869-9646-b2876903130a	268	D	3740	{"type":"FeatureCollection","features":[{"id":"perceel.50ada174-8a5c-43fe-aca0-2a8fadb72910","type":"Feature","bbox":[609647.9895167062,6699070.670778256,609759.214794572,6699178.011455237],"geometry":{"type":"Polygon","coordinates":[[[609647.9895167062,6699124.201062564],[609699.1879546467,6699070.670778256],[609738.0311295537,6699103.058514769],[609740.6033707672,6699105.1982403975],[609746.1486016673,6699109.878489103],[609746.2445111386,6699109.75637566],[609759.214794572,6699120.596117705],[609757.2724086072,6699122.890745692],[609758.3638416502,6699123.8220016295],[609757.9274222918,6699124.3522574445],[609744.5688682863,6699140.1141952025],[609741.360454165,6699144.013986696],[609713.3878089943,6699178.011455237],[609667.5364453015,6699140.129352923],[609649.8853909457,6699125.74613013],[609647.9895167062,6699124.201062564]]]},"properties":{"AKRKadastraleGemeenteCodeCode":"315","AKRKadastraleGemeenteCodeWaarde":"EHV00","beginGeldigheid":"2009-10-12T12:15:33Z","identificatieLokaalID":"40570374070000","identificatieNamespace":"NL.IMKAD.KadastraalObject","kadastraleGemeenteCode":"268","kadastraleGemeenteWaarde":"Eindhoven","kadastraleGrootteWaarde":"2340","perceelnummer":"3740","perceelnummerPlaatscoordinaatX":"161250.911","perceelnummerPlaatscoordinaatY":"383201.905","perceelnummerRotatie":"0","perceelnummerVerschuivingDeltaX":"0","perceelnummerVerschuivingDeltaY":"0","sectie":"D","soortGrootteCode":"1","soortGrootteWaarde":"Vastgesteld","statusHistorieCode":"G","statusHistorieWaarde":"Geldig","tijdstipRegistratie":"2009-10-12T12:15:33Z","volgnummer":"0"}}],"crs":{"properties":{"name":"urn:ogc:def:crs:EPSG::3857"},"type":"name"}}	\N
018e6a89-64db-719a-8d14-302487cc61e0	018e6a89-64da-7869-9646-b2876903130a	268	D	3859	{"type":"FeatureCollection","features":[{"id":"perceel.8968e562-87b3-4030-92d6-25969cf95b51","type":"Feature","bbox":[609741.360454165,6699123.72398358,609780.7443991055,6699162.732977543],"geometry":{"type":"Polygon","coordinates":[[[609758.3638416502,6699123.8220016295],[609758.4453718176,6699123.72398358],[609780.7443991055,6699142.040309272],[609763.9257637805,6699162.732977543],[609762.9735293573,6699161.734126274],[609741.360454165,6699144.013986696],[609744.5688682863,6699140.1141952025],[609757.9274222918,6699124.3522574445],[609758.3638416502,6699123.8220016295]]]},"properties":{"AKRKadastraleGemeenteCodeCode":"315","AKRKadastraleGemeenteCodeWaarde":"EHV00","beginGeldigheid":"2018-06-21T13:22:50Z","identificatieLokaalID":"40570385970000","identificatieNamespace":"NL.IMKAD.KadastraalObject","kadastraleGemeenteCode":"268","kadastraleGemeenteWaarde":"Eindhoven","kadastraleGrootteWaarde":"292","perceelnummer":"3859","perceelnummerPlaatscoordinaatX":"161279.933","perceelnummerPlaatscoordinaatY":"383222.228","perceelnummerRotatie":"0","perceelnummerVerschuivingDeltaX":"0","perceelnummerVerschuivingDeltaY":"0","sectie":"D","soortGrootteCode":"1","soortGrootteWaarde":"Vastgesteld","statusHistorieCode":"G","statusHistorieWaarde":"Geldig","tijdstipRegistratie":"2018-06-21T13:22:50Z","volgnummer":"0"}}],"crs":{"properties":{"name":"urn:ogc:def:crs:EPSG::3857"},"type":"name"}}	\N
018e6a89-64db-7856-b9ad-fb6f54b66b0c	018e6a89-64da-7869-9646-b2876903130a	268	D	3858	{"type":"FeatureCollection","features":[{"id":"perceel.0ff69745-3232-4d7d-80a5-92a1e428352e","type":"Feature","bbox":[609763.9257637805,6699142.040309272,609795.7899675498,6699177.249212656],"geometry":{"type":"Polygon","coordinates":[[[609777.7460380105,6699177.249212656],[609763.9257637805,6699162.732977543],[609780.7443991055,6699142.040309272],[609795.7899675498,6699154.397565176],[609777.7460380105,6699177.249212656]]]},"properties":{"AKRKadastraleGemeenteCodeCode":"315","AKRKadastraleGemeenteCodeWaarde":"EHV00","beginGeldigheid":"2018-06-21T13:22:50Z","identificatieLokaalID":"40570385870000","identificatieNamespace":"NL.IMKAD.KadastraalObject","kadastraleGemeenteCode":"268","kadastraleGemeenteWaarde":"Eindhoven","kadastraleGrootteWaarde":"207","perceelnummer":"3858","perceelnummerPlaatscoordinaatX":"161291.178","perceelnummerPlaatscoordinaatY":"383232.433","perceelnummerRotatie":"0","perceelnummerVerschuivingDeltaX":"0","perceelnummerVerschuivingDeltaY":"0","sectie":"D","soortGrootteCode":"1","soortGrootteWaarde":"Vastgesteld","statusHistorieCode":"G","statusHistorieWaarde":"Geldig","tijdstipRegistratie":"2018-06-21T13:22:50Z","volgnummer":"0"}}],"crs":{"properties":{"name":"urn:ogc:def:crs:EPSG::3857"},"type":"name"}}	\N
018e6a89-64db-75f6-a376-480a6cc622b0	018e6a89-64da-7869-9646-b2876903130a	268	D	2517	{"type":"FeatureCollection","features":[{"id":"perceel.aaa7fb7d-55a6-48c5-94ec-d11c3bd06fef","type":"Feature","bbox":[609777.7460380105,6699154.397565176,609803.4169399586,6699184.332571231],"geometry":{"type":"Polygon","coordinates":[[[609777.7460380105,6699177.249212656],[609795.7899675498,6699154.397565176],[609803.4169399586,6699160.661134747],[609784.4902721944,6699184.332571231],[609777.7460380105,6699177.249212656]]]},"properties":{"AKRKadastraleGemeenteCodeCode":"315","AKRKadastraleGemeenteCodeWaarde":"EHV00","beginGeldigheid":"2009-10-12T12:15:33Z","identificatieLokaalID":"40570251770000","identificatieNamespace":"NL.IMKAD.KadastraalObject","kadastraleGemeenteCode":"268","kadastraleGemeenteWaarde":"Eindhoven","kadastraleGrootteWaarde":"109","perceelnummer":"2517","perceelnummerPlaatscoordinaatX":"161297.99","perceelnummerPlaatscoordinaatY":"383239.587","perceelnummerRotatie":"-39.4","perceelnummerVerschuivingDeltaX":"0","perceelnummerVerschuivingDeltaY":"0","sectie":"D","soortGrootteCode":"1","soortGrootteWaarde":"Vastgesteld","statusHistorieCode":"G","statusHistorieWaarde":"Geldig","tijdstipRegistratie":"2009-10-12T12:15:33Z","volgnummer":"0"}}],"crs":{"properties":{"name":"urn:ogc:def:crs:EPSG::3857"},"type":"name"}}	\N
018e7b02-35b0-7f58-b03d-d508a8618894	018e7b02-35af-7808-a811-ee989a30a61b	172	E	1224	{"type":"FeatureCollection","features":[{"id":"perceel.388075d0-d2fb-463b-a6bb-e6ad4b1032ea","type":"Feature","bbox":[620261.0929140567,6669614.729817751,620426.9486259355,6669776.398392161],"geometry":{"type":"Polygon","coordinates":[[[620344.762519192,6669680.640051899],[620359.2560565816,6669675.987101504],[620387.4937243764,6669664.95086885],[620391.9706223448,6669663.349590006],[620395.2723906998,6669672.6450078],[620399.0079841078,6669683.164487667],[620406.2118307172,6669680.586965646],[620406.2441005496,6669680.73083165],[620422.2632657337,6669675.6995972395],[620426.9486259355,6669689.581836741],[620408.6204141873,6669696.207235825],[620379.6871303279,6669705.978610591],[620381.5610005877,6669710.175534103],[620384.3527055543,6669716.486166067],[620389.4668962214,6669720.215769135],[620395.0123687758,6669724.168188653],[620391.0733600006,6669727.156417358],[620387.3540663766,6669729.977741769],[620392.171874303,6669736.347182454],[620392.3991994378,6669736.6632900825],[620390.7116033926,6669737.982346188],[620384.0928590136,6669729.757361031],[620376.9669948197,6669734.797815913],[620379.6708683772,6669738.554386517],[620387.7369203103,6669748.834165004],[620391.8178917972,6669754.0059223175],[620401.9648351944,6669767.063418586],[620389.225042679,6669776.398392161],[620363.0090520374,6669742.475605034],[620350.9157539487,6669728.682528109],[620337.2192518167,6669713.6123986],[620335.1298513059,6669711.228172409],[620329.4863077549,6669705.698926434],[620325.8724796175,6669702.291751282],[620321.0667575847,6669697.518500145],[620314.2492601953,6669691.402055146],[620301.8511099059,6669680.005712034],[620289.9614658194,6669669.081501892],[620261.9099547656,6669643.304556781],[620261.0929140567,6669614.729817751],[620267.864264794,6669620.932735893],[620277.1428889363,6669629.502813274],[620284.8529731705,6669636.624606658],[620292.3982963634,6669643.5612854175],[620293.2445440306,6669648.923593225],[620294.0643118763,6669653.906908451],[620301.2898780975,6669660.551712831],[620312.100256516,6669670.488599614],[620322.9202567791,6669680.4350561155],[620334.7220305129,6669691.282684578],[620344.762519192,6669680.640051899]]]},"properties":{"AKRKadastraleGemeenteCodeCode":"219","AKRKadastraleGemeenteCodeWaarde":"BDL02","beginGeldigheid":"2005-03-02T07:49:58Z","identificatieLokaalID":"38990122470000","identificatieNamespace":"NL.IMKAD.KadastraalObject","kadastraleGemeenteCode":"172","kadastraleGemeenteWaarde":"Budel","kadastraleGrootteWaarde":"2345","perceelnummer":"1224","perceelnummerPlaatscoordinaatX":"167947.15","perceelnummerPlaatscoordinaatY":"364857.708","perceelnummerRotatie":"0","perceelnummerVerschuivingDeltaX":"0","perceelnummerVerschuivingDeltaY":"0","sectie":"E","soortGrootteCode":"1","soortGrootteWaarde":"Vastgesteld","statusHistorieCode":"G","statusHistorieWaarde":"Geldig","tijdstipRegistratie":"2005-03-02T07:49:58Z","volgnummer":"0"}}],"crs":{"properties":{"name":"urn:ogc:def:crs:EPSG::3857"},"type":"name"}}	\N
018e7b02-35b0-7896-b18a-b7e5e268bab8	018e7b02-35af-7808-a811-ee989a30a61b	172	E	1183	{"type":"FeatureCollection","features":[{"id":"perceel.f9a9457a-1607-476c-a38d-5d0007f1038b","type":"Feature","bbox":[620343.6034186842,6669636.025798162,620417.9175732234,6669680.640051899],"geometry":{"type":"Polygon","coordinates":[[[620348.5430149062,6669652.232592349],[620343.6034186842,6669644.982220515],[620378.0305503288,6669641.545106962],[620381.1292254158,6669643.736390525],[620381.550743337,6669645.144403578],[620411.6786853536,6669636.025798162],[620415.0110992858,6669646.7045986345],[620417.9175732234,6669656.117758496],[620415.9620054374,6669656.810518845],[620415.6432084406,6669656.907300654],[620391.9706223448,6669663.349590006],[620387.4937243764,6669664.95086885],[620359.2560565816,6669675.987101504],[620344.762519192,6669680.640051899],[620358.1948753241,6669666.40284559],[620348.5430149062,6669652.232592349]]]},"properties":{"AKRKadastraleGemeenteCodeCode":"219","AKRKadastraleGemeenteCodeWaarde":"BDL02","beginGeldigheid":"2005-03-02T07:49:58Z","identificatieLokaalID":"38990118370000","identificatieNamespace":"NL.IMKAD.KadastraalObject","kadastraleGemeenteCode":"172","kadastraleGemeenteWaarde":"Budel","kadastraleGrootteWaarde":"650","perceelnummer":"1183","perceelnummerPlaatscoordinaatX":"167955.494","perceelnummerPlaatscoordinaatY":"364826.736","perceelnummerRotatie":"0","perceelnummerVerschuivingDeltaX":"0","perceelnummerVerschuivingDeltaY":"0","sectie":"E","soortGrootteCode":"1","soortGrootteWaarde":"Vastgesteld","statusHistorieCode":"G","statusHistorieWaarde":"Geldig","tijdstipRegistratie":"2005-03-02T07:49:58Z","volgnummer":"0"}}],"crs":{"properties":{"name":"urn:ogc:def:crs:EPSG::3857"},"type":"name"}}	\N
018e7b02-35b0-74de-9ed2-2caab236c37d	018e7b02-35af-7808-a811-ee989a30a61b	172	E	1432	{"type":"FeatureCollection","features":[{"id":"perceel.9ab1142c-7b06-434a-8164-7784fcc2cc69","type":"Feature","bbox":[620332.799577933,6669604.875157144,620410.2523269476,6669622.257007021],"geometry":{"type":"Polygon","coordinates":[[[620408.9257771404,6669619.867521551],[620406.7685398487,6669620.292090796],[620407.3571722867,6669622.176297134],[620386.4378196413,6669622.257007021],[620338.0544282462,6669618.81708206],[620338.325669002,6669620.099122484],[620337.5901818369,6669620.061013364],[620333.2777564093,6669619.832100947],[620332.799577933,6669619.353495448],[620340.3636238148,6669610.364674757],[620361.0645526765,6669607.196171621],[620361.1210008337,6669612.474097234],[620385.3666082061,6669611.8731353665],[620396.5114946327,6669609.666227041],[620401.447668071,6669608.649164546],[620400.9422916648,6669606.256134057],[620407.4583858714,6669604.875157144],[620410.2523269476,6669619.6066195145],[620408.9257771404,6669619.867521551]]]},"properties":{"AKRKadastraleGemeenteCodeCode":"219","AKRKadastraleGemeenteCodeWaarde":"BDL02","beginGeldigheid":"2022-12-01T13:50:35Z","identificatieLokaalID":"38990143270000","identificatieNamespace":"NL.IMKAD.KadastraalObject","kadastraleGemeenteCode":"172","kadastraleGemeenteWaarde":"Budel","kadastraleGrootteWaarde":"318","perceelnummer":"1432","perceelnummerPlaatscoordinaatX":"167956.597","perceelnummerPlaatscoordinaatY":"364803.029","perceelnummerRotatie":"0","perceelnummerVerschuivingDeltaX":"0","perceelnummerVerschuivingDeltaY":"0","sectie":"E","soortGrootteCode":"1","soortGrootteWaarde":"Vastgesteld","statusHistorieCode":"G","statusHistorieWaarde":"Geldig","tijdstipRegistratie":"2022-12-01T13:50:35Z","volgnummer":"0"}}],"crs":{"properties":{"name":"urn:ogc:def:crs:EPSG::3857"},"type":"name"}}	\N
018e7b02-35b0-763b-93d3-c362cfd0dbbb	018e7b02-35af-7808-a811-ee989a30a61b	172	E	1182	{"type":"FeatureCollection","features":[{"id":"perceel.6de8ef23-0522-4578-8fe3-1d8c403e237d","type":"Feature","bbox":[620338.0544282462,6669618.81708206,620411.6786853536,6669645.144403578],"geometry":{"type":"Polygon","coordinates":[[[620411.0755722068,6669634.093643429],[620411.6786853536,6669636.025798162],[620381.550743337,6669645.144403578],[620381.1292254158,6669643.736390525],[620378.0305503288,6669641.545106962],[620343.6034186842,6669644.982220515],[620342.1713743831,6669638.233118037],[620338.325669002,6669620.099122484],[620338.0544282462,6669618.81708206],[620386.4378196413,6669622.257007021],[620407.3571722867,6669622.176297134],[620411.0755722068,6669634.093643429]]]},"properties":{"AKRKadastraleGemeenteCodeCode":"219","AKRKadastraleGemeenteCodeWaarde":"BDL02","beginGeldigheid":"2022-12-01T13:50:35Z","identificatieLokaalID":"38990118270000","identificatieNamespace":"NL.IMKAD.KadastraalObject","kadastraleGemeenteCode":"172","kadastraleGemeenteWaarde":"Budel","kadastraleGrootteWaarde":"565","perceelnummer":"1182","perceelnummerPlaatscoordinaatX":"167954.276","perceelnummerPlaatscoordinaatY":"364812.649","perceelnummerRotatie":"0","perceelnummerVerschuivingDeltaX":"0","perceelnummerVerschuivingDeltaY":"0","sectie":"E","soortGrootteCode":"1","soortGrootteWaarde":"Vastgesteld","statusHistorieCode":"G","statusHistorieWaarde":"Geldig","tijdstipRegistratie":"2022-12-01T13:50:35Z","volgnummer":"0"}}],"crs":{"properties":{"name":"urn:ogc:def:crs:EPSG::3857"},"type":"name"}}	\N
018e7b02-35b0-7cbc-b9ef-71287ed7c291	018e7b02-35af-7808-a811-ee989a30a61b	172	E	1446	{"type":"FeatureCollection","features":[{"id":"perceel.d184fefe-0e77-4137-9582-3f9a8b52bbbc","type":"Feature","bbox":[620102.4885905741,6669719.846545571,620172.7442356887,6669773.681127124],"geometry":{"type":"Polygon","coordinates":[[[620172.7442356887,6669732.326272036],[620152.8383577128,6669754.336950343],[620108.9476735868,6669773.681127124],[620102.4885905741,6669754.57445388],[620140.2445536362,6669740.567197122],[620159.1965336953,6669719.846545571],[620172.7442356887,6669732.326272036]]]},"properties":{"AKRKadastraleGemeenteCodeCode":"219","AKRKadastraleGemeenteCodeWaarde":"BDL02","beginGeldigheid":"2005-03-02T07:49:58Z","identificatieLokaalID":"38990144670000","identificatieNamespace":"NL.IMKAD.KadastraalObject","kadastraleGemeenteCode":"172","kadastraleGemeenteWaarde":"Budel","kadastraleGrootteWaarde":"535","perceelnummer":"1446","perceelnummerPlaatscoordinaatX":"167804.684","perceelnummerPlaatscoordinaatY":"364889.284","perceelnummerRotatie":"0","perceelnummerVerschuivingDeltaX":"0","perceelnummerVerschuivingDeltaY":"0","sectie":"E","soortGrootteCode":"1","soortGrootteWaarde":"Vastgesteld","statusHistorieCode":"G","statusHistorieWaarde":"Geldig","tijdstipRegistratie":"2005-03-02T07:49:58Z","volgnummer":"0"}}],"crs":{"properties":{"name":"urn:ogc:def:crs:EPSG::3857"},"type":"name"}}	\N
018e7b02-35b0-7176-97af-623c560cd26f	018e7b02-35af-7808-a811-ee989a30a61b	172	E	1222	{"type":"FeatureCollection","features":[{"id":"perceel.0864e123-dda0-475a-834a-28957b0b8d22","type":"Feature","bbox":[620237.1653188852,6669696.580086665,620302.1955237949,6669783.40238159],"geometry":{"type":"Polygon","coordinates":[[[620276.7622785192,6669707.487019938],[620288.5290201867,6669718.368428751],[620300.6925539672,6669729.07128689],[620302.1955237949,6669730.438178177],[620253.6921324328,6669783.40238159],[620237.1653188852,6669768.153637242],[620264.042837749,6669738.82034852],[620253.6083924806,6669729.314207882],[620243.5481148637,6669720.149394123],[620254.3401931119,6669708.274962496],[620264.9683850454,6669696.580086665],[620276.7622785192,6669707.487019938]]]},"properties":{"AKRKadastraleGemeenteCodeCode":"219","AKRKadastraleGemeenteCodeWaarde":"BDL02","beginGeldigheid":"2005-03-02T07:49:58Z","identificatieLokaalID":"38990122270000","identificatieNamespace":"NL.IMKAD.KadastraalObject","kadastraleGemeenteCode":"172","kadastraleGemeenteWaarde":"Budel","kadastraleGrootteWaarde":"970","perceelnummer":"1222","perceelnummerPlaatscoordinaatX":"167892.051","perceelnummerPlaatscoordinaatY":"364871.101","perceelnummerRotatie":"0","perceelnummerVerschuivingDeltaX":"0","perceelnummerVerschuivingDeltaY":"0","sectie":"E","soortGrootteCode":"1","soortGrootteWaarde":"Vastgesteld","statusHistorieCode":"G","statusHistorieWaarde":"Geldig","tijdstipRegistratie":"2005-03-02T07:49:58Z","volgnummer":"0"}}],"crs":{"properties":{"name":"urn:ogc:def:crs:EPSG::3857"},"type":"name"}}	\N
018e7b02-35b0-77d2-a67d-fd5a651609bc	018e7b02-35af-7808-a811-ee989a30a61b	172	E	1217	{"type":"FeatureCollection","features":[{"id":"perceel.3af6cafe-be25-4ddf-bc65-f23cbd2172b2","type":"Feature","bbox":[620215.3731113354,6669682.3526283605,620254.3401931119,6669720.149394123],"geometry":{"type":"Polygon","coordinates":[[[620230.2002182167,6669707.864428358],[620226.4586200889,6669704.380759483],[620220.5745836988,6669698.973609471],[620216.6922688818,6669695.352745705],[620215.3731113354,6669694.121329979],[620226.1287722113,6669682.3526283605],[620254.3401931119,6669708.274962496],[620243.5481148637,6669720.149394123],[620236.1548114687,6669713.41214845],[620230.2002182167,6669707.864428358]]]},"properties":{"AKRKadastraleGemeenteCodeCode":"219","AKRKadastraleGemeenteCodeWaarde":"BDL02","beginGeldigheid":"2005-03-02T07:49:58Z","identificatieLokaalID":"38990121770000","identificatieNamespace":"NL.IMKAD.KadastraalObject","kadastraleGemeenteCode":"172","kadastraleGemeenteWaarde":"Budel","kadastraleGrootteWaarde":"243","perceelnummer":"1217","perceelnummerPlaatscoordinaatX":"167877.637","perceelnummerPlaatscoordinaatY":"364857.832","perceelnummerRotatie":"0","perceelnummerVerschuivingDeltaX":"0","perceelnummerVerschuivingDeltaY":"0","sectie":"E","soortGrootteCode":"1","soortGrootteWaarde":"Vastgesteld","statusHistorieCode":"G","statusHistorieWaarde":"Geldig","tijdstipRegistratie":"2005-03-02T07:49:58Z","volgnummer":"0"}}],"crs":{"properties":{"name":"urn:ogc:def:crs:EPSG::3857"},"type":"name"}}	\N
018e7b12-f350-708d-93b6-85c71a68c079	018e7b12-f350-7a4f-a90a-abfdddd783aa	1132	W	6882	{"type":"FeatureCollection","features":[{"id":"perceel.40e9fd6a-8f40-4d8c-9e09-310147b558bf","type":"Feature","bbox":[608451.1987750952,6707380.552283399,609030.5933611435,6708647.616329643],"geometry":{"type":"Polygon","coordinates":[[[608454.8398980753,6708083.135752311],[608451.1987750952,6708073.0593161695],[608456.4154394638,6708071.260304911],[608480.4000995723,6708063.183446357],[608504.0461994226,6708053.323186862],[608526.7128313807,6708041.87306974],[608548.7043346603,6708028.67208239],[608548.8212552258,6708028.598035024],[608565.9994860558,6708016.745696497],[608572.3508662655,6708012.036823191],[608576.1957239106,6708008.968170796],[608592.2566492151,6707995.553488861],[608601.4276416126,6707986.828992214],[608612.0251737756,6707976.748278804],[608620.9600089436,6707967.558032194],[608629.8306012859,6707958.265013952],[608643.4827007606,6707943.649393916],[608654.9057103042,6707930.819930575],[608668.287363506,6707915.211543603],[608681.5592426107,6707898.936417564],[608692.4664145969,6707884.987528904],[608692.8012763229,6707877.650007399],[608692.8450729239,6707876.6745650815],[608693.2519106601,6707867.757381329],[608693.6713028442,6707867.286090332],[608699.755771127,6707859.079267435],[608707.1473027491,6707848.754698071],[608714.0073304393,6707838.986716379],[608721.6781928268,6707827.663962886],[608728.5778014801,6707817.4845851865],[608736.809575302,6707804.706983432],[608742.7470002549,6707795.494443212],[608750.1121125144,6707783.119555627],[608755.8311041781,6707773.516801284],[608762.9794449082,6707760.812766942],[608768.3218948446,6707751.321327713],[608774.3738366228,6707739.952260838],[608780.1746728176,6707729.06233769],[608786.4172605877,6707716.221179198],[608791.2399096984,6707706.307753698],[608795.9656580271,6707695.743663118],[608801.3580497603,6707683.690869826],[608814.0851725352,6707653.804846644],[608814.3409731253,6707653.243762175],[608814.4909535507,6707652.64423249],[608814.5271238446,6707652.02715586],[608814.4495074284,6707651.413421509],[608814.2613349007,6707650.825521851],[608820.4298310241,6707636.327869871],[608820.8926876748,6707636.044539334],[608821.3170187831,6707635.7066190615],[608821.675555406,6707635.293250676],[608821.9154074035,6707634.802887125],[608827.6563167615,6707617.763692731],[608830.9396305827,6707607.262387628],[608834.4073335783,6707595.414343224],[608837.8878008905,6707583.524521932],[608840.9964723584,6707571.664060753],[608843.5970438834,6707559.762413202],[608845.6656999594,6707548.017248662],[608847.0380287255,6707538.440518687],[608852.8198445,6707530.801470199],[608854.349711187,6707528.779937451],[608859.0721334718,6707522.543258021],[608862.3341041296,6707470.396205587],[608865.6023368363,6707418.154675],[608868.1882811659,6707380.552283399],[608877.8091081918,6707380.7695170045],[608902.4533614157,6707381.323123545],[608926.451438454,6707381.594595001],[608985.3046484811,6707381.469263737],[609020.6442355769,6707381.478345825],[609030.5933611435,6707381.48131286],[609030.4759097832,6707455.136381078],[609030.4028312882,6707500.410500062],[609030.3533787538,6707534.14611041],[609030.3068890254,6707566.273402392],[609030.2636245872,6707598.418492248],[609030.0845225399,6707611.341024831],[609029.2132711232,6707630.034608791],[609028.218421771,6707642.974202688],[609026.0809221468,6707661.563268717],[609024.4226651065,6707673.203722076],[609020.7314960099,6707694.026595238],[609017.6626918925,6707708.32327921],[609013.2980307053,6707726.061808475],[609008.2916606942,6707743.267629084],[609003.5512044252,6707757.571141991],[608998.7405588572,6707770.77564701],[608991.796659596,6707788.160541272],[608986.2324391666,6707801.134563042],[608978.1216828256,6707818.495142093],[608958.4815543826,6707858.886261546],[608952.7525319831,6707870.771081518],[608941.9340166664,6707893.211112735],[608932.087403303,6707913.450211519],[608925.7585523898,6707926.457406617],[608919.4072940183,6707939.509636835],[608913.0879990297,6707952.499176395],[608906.76388478,6707965.4967717845],[608900.4365539725,6707978.502421187],[608894.1124011957,6707991.5016549835],[608887.7770326206,6708004.521807399],[608881.4544385901,6708017.5178570105],[608875.1414173315,6708030.493021241],[608868.8235804008,6708043.479455196],[608862.4929302539,6708056.491630483],[608856.1686528374,6708069.487744826],[608849.1455665176,6708083.922886492],[608842.1160587152,6708098.370910422],[608834.6083254969,6708113.733852426],[608826.4161488767,6708130.49725093],[608818.6157948803,6708146.525851366],[608811.5749811422,6708160.993255706],[608805.247341299,6708173.994321003],[608803.4531493175,6708177.682727894],[608798.9180964837,6708187.011473517],[608792.609622737,6708199.988444098],[608786.281942146,6708213.00723331],[608782.3896959191,6708221.014351732],[608782.2841164231,6708221.197665829],[608782.186558068,6708221.3873988055],[608782.0954126756,6708221.578731552],[608782.0138912209,6708221.776481372],[608764.6727754311,6708257.257199944],[608764.5783877678,6708257.416397298],[608764.4968314624,6708257.58361517],[608753.1157138422,6708280.934642222],[608746.7814710547,6708293.931038888],[608745.7484179955,6708296.0518175615],[608740.4568356518,6708306.937082444],[608734.1401798321,6708319.930276847],[608727.8490917559,6708332.872034421],[608721.7067066138,6708345.508311226],[608719.0680835106,6708350.9381033145],[608718.7418686277,6708351.623050614],[608718.5038479415,6708352.343253453],[608718.3604202523,6708353.08745568],[608718.3115730999,6708353.844408305],[608718.360497873,6708354.60125174],[608718.5039764815,6708355.34674057],[608718.7419928879,6708356.066411781],[608721.7349098327,6708362.24520851],[608727.9424522411,6708375.05734746],[608734.3396479258,6708388.319251945],[608740.5970947284,6708401.290460331],[608746.880264009,6708414.313080078],[608755.5186501086,6708432.216798695],[608755.6423943324,6708432.509137071],[608755.7837643657,6708432.796634633],[608755.9379481276,6708433.076082728],[608756.1065484461,6708433.347479566],[608756.2879607031,6708433.609219921],[608756.4821866889,6708433.862910814],[608799.8993309652,6708503.54931032],[608797.3048867944,6708508.3524403],[608786.578546017,6708529.792725359],[608775.5143157364,6708551.564482835],[608764.4116455272,6708573.415071539],[608753.3201251086,6708595.256048579],[608742.2077651751,6708617.148517814],[608731.1481332207,6708638.9445478935],[608726.7578724958,6708647.616329643],[608719.9221438724,6708639.447255223],[608709.64596302,6708621.978778231],[608690.7728445017,6708589.312392843],[608670.8277965472,6708553.953883381],[608661.4139765663,6708536.314223142],[608652.4068750693,6708519.723532562],[608649.4513660653,6708512.586757712],[608640.1753523084,6708494.826481946],[608635.8018995479,6708485.280751959],[608626.5984861694,6708459.143024532],[608623.5514940671,6708450.396158839],[608617.7241842538,6708437.81481233],[608613.0045130966,6708426.750888322],[608609.3325183616,6708416.611460369],[608607.6223850012,6708410.845774698],[608605.8204400648,6708404.667191884],[608605.1343070143,6708398.707542705],[608604.1236854695,6708393.554974858],[608595.3516378191,6708365.954654804],[608589.8271395538,6708353.167388101],[608587.8834967068,6708347.835890494],[608583.0230833344,6708335.501089717],[608576.1742642282,6708319.380802534],[608569.095467058,6708302.52479163],[608556.066829201,6708272.207177904],[608551.6424117,6708262.759744325],[608545.6756220006,6708249.9200635655],[608532.738431363,6708222.474173539],[608521.564503153,6708199.554873446],[608516.0614812591,6708188.623843068],[608484.534506624,6708145.516017233],[608475.1481997893,6708127.312949367],[608471.7591281148,6708120.631692219],[608520.5613180242,6708090.470620615],[608507.1226563958,6708064.370786094],[608454.8398980753,6708083.135752311]],[[608625.519904963,6708447.591337503],[608651.748257094,6708511.136273265],[608708.1978254669,6708465.192793311],[608684.2460163808,6708416.880348404],[608625.519904963,6708447.591337503]]]},"properties":{"AKRKadastraleGemeenteCodeCode":"1242","AKRKadastraleGemeenteCodeWaarde":"WSL01","beginGeldigheid":"2006-06-08T06:51:32Z","identificatieLokaalID":"46570688270000","identificatieNamespace":"NL.IMKAD.KadastraalObject","kadastraleGemeenteCode":"1132","kadastraleGemeenteWaarde":"Woensel","kadastraleGrootteWaarde":"101208","perceelnummer":"6882","perceelnummerPlaatscoordinaatX":"160639.983","perceelnummerPlaatscoordinaatY":"388766.476","perceelnummerRotatie":"0","perceelnummerVerschuivingDeltaX":"0","perceelnummerVerschuivingDeltaY":"0","sectie":"W","soortGrootteCode":"1","soortGrootteWaarde":"Vastgesteld","statusHistorieCode":"G","statusHistorieWaarde":"Geldig","tijdstipRegistratie":"2006-06-08T06:51:32Z","volgnummer":"0"}}],"crs":{"properties":{"name":"urn:ogc:def:crs:EPSG::3857"},"type":"name"}}	\N
018e7b12-f350-78f8-862a-9d678a7ac50e	018e7b12-f350-7a4f-a90a-abfdddd783aa	1132	W	6474	{"type":"FeatureCollection","features":[{"id":"perceel.3d728540-fac9-424c-9bc1-bdb47aca4c45","type":"Feature","bbox":[608775.5143157364,6708529.792725359,608839.1225256051,6708579.265654947],"geometry":{"type":"Polygon","coordinates":[[[608775.5143157364,6708551.564482835],[608786.578546017,6708529.792725359],[608839.1225256051,6708557.564108226],[608827.745760357,6708579.265654947],[608807.9129256516,6708568.73298581],[608790.9381645127,6708559.741430685],[608775.5143157364,6708551.564482835]]]},"properties":{"AKRKadastraleGemeenteCodeCode":"1242","AKRKadastraleGemeenteCodeWaarde":"WSL01","beginGeldigheid":"2006-06-08T06:51:32Z","identificatieLokaalID":"46570647470000","identificatieNamespace":"NL.IMKAD.KadastraalObject","kadastraleGemeenteCode":"1132","kadastraleGemeenteWaarde":"Woensel","kadastraleGrootteWaarde":"563","perceelnummer":"6474","perceelnummerPlaatscoordinaatX":"160673.518","perceelnummerPlaatscoordinaatY":"389069.415","perceelnummerRotatie":"0","perceelnummerVerschuivingDeltaX":"0","perceelnummerVerschuivingDeltaY":"0","sectie":"W","soortGrootteCode":"1","soortGrootteWaarde":"Vastgesteld","statusHistorieCode":"G","statusHistorieWaarde":"Geldig","tijdstipRegistratie":"2006-06-08T06:51:32Z","volgnummer":"0"}}],"crs":{"properties":{"name":"urn:ogc:def:crs:EPSG::3857"},"type":"name"}}	\N
018e7b12-f351-7174-b01e-4514478fab22	018e7b12-f350-7a4f-a90a-abfdddd783aa	1132	W	6475	{"type":"FeatureCollection","features":[{"id":"perceel.0bd08fe6-e410-46c8-9f2d-f1bfa36f027a","type":"Feature","bbox":[608786.578546017,6708508.3524403,608850.5937761173,6708557.564108226],"geometry":{"type":"Polygon","coordinates":[[[608786.578546017,6708529.792725359],[608797.3048867944,6708508.3524403],[608812.1458116992,6708515.612345046],[608825.182560288,6708521.988792595],[608850.5937761173,6708534.419375931],[608841.3969751294,6708553.281979808],[608839.1225256051,6708557.564108226],[608786.578546017,6708529.792725359]]]},"properties":{"AKRKadastraleGemeenteCodeCode":"1242","AKRKadastraleGemeenteCodeWaarde":"WSL01","beginGeldigheid":"2006-06-08T06:51:32Z","identificatieLokaalID":"46570647570000","identificatieNamespace":"NL.IMKAD.KadastraalObject","kadastraleGemeenteCode":"1132","kadastraleGemeenteWaarde":"Woensel","kadastraleGrootteWaarde":"575","perceelnummer":"6475","perceelnummerPlaatscoordinaatX":"160679.553","perceelnummerPlaatscoordinaatY":"389057.973","perceelnummerRotatie":"0","perceelnummerVerschuivingDeltaX":"0","perceelnummerVerschuivingDeltaY":"0","sectie":"W","soortGrootteCode":"1","soortGrootteWaarde":"Vastgesteld","statusHistorieCode":"G","statusHistorieWaarde":"Geldig","tijdstipRegistratie":"2006-06-08T06:51:32Z","volgnummer":"0"}}],"crs":{"properties":{"name":"urn:ogc:def:crs:EPSG::3857"},"type":"name"}}	\N
018e7b12-f351-7aec-8061-596860bb4e38	018e7b12-f350-7a4f-a90a-abfdddd783aa	1132	W	6686	{"type":"FeatureCollection","features":[{"id":"perceel.b7b85814-ca03-42e2-b6ea-4081863d9606","type":"Feature","bbox":[608890.0079980721,6708533.56315041,608939.9167735424,6708591.018948033],"geometry":{"type":"Polygon","coordinates":[[[608890.0079980721,6708576.92263507],[608911.055740714,6708533.56315041],[608939.9167735424,6708547.665675897],[608935.6533880418,6708556.3180444855],[608927.2740659361,6708573.633883135],[608918.8114376585,6708591.018948033],[608904.5396083797,6708584.033328047],[608890.0079980721,6708576.92263507]]]},"properties":{"AKRKadastraleGemeenteCodeCode":"1242","AKRKadastraleGemeenteCodeWaarde":"WSL01","beginGeldigheid":"2006-06-08T06:51:32Z","identificatieLokaalID":"46570668670000","identificatieNamespace":"NL.IMKAD.KadastraalObject","kadastraleGemeenteCode":"1132","kadastraleGemeenteWaarde":"Woensel","kadastraleGrootteWaarde":"600","perceelnummer":"6686","perceelnummerPlaatscoordinaatX":"160744.306","perceelnummerPlaatscoordinaatY":"389088.047","perceelnummerRotatie":"0","perceelnummerVerschuivingDeltaX":"0","perceelnummerVerschuivingDeltaY":"0","sectie":"W","soortGrootteCode":"1","soortGrootteWaarde":"Vastgesteld","statusHistorieCode":"G","statusHistorieWaarde":"Geldig","tijdstipRegistratie":"2006-06-08T06:51:32Z","volgnummer":"0"}}],"crs":{"properties":{"name":"urn:ogc:def:crs:EPSG::3857"},"type":"name"}}	\N
018e7f38-86d5-73dd-9b9d-fdb32dc5c387	018e7f38-86d5-7cf1-aa6e-27d34ca2bc33	976	E	2522	{"type":"FeatureCollection","features":[{"id":"perceel.87166431-a206-42ea-8732-e5e96a63734d","type":"Feature","bbox":[613763.1943593153,6698721.606879167,613848.2456746702,6698775.439933515],"geometry":{"type":"Polygon","coordinates":[[[613848.2456746702,6698763.454618623],[613826.7204720513,6698766.768320672],[613790.4254412258,6698772.170310661],[613769.2395143026,6698775.439933515],[613768.3454260946,6698769.439940639],[613765.7145402404,6698752.447912181],[613764.1201339395,6698741.4010649985],[613763.966384663,6698740.439868478],[613763.1943593153,6698735.588950036],[613764.934894004,6698732.998477506],[613840.4308505837,6698721.606879167],[613840.8568822595,6698721.713676267],[613841.2494535936,6698721.912023239],[613841.5893368126,6698722.192323084],[613841.8604948266,6698722.538552751],[613842.0484942427,6698722.936291518],[613842.1452969791,6698723.3662921],[613842.1476621329,6698723.806088627],[613844.6341076473,6698740.506154752],[613847.3563796475,6698757.481921816],[613848.2456746702,6698763.454618623]]]},"properties":{"AKRKadastraleGemeenteCodeCode":"1085","AKRKadastraleGemeenteCodeWaarde":"TGR00","beginGeldigheid":"2006-06-12T08:15:16Z","identificatieLokaalID":"45230252270000","identificatieNamespace":"NL.IMKAD.KadastraalObject","kadastraleGemeenteCode":"976","kadastraleGemeenteWaarde":"Tongelre","kadastraleGrootteWaarde":"1328","perceelnummer":"2522","perceelnummerPlaatscoordinaatX":"163809.338","perceelnummerPlaatscoordinaatY":"382981.413","perceelnummerRotatie":"0","perceelnummerVerschuivingDeltaX":"0","perceelnummerVerschuivingDeltaY":"0","sectie":"E","soortGrootteCode":"1","soortGrootteWaarde":"Vastgesteld","statusHistorieCode":"G","statusHistorieWaarde":"Geldig","tijdstipRegistratie":"2006-06-12T08:15:16Z","volgnummer":"0"}}],"crs":{"properties":{"name":"urn:ogc:def:crs:EPSG::3857"},"type":"name"}}	\N
018e7f8d-aacd-78b7-942c-3853bee6ec68	018e7f8d-aacd-7c27-bb80-b5b2f64a8b2a	948	D	7810	{"type":"FeatureCollection","features":[{"id":"perceel.90094510-f16b-42f7-bb8b-c6378d41512f","type":"Feature","bbox":[611148.2074949922,6696469.317073894,611313.2071902326,6696551.900657148],"geometry":{"type":"Polygon","coordinates":[[[611148.8922836825,6696494.532609178],[611148.2074949922,6696489.002266491],[611150.7741760379,6696488.648811105],[611151.4814536083,6696488.551528463],[611165.9983335566,6696486.619778009],[611166.680007584,6696486.525739734],[611164.5351125578,6696469.317073894],[611167.177685495,6696469.4433028195],[611168.0184207894,6696476.59733675],[611168.6111325729,6696481.516419837],[611176.9594051669,6696480.48720569],[611187.4503516868,6696479.194980683],[611207.9585721476,6696476.667328519],[611231.3343063708,6696473.760040963],[611231.6434168268,6696476.17142065],[611232.0205961384,6696479.18124653],[611231.7613934049,6696479.2345705815],[611232.3674869644,6696484.53393903],[611232.799299437,6696487.6961339805],[611234.4009349282,6696488.507417723],[611242.2782737527,6696492.843233152],[611249.6124130789,6696479.817248801],[611279.096221112,6696496.471688098],[611288.199114216,6696501.614463878],[611279.1417548419,6696498.101973219],[611249.25526428,6696486.4113596175],[611248.6820377266,6696487.360540857],[611248.3085045296,6696488.051084332],[611246.3162117632,6696491.653215072],[611244.2151276277,6696495.285991151],[611274.658797558,6696507.1058169305],[611279.2595421635,6696508.89004638],[611298.1221369277,6696516.206006429],[611302.2360757436,6696517.803175946],[611303.3780011035,6696514.980510212],[611304.9441076184,6696511.072473599],[611307.7712537806,6696512.671487036],[611308.0125450991,6696514.646500019],[611307.6748995448,6696514.687101976],[611308.2713666202,6696518.811875898],[611309.1705866911,6696518.632464735],[611313.2071902326,6696551.259497422],[611308.120122999,6696551.900657148],[611307.4070235695,6696546.798780661],[611306.7029304112,6696541.278071785],[611300.814592316,6696538.95331616],[611294.5691467024,6696536.487857155],[611290.9563983248,6696535.061662332],[611276.6943849397,6696529.43362343],[611273.2385798728,6696528.069779701],[611256.5745060382,6696521.493574332],[611252.8836791257,6696521.428245566],[611251.4608083414,6696521.404604664],[611231.7984369269,6696520.043033223],[611221.1013054983,6696519.304091107],[611212.8643690787,6696518.733331158],[611172.675277656,6696515.927737975],[611173.3307808324,6696521.106713417],[611173.7498159026,6696524.3026420735],[611173.9520476123,6696525.841244008],[611171.5453323716,6696526.143131465],[611170.0819389214,6696514.40697416],[611169.5279590451,6696509.717285372],[611167.3618723326,6696492.24383026],[611166.6801865249,6696492.329845302],[611152.1519937553,6696494.191008647],[611151.4702872932,6696494.262580388],[611148.8922836825,6696494.532609178]],[[611171.8159502521,6696501.270226633],[611172.34413753,6696505.828363498],[611172.6924920361,6696508.841453309],[611177.4242894892,6696508.2393988855],[611177.0423072117,6696505.215124522],[611176.467732718,6696500.677914969],[611171.8159502521,6696501.270226633]],[[611171.8742468427,6696483.593048695],[611172.4876002709,6696488.393360542],[611172.921291133,6696491.768979193],[611198.8430764977,6696488.594998624],[611199.7471900994,6696488.481384937],[611203.5668714218,6696488.0025698235],[611226.9186075923,6696485.077673796],[611230.419937773,6696484.703604027],[611229.7709122526,6696479.60167124],[611229.3872363159,6696476.52445817],[611203.9120036742,6696479.675430842],[611202.5566282542,6696479.841036698],[611198.740135791,6696480.308613614],[611171.8742468427,6696483.593048695]],[[611179.258101805,6696501.187448177],[611179.3888293869,6696505.3610265935],[611179.5223867059,6696509.271435954],[611202.5140817347,6696508.609709544],[611203.7816167609,6696508.572602382],[611206.3919050859,6696508.495071011],[611227.7335356785,6696507.864506481],[611227.6185542389,6696504.65531589],[611227.4755525009,6696499.743605085],[611224.4379651605,6696499.841008656],[611206.1675783555,6696500.391771849],[611202.3041654966,6696500.50799433],[611200.3100435347,6696500.568600724],[611179.258101805,6696501.187448177]],[[611235.3482420688,6696501.924359088],[611232.4270053543,6696509.5828386415],[611243.3772031155,6696513.846881973],[611246.9578784175,6696515.241046561],[611256.3499524447,6696518.899127819],[611277.3169564507,6696527.1701304605],[611295.196517531,6696534.225958642],[611304.0410266585,6696537.716286963],[611305.2448811451,6696534.548518343],[611306.9845762013,6696530.032048214],[611297.4050605603,6696526.269985404],[611279.3718293795,6696519.187109608],[611274.0568298672,6696517.100616527],[611249.8711511613,6696507.617870749],[611246.3176892545,6696506.225274552],[611235.3482420688,6696501.924359088]]]},"properties":{"AKRKadastraleGemeenteCodeCode":"1057","AKRKadastraleGemeenteCodeWaarde":"STM00","beginGeldigheid":"2019-12-04T10:19:35Z","identificatieLokaalID":"45120781070000","identificatieNamespace":"NL.IMKAD.KadastraalObject","kadastraleGemeenteCode":"948","kadastraleGemeenteWaarde":"Stratum","kadastraleGrootteWaarde":"1230","perceelnummer":"7810","perceelnummerPlaatscoordinaatX":"162206.474","perceelnummerPlaatscoordinaatY":"381568.687","perceelnummerRotatie":"0","perceelnummerVerschuivingDeltaX":"0","perceelnummerVerschuivingDeltaY":"0","sectie":"D","soortGrootteCode":"1","soortGrootteWaarde":"Vastgesteld","statusHistorieCode":"G","statusHistorieWaarde":"Geldig","tijdstipRegistratie":"2019-12-04T10:19:35Z","volgnummer":"0"}}],"crs":{"properties":{"name":"urn:ogc:def:crs:EPSG::3857"},"type":"name"}}	\N
018e8581-f92d-7d25-be5a-b2a80fc7df28	018e8581-f92c-77a8-96b5-6bf2b6ebb907	1132	G	7588	{"type":"FeatureCollection","features":[{"id":"perceel.6896ac88-640a-4324-a3c6-107456bc7486","type":"Feature","bbox":[608277.8268655117,6702353.597264212,608613.1658817491,6702644.660096989],"geometry":{"type":"Polygon","coordinates":[[[608537.3281947972,6702376.610057183],[608547.2649567304,6702376.761363053],[608548.7807387346,6702378.813555344],[608551.8797153514,6702383.04793883],[608569.2847669735,6702353.597264212],[608578.2844797645,6702359.570670733],[608589.1182723435,6702365.715481662],[608589.2176370699,6702365.77318197],[608589.3170053029,6702365.83409392],[608589.903681977,6702366.270232437],[608590.4167743915,6702366.789954885],[608590.8450570502,6702367.38042704],[608591.1773079516,6702368.032026349],[608591.4087011304,6702368.725488232],[608591.5328142341,6702369.446367354],[608591.5448230368,6702370.177004957],[608591.4463116234,6702370.90134103],[608591.2388623322,6702371.60170974],[608590.927264292,6702372.26365336],[608583.3468314914,6702385.616426302],[608571.3926550023,6702406.675593483],[608567.8208463822,6702412.442854863],[608563.2966748584,6702421.729550601],[608548.9091828453,6702446.94254673],[608541.8773006948,6702459.668522414],[608541.1935700225,6702461.308837684],[608540.6171937715,6702462.989181778],[608540.1497666944,6702464.703129624],[608539.7960868626,6702466.444252632],[608539.5529423123,6702468.204525108],[608539.4251311295,6702469.977518457],[608539.4126446776,6702471.75520346],[608539.5138726567,6702473.529552661],[608539.7304080975,6702475.292535062],[608540.059042523,6702477.039336631],[608540.4997655494,6702478.760322274],[608541.0509703496,6702480.450676155],[608541.7110431311,6702482.099159086],[608542.4751754755,6702483.702564568],[608543.3417587939,6702485.254470917],[608544.3059776832,6702486.745248252],[608545.3646236154,6702488.170082474],[608546.5128863906,6702489.5241612345],[608609.6377304664,6702558.354009783],[608612.6293384059,6702562.445659596],[608612.8957053588,6702562.891795701],[608613.0756273699,6702563.379779719],[608613.1658817491,6702563.89195071],[608613.1616458761,6702564.412255364],[608613.062900408,6702564.923029211],[608612.8744327973,6702565.408208305],[608612.601028746,6702565.850122842],[608560.6274781198,6702634.519783581],[608560.0707823404,6702635.157928111],[608559.4355162199,6702635.715864946],[608558.7312794445,6702636.183948272],[608557.9692733979,6702636.552530486],[608557.167111492,6702636.816774594],[608556.3359986171,6702636.970244779],[608555.4919499968,6702637.011317578],[608554.6493808986,6702636.93997718],[608553.824306549,6702636.7546001375],[608553.0311491922,6702636.461594164],[608542.4564413492,6702631.74066079],[608565.9894581212,6702600.210809911],[608567.5888457565,6702598.097333007],[608581.1597962822,6702580.329533562],[608593.4233011312,6702563.648754261],[608530.9976675141,6702495.545420262],[608496.0909894275,6702541.591277623],[608503.7260607226,6702547.410622578],[608466.030135558,6702597.612463804],[608462.8542291168,6702596.345667918],[608460.6831740142,6702595.6302000275],[608458.4817908506,6702595.011116721],[608456.2548880614,6702594.491624493],[608454.0072688957,6702594.070112219],[608451.7437435025,6702593.751392259],[608449.4691116839,6702593.53064178],[608447.1849819352,6702593.414282499],[608444.8993574228,6702593.397488125],[608442.5770061681,6702593.485114417],[608440.2611752915,6702593.678720413],[608437.955064625,6702593.975090893],[608435.6650825429,6702594.375824845],[608433.3960340163,6702594.880917072],[608431.1527205721,6702595.4871506905],[608428.9367438203,6702596.194524017],[608426.756108669,6702596.999816694],[608424.6140201422,6702597.9046312],[608422.5152780759,6702598.904144785],[608420.2790036167,6702600.102934537],[608418.1053093763,6702601.409249652],[608415.9957952623,6702602.821482637],[608413.9600679144,6702604.336411479],[608411.999723833,6702605.94921696],[608410.1211645885,6702607.65507466],[608408.3275918313,6702609.452375373],[608406.6254071575,6702611.336294686],[608399.7250245,6702620.053995453],[608381.0370741709,6702644.660096989],[608380.3606133063,6702644.14854867],[608303.4017873525,6702586.011568686],[608277.8268655117,6702566.975541483],[608281.6019835083,6702562.370728393],[608376.7367787922,6702491.48126667],[608403.9050405403,6702471.236003078],[608410.8983913728,6702465.704352498],[608430.6739897177,6702461.114363925],[608513.4225324142,6702399.25750939],[608502.9725694755,6702385.164901857],[608526.191933381,6702367.708296437],[608527.167169224,6702369.035248102],[608526.4612876719,6702369.4438996],[608533.4680046794,6702379.353823425],[608537.3281947972,6702376.610057183]]]},"properties":{"AKRKadastraleGemeenteCodeCode":"1242","AKRKadastraleGemeenteCodeWaarde":"WSL01","beginGeldigheid":"2022-01-27T12:57:05Z","identificatieLokaalID":"46460758870000","identificatieNamespace":"NL.IMKAD.KadastraalObject","kadastraleGemeenteCode":"1132","kadastraleGemeenteWaarde":"Woensel","kadastraleGrootteWaarde":"14261","perceelnummer":"7588","perceelnummerPlaatscoordinaatX":"160463.056","perceelnummerPlaatscoordinaatY":"385317.341","perceelnummerRotatie":"0","perceelnummerVerschuivingDeltaX":"0","perceelnummerVerschuivingDeltaY":"0","sectie":"G","soortGrootteCode":"1","soortGrootteWaarde":"Vastgesteld","statusHistorieCode":"G","statusHistorieWaarde":"Geldig","tijdstipRegistratie":"2022-01-27T12:57:05Z","volgnummer":"0"}}],"crs":{"properties":{"name":"urn:ogc:def:crs:EPSG::3857"},"type":"name"}}	\N
018e8584-1a15-7eb3-8cda-e8ed876dd1a5	018e8584-1a15-75f0-92bd-6accd6eb86d6	951	C	5732	{"type":"FeatureCollection","features":[{"id":"perceel.8a430f41-7d06-4bff-9b41-66167dfc6fb0","type":"Feature","bbox":[607216.9250127452,6700835.299680438,607411.6845948487,6700988.738665612],"geometry":{"type":"Polygon","coordinates":[[[607246.3316776807,6700975.4032263],[607227.1945235861,6700939.8308980325],[607216.9250127452,6700920.739319666],[607222.7126392784,6700917.623992338],[607223.0543144713,6700918.259468075],[607224.267537365,6700917.604881617],[607223.9258606255,6700916.967800443],[607233.2907113777,6700911.908032612],[607233.6323886386,6700912.545113001],[607234.8456098299,6700911.8905254165],[607234.5039325012,6700911.253445128],[607243.8687700996,6700906.193668603],[607244.2104479495,6700906.830748105],[607245.4236659515,6700906.1745538525],[607245.0819895206,6700905.539080001],[607254.446813965,6700900.4792947825],[607254.7900937534,6700901.116371893],[607256.0033100502,6700900.460176516],[607255.6600316837,6700899.824705048],[607265.0264443264,6700894.764909641],[607265.3681233517,6700895.401987359],[607266.5813379434,6700894.745790856],[607266.2396603428,6700894.110318787],[607275.6044584793,6700889.050516185],[607275.946138091,6700889.687593007],[607277.1593509804,6700889.031395383],[607276.8176727906,6700888.395924197],[607286.182457776,6700883.336112909],[607286.5241379768,6700883.973188844],[607287.7373491583,6700883.316990084],[607287.395670385,6700882.6815197915],[607296.7668610679,6700877.636143574],[607297.1037243501,6700878.258773349],[607298.3153324827,6700877.602574976],[607297.9736531231,6700876.967105576],[607307.3400131443,6700871.907275401],[607307.6816945205,6700872.544349542],[607308.8949022917,6700871.88814854],[607308.5516210021,6700871.252681537],[607317.9067764728,6700866.212119604],[607318.2596498348,6700866.829915919],[607319.4728559037,6700866.17371379],[607319.1311753715,6700865.538246174],[607328.495907741,6700860.4784001205],[607328.8375902928,6700861.1154724825],[607330.0507946565,6700860.459269227],[607329.7091135379,6700859.823802502],[607339.0738327536,6700854.763947759],[607339.4155158945,6700855.401019226],[607340.628718553,6700854.744814843],[607340.2870368481,6700854.109349009],[607349.6533442506,6700849.049484059],[607349.9950279808,6700849.686554638],[607351.2082289313,6700849.030349129],[607350.864945305,6700848.394885696],[607360.2312395506,6700843.33501206],[607360.5729223574,6700843.970476213],[607361.7861231153,6700843.315875107],[607361.444438731,6700842.67880553],[607370.8091199944,6700837.620530238],[607371.1508033874,6700838.2559935115],[607372.3640024402,6700837.601391273],[607372.0207131094,6700836.96111306],[607375.0969223981,6700835.299680438],[607383.8347257039,6700851.5392933395],[607405.251871227,6700891.339276518],[607411.6845948487,6700903.292777458],[607253.5053473013,6700988.738665612],[607253.3096426826,6700988.374387833],[607246.3316776807,6700975.4032263]]]},"properties":{"AKRKadastraleGemeenteCodeCode":"1060","AKRKadastraleGemeenteCodeWaarde":"STR03","beginGeldigheid":"2017-07-03T12:31:43Z","identificatieLokaalID":"45150573270000","identificatieNamespace":"NL.IMKAD.KadastraalObject","kadastraleGemeenteCode":"951","kadastraleGemeenteWaarde":"Strijp","kadastraleGrootteWaarde":"5390","perceelnummer":"5732","perceelnummerPlaatscoordinaatX":"159753.5","perceelnummerPlaatscoordinaatY":"384319.987","perceelnummerRotatie":"0","perceelnummerVerschuivingDeltaX":"0","perceelnummerVerschuivingDeltaY":"0","sectie":"C","soortGrootteCode":"1","soortGrootteWaarde":"Vastgesteld","statusHistorieCode":"G","statusHistorieWaarde":"Geldig","tijdstipRegistratie":"2017-07-03T12:31:43Z","volgnummer":"0"}}],"crs":{"properties":{"name":"urn:ogc:def:crs:EPSG::3857"},"type":"name"}}	\N
018f4de4-feae-7ebd-ad0e-67c373f7f83d	018f4de4-feae-7dcc-b791-050544238240	1132	W	2679	{"type":"FeatureCollection","features":[{"id":"perceel.773f8109-2499-495a-829b-f510627f0106","type":"Feature","bbox":[608660.0675383168,6707147.499052064,608674.5443461644,6707184.856605088],"geometry":{"type":"Polygon","coordinates":[[[608661.8354977166,6707152.277868627],[608662.1026721222,6707147.499052064],[608664.4938595211,6707147.620117519],[608674.5443461644,6707148.24362079],[608672.0590566484,6707184.856605088],[608661.0453658425,6707184.230951818],[608661.147751684,6707182.612818882],[608660.0675383168,6707182.551354019],[608660.6520241325,6707173.404965818],[608661.2723368572,6707161.867677458],[608661.8354977166,6707152.277868627]]]},"properties":{"AKRKadastraleGemeenteCodeCode":"1242","AKRKadastraleGemeenteCodeWaarde":"WSL01","beginGeldigheid":"2006-04-20T13:47:58Z","identificatieLokaalID":"46570267970000","identificatieNamespace":"NL.IMKAD.KadastraalObject","kadastraleGemeenteCode":"1132","kadastraleGemeenteWaarde":"Woensel","kadastraleGrootteWaarde":"175","perceelnummer":"2679","perceelnummerPlaatscoordinaatX":"160595.485","perceelnummerPlaatscoordinaatY":"388218.411","perceelnummerRotatie":"0","perceelnummerVerschuivingDeltaX":"0","perceelnummerVerschuivingDeltaY":"0","sectie":"W","soortGrootteCode":"1","soortGrootteWaarde":"Vastgesteld","statusHistorieCode":"G","statusHistorieWaarde":"Geldig","tijdstipRegistratie":"2006-04-20T13:47:58Z","volgnummer":"0"}}],"crs":{"properties":{"name":"urn:ogc:def:crs:EPSG::3857"},"type":"name"}}	\N
018f4de4-feae-7743-ac76-f9b52b382163	018f4de4-feae-7dcc-b791-050544238240	1132	W	2681	{"type":"FeatureCollection","features":[{"id":"perceel.c28fc438-ceff-4716-bf3d-bf6641f1a059","type":"Feature","bbox":[608681.6207098363,6707148.814645003,608693.6467985287,6707185.9423734],"geometry":{"type":"Polygon","coordinates":[[[608691.1983919567,6707185.9423734],[608681.6207098363,6707185.398700419],[608684.0947703888,6707148.814645003],[608693.6467985287,6707149.385656194],[608691.1983919567,6707185.9423734]]]},"properties":{"AKRKadastraleGemeenteCodeCode":"1242","AKRKadastraleGemeenteCodeWaarde":"WSL01","beginGeldigheid":"2006-04-20T13:47:58Z","identificatieLokaalID":"46570268170000","identificatieNamespace":"NL.IMKAD.KadastraalObject","kadastraleGemeenteCode":"1132","kadastraleGemeenteWaarde":"Woensel","kadastraleGrootteWaarde":"137","perceelnummer":"2681","perceelnummerPlaatscoordinaatX":"160607.541","perceelnummerPlaatscoordinaatY":"388219.07","perceelnummerRotatie":"0","perceelnummerVerschuivingDeltaX":"0","perceelnummerVerschuivingDeltaY":"0","sectie":"W","soortGrootteCode":"1","soortGrootteWaarde":"Vastgesteld","statusHistorieCode":"G","statusHistorieWaarde":"Geldig","tijdstipRegistratie":"2006-04-20T13:47:58Z","volgnummer":"0"}}],"crs":{"properties":{"name":"urn:ogc:def:crs:EPSG::3857"},"type":"name"}}	\N
018f4de4-feae-7b50-8898-2d8587ca0e5e	018f4de4-feae-7dcc-b791-050544238240	1132	W	2682	{"type":"FeatureCollection","features":[{"id":"perceel.5f2bfcf8-cf52-4292-bcce-50cd8755931c","type":"Feature","bbox":[608691.1983919567,6707149.385656194,608703.1956228428,6707186.486035078],"geometry":{"type":"Polygon","coordinates":[[[608700.7760753519,6707186.486035078],[608691.1983919567,6707185.9423734],[608693.6467985287,6707149.385656194],[608703.1956228428,6707149.956659727],[608700.7760753519,6707186.486035078]]]},"properties":{"AKRKadastraleGemeenteCodeCode":"1242","AKRKadastraleGemeenteCodeWaarde":"WSL01","beginGeldigheid":"2006-04-20T13:47:58Z","identificatieLokaalID":"46570268270000","identificatieNamespace":"NL.IMKAD.KadastraalObject","kadastraleGemeenteCode":"1132","kadastraleGemeenteWaarde":"Woensel","kadastraleGrootteWaarde":"137","perceelnummer":"2682","perceelnummerPlaatscoordinaatX":"160613.599","perceelnummerPlaatscoordinaatY":"388219.399","perceelnummerRotatie":"0","perceelnummerVerschuivingDeltaX":"0","perceelnummerVerschuivingDeltaY":"0","sectie":"W","soortGrootteCode":"1","soortGrootteWaarde":"Vastgesteld","statusHistorieCode":"G","statusHistorieWaarde":"Geldig","tijdstipRegistratie":"2006-04-20T13:47:58Z","volgnummer":"0"}}],"crs":{"properties":{"name":"urn:ogc:def:crs:EPSG::3857"},"type":"name"}}	\N
018f4de4-feae-71fc-822c-3ac3a8dc1da8	018f4de4-feae-7dcc-b791-050544238240	1132	W	2683	{"type":"FeatureCollection","features":[{"id":"perceel.5f1c997d-446f-451a-9764-8c1e105b42d3","type":"Feature","bbox":[608700.7760753519,6707149.956659727,608712.7460510721,6707187.028080465],"geometry":{"type":"Polygon","coordinates":[[[608710.3521556557,6707187.028080465],[608700.7760753519,6707186.486035078],[608703.1956228428,6707149.956659727],[608712.7460510721,6707150.5276502315],[608710.3521556557,6707187.028080465]]]},"properties":{"AKRKadastraleGemeenteCodeCode":"1242","AKRKadastraleGemeenteCodeWaarde":"WSL01","beginGeldigheid":"2006-04-20T13:47:58Z","identificatieLokaalID":"46570268370000","identificatieNamespace":"NL.IMKAD.KadastraalObject","kadastraleGemeenteCode":"1132","kadastraleGemeenteWaarde":"Woensel","kadastraleGrootteWaarde":"137","perceelnummer":"2683","perceelnummerPlaatscoordinaatX":"160619.399","perceelnummerPlaatscoordinaatY":"388219.475","perceelnummerRotatie":"0","perceelnummerVerschuivingDeltaX":"0","perceelnummerVerschuivingDeltaY":"0","sectie":"W","soortGrootteCode":"1","soortGrootteWaarde":"Vastgesteld","statusHistorieCode":"G","statusHistorieWaarde":"Geldig","tijdstipRegistratie":"2006-04-20T13:47:58Z","volgnummer":"0"}}],"crs":{"properties":{"name":"urn:ogc:def:crs:EPSG::3857"},"type":"name"}}	\N
018f4de4-feae-7f7b-a51b-be9dcb34d031	018f4de4-feae-7dcc-b791-050544238240	1132	W	2684	{"type":"FeatureCollection","features":[{"id":"perceel.12222f02-054e-4061-baf8-ebc03be97a7f","type":"Feature","bbox":[608710.3521556557,6707150.5276502315,608723.7837763873,6707187.666273812],"geometry":{"type":"Polygon","coordinates":[[[608712.7460510721,6707150.5276502315],[608723.7837763873,6707151.186945744],[608722.8144469156,6707167.291049388],[608722.2369335728,6707176.880896138],[608721.6594206549,6707186.472360872],[608721.5870255537,6707187.666273812],[608710.3521556557,6707187.028080465],[608712.7460510721,6707150.5276502315]]]},"properties":{"AKRKadastraleGemeenteCodeCode":"1242","AKRKadastraleGemeenteCodeWaarde":"WSL01","beginGeldigheid":"2006-04-20T13:47:58Z","identificatieLokaalID":"46570268470000","identificatieNamespace":"NL.IMKAD.KadastraalObject","kadastraleGemeenteCode":"1132","kadastraleGemeenteWaarde":"Woensel","kadastraleGrootteWaarde":"157","perceelnummer":"2684","perceelnummerPlaatscoordinaatX":"160626.054","perceelnummerPlaatscoordinaatY":"388219.599","perceelnummerRotatie":"0","perceelnummerVerschuivingDeltaX":"0","perceelnummerVerschuivingDeltaY":"0","sectie":"W","soortGrootteCode":"1","soortGrootteWaarde":"Vastgesteld","statusHistorieCode":"G","statusHistorieWaarde":"Geldig","tijdstipRegistratie":"2006-04-20T13:47:58Z","volgnummer":"0"}}],"crs":{"properties":{"name":"urn:ogc:def:crs:EPSG::3857"},"type":"name"}}	\N
018fdd0c-250f-7f19-a1fe-3d0d86b559ad	018fdd0c-250f-74a7-9e54-7d407ea4700e	1132	W	2680	{"type":"FeatureCollection","features":[{"id":"perceel.81513be1-a282-4697-97f9-6a0b59038b26","type":"Feature","bbox":[608672.0590566484,6707148.24362079,608684.0947703888,6707185.398700419],"geometry":{"type":"Polygon","coordinates":[[[608674.5443461644,6707148.24362079],[608684.0947703888,6707148.814645003],[608681.6207098363,6707185.398700419],[608672.0590566484,6707184.856605088],[608674.5443461644,6707148.24362079]]]},"properties":{"AKRKadastraleGemeenteCodeCode":"1242","AKRKadastraleGemeenteCodeWaarde":"WSL01","beginGeldigheid":"2006-04-20T13:47:58Z","identificatieLokaalID":"46570268070000","identificatieNamespace":"NL.IMKAD.KadastraalObject","kadastraleGemeenteCode":"1132","kadastraleGemeenteWaarde":"Woensel","kadastraleGrootteWaarde":"137","perceelnummer":"2680","perceelnummerPlaatscoordinaatX":"160601.486","perceelnummerPlaatscoordinaatY":"388218.741","perceelnummerRotatie":"0","perceelnummerVerschuivingDeltaX":"0","perceelnummerVerschuivingDeltaY":"0","sectie":"W","soortGrootteCode":"1","soortGrootteWaarde":"Vastgesteld","statusHistorieCode":"G","statusHistorieWaarde":"Geldig","tijdstipRegistratie":"2006-04-20T13:47:58Z","volgnummer":"0"}}],"crs":{"properties":{"name":"urn:ogc:def:crs:EPSG::3857"},"type":"name"}}	\N
018fdd0c-250f-73b6-adf6-9b3e8a9f38ec	018fdd0c-250f-74a7-9e54-7d407ea4700e	1132	W	2681	{"type":"FeatureCollection","features":[{"id":"perceel.c28fc438-ceff-4716-bf3d-bf6641f1a059","type":"Feature","bbox":[608681.6207098363,6707148.814645003,608693.6467985287,6707185.9423734],"geometry":{"type":"Polygon","coordinates":[[[608691.1983919567,6707185.9423734],[608681.6207098363,6707185.398700419],[608684.0947703888,6707148.814645003],[608693.6467985287,6707149.385656194],[608691.1983919567,6707185.9423734]]]},"properties":{"AKRKadastraleGemeenteCodeCode":"1242","AKRKadastraleGemeenteCodeWaarde":"WSL01","beginGeldigheid":"2006-04-20T13:47:58Z","identificatieLokaalID":"46570268170000","identificatieNamespace":"NL.IMKAD.KadastraalObject","kadastraleGemeenteCode":"1132","kadastraleGemeenteWaarde":"Woensel","kadastraleGrootteWaarde":"137","perceelnummer":"2681","perceelnummerPlaatscoordinaatX":"160607.541","perceelnummerPlaatscoordinaatY":"388219.07","perceelnummerRotatie":"0","perceelnummerVerschuivingDeltaX":"0","perceelnummerVerschuivingDeltaY":"0","sectie":"W","soortGrootteCode":"1","soortGrootteWaarde":"Vastgesteld","statusHistorieCode":"G","statusHistorieWaarde":"Geldig","tijdstipRegistratie":"2006-04-20T13:47:58Z","volgnummer":"0"}}],"crs":{"properties":{"name":"urn:ogc:def:crs:EPSG::3857"},"type":"name"}}	\N
018fdd0c-250f-7355-a00b-b4971b792bc0	018fdd0c-250f-74a7-9e54-7d407ea4700e	1132	W	2682	{"type":"FeatureCollection","features":[{"id":"perceel.5f2bfcf8-cf52-4292-bcce-50cd8755931c","type":"Feature","bbox":[608691.1983919567,6707149.385656194,608703.1956228428,6707186.486035078],"geometry":{"type":"Polygon","coordinates":[[[608700.7760753519,6707186.486035078],[608691.1983919567,6707185.9423734],[608693.6467985287,6707149.385656194],[608703.1956228428,6707149.956659727],[608700.7760753519,6707186.486035078]]]},"properties":{"AKRKadastraleGemeenteCodeCode":"1242","AKRKadastraleGemeenteCodeWaarde":"WSL01","beginGeldigheid":"2006-04-20T13:47:58Z","identificatieLokaalID":"46570268270000","identificatieNamespace":"NL.IMKAD.KadastraalObject","kadastraleGemeenteCode":"1132","kadastraleGemeenteWaarde":"Woensel","kadastraleGrootteWaarde":"137","perceelnummer":"2682","perceelnummerPlaatscoordinaatX":"160613.599","perceelnummerPlaatscoordinaatY":"388219.399","perceelnummerRotatie":"0","perceelnummerVerschuivingDeltaX":"0","perceelnummerVerschuivingDeltaY":"0","sectie":"W","soortGrootteCode":"1","soortGrootteWaarde":"Vastgesteld","statusHistorieCode":"G","statusHistorieWaarde":"Geldig","tijdstipRegistratie":"2006-04-20T13:47:58Z","volgnummer":"0"}}],"crs":{"properties":{"name":"urn:ogc:def:crs:EPSG::3857"},"type":"name"}}	\N
018fdd0c-2510-754c-b01a-ff132261fc0f	018fdd0c-250f-74a7-9e54-7d407ea4700e	1132	W	2683	{"type":"FeatureCollection","features":[{"id":"perceel.5f1c997d-446f-451a-9764-8c1e105b42d3","type":"Feature","bbox":[608700.7760753519,6707149.956659727,608712.7460510721,6707187.028080465],"geometry":{"type":"Polygon","coordinates":[[[608710.3521556557,6707187.028080465],[608700.7760753519,6707186.486035078],[608703.1956228428,6707149.956659727],[608712.7460510721,6707150.5276502315],[608710.3521556557,6707187.028080465]]]},"properties":{"AKRKadastraleGemeenteCodeCode":"1242","AKRKadastraleGemeenteCodeWaarde":"WSL01","beginGeldigheid":"2006-04-20T13:47:58Z","identificatieLokaalID":"46570268370000","identificatieNamespace":"NL.IMKAD.KadastraalObject","kadastraleGemeenteCode":"1132","kadastraleGemeenteWaarde":"Woensel","kadastraleGrootteWaarde":"137","perceelnummer":"2683","perceelnummerPlaatscoordinaatX":"160619.399","perceelnummerPlaatscoordinaatY":"388219.475","perceelnummerRotatie":"0","perceelnummerVerschuivingDeltaX":"0","perceelnummerVerschuivingDeltaY":"0","sectie":"W","soortGrootteCode":"1","soortGrootteWaarde":"Vastgesteld","statusHistorieCode":"G","statusHistorieWaarde":"Geldig","tijdstipRegistratie":"2006-04-20T13:47:58Z","volgnummer":"0"}}],"crs":{"properties":{"name":"urn:ogc:def:crs:EPSG::3857"},"type":"name"}}	\N
018fdd0c-2510-7965-a086-6ebcb61bcc22	018fdd0c-250f-74a7-9e54-7d407ea4700e	1132	W	2684	{"type":"FeatureCollection","features":[{"id":"perceel.12222f02-054e-4061-baf8-ebc03be97a7f","type":"Feature","bbox":[608710.3521556557,6707150.5276502315,608723.7837763873,6707187.666273812],"geometry":{"type":"Polygon","coordinates":[[[608712.7460510721,6707150.5276502315],[608723.7837763873,6707151.186945744],[608722.8144469156,6707167.291049388],[608722.2369335728,6707176.880896138],[608721.6594206549,6707186.472360872],[608721.5870255537,6707187.666273812],[608710.3521556557,6707187.028080465],[608712.7460510721,6707150.5276502315]]]},"properties":{"AKRKadastraleGemeenteCodeCode":"1242","AKRKadastraleGemeenteCodeWaarde":"WSL01","beginGeldigheid":"2006-04-20T13:47:58Z","identificatieLokaalID":"46570268470000","identificatieNamespace":"NL.IMKAD.KadastraalObject","kadastraleGemeenteCode":"1132","kadastraleGemeenteWaarde":"Woensel","kadastraleGrootteWaarde":"157","perceelnummer":"2684","perceelnummerPlaatscoordinaatX":"160626.054","perceelnummerPlaatscoordinaatY":"388219.599","perceelnummerRotatie":"0","perceelnummerVerschuivingDeltaX":"0","perceelnummerVerschuivingDeltaY":"0","sectie":"W","soortGrootteCode":"1","soortGrootteWaarde":"Vastgesteld","statusHistorieCode":"G","statusHistorieWaarde":"Geldig","tijdstipRegistratie":"2006-04-20T13:47:58Z","volgnummer":"0"}}],"crs":{"properties":{"name":"urn:ogc:def:crs:EPSG::3857"},"type":"name"}}	\N
018fdd0c-2510-7f40-b06e-b34d67d75ccc	018fdd0c-250f-74a7-9e54-7d407ea4700e	1132	W	2679	{"type":"FeatureCollection","features":[{"id":"perceel.773f8109-2499-495a-829b-f510627f0106","type":"Feature","bbox":[608660.0675383168,6707147.499052064,608674.5443461644,6707184.856605088],"geometry":{"type":"Polygon","coordinates":[[[608661.8354977166,6707152.277868627],[608662.1026721222,6707147.499052064],[608664.4938595211,6707147.620117519],[608674.5443461644,6707148.24362079],[608672.0590566484,6707184.856605088],[608661.0453658425,6707184.230951818],[608661.147751684,6707182.612818882],[608660.0675383168,6707182.551354019],[608660.6520241325,6707173.404965818],[608661.2723368572,6707161.867677458],[608661.8354977166,6707152.277868627]]]},"properties":{"AKRKadastraleGemeenteCodeCode":"1242","AKRKadastraleGemeenteCodeWaarde":"WSL01","beginGeldigheid":"2006-04-20T13:47:58Z","identificatieLokaalID":"46570267970000","identificatieNamespace":"NL.IMKAD.KadastraalObject","kadastraleGemeenteCode":"1132","kadastraleGemeenteWaarde":"Woensel","kadastraleGrootteWaarde":"175","perceelnummer":"2679","perceelnummerPlaatscoordinaatX":"160595.485","perceelnummerPlaatscoordinaatY":"388218.411","perceelnummerRotatie":"0","perceelnummerVerschuivingDeltaX":"0","perceelnummerVerschuivingDeltaY":"0","sectie":"W","soortGrootteCode":"1","soortGrootteWaarde":"Vastgesteld","statusHistorieCode":"G","statusHistorieWaarde":"Geldig","tijdstipRegistratie":"2006-04-20T13:47:58Z","volgnummer":"0"}}],"crs":{"properties":{"name":"urn:ogc:def:crs:EPSG::3857"},"type":"name"}}	\N
018fdd0c-2510-7127-82ee-35633fcea069	018fdd0c-250f-74a7-9e54-7d407ea4700e	1132	W	2806	{"type":"FeatureCollection","features":[{"id":"perceel.b5c2eed8-4960-43a7-b1e5-92448c8cecaf","type":"Feature","bbox":[608655.0495114706,6707173.08919724,608660.6520241325,6707182.551354019],"geometry":{"type":"Polygon","coordinates":[[[608660.0675383168,6707182.551354019],[608655.0495114706,6707182.262883809],[608655.6195495557,6707173.08919724],[608660.6520241325,6707173.404965818],[608660.0675383168,6707182.551354019]]]},"properties":{"AKRKadastraleGemeenteCodeCode":"1242","AKRKadastraleGemeenteCodeWaarde":"WSL01","beginGeldigheid":"2006-04-20T13:47:58Z","identificatieLokaalID":"46570280670000","identificatieNamespace":"NL.IMKAD.KadastraalObject","kadastraleGemeenteCode":"1132","kadastraleGemeenteWaarde":"Woensel","kadastraleGrootteWaarde":"18","perceelnummer":"2806","perceelnummerPlaatscoordinaatX":"160589.439","perceelnummerPlaatscoordinaatY":"388219.251","perceelnummerRotatie":"87.1","perceelnummerVerschuivingDeltaX":"0","perceelnummerVerschuivingDeltaY":"0","sectie":"W","soortGrootteCode":"1","soortGrootteWaarde":"Vastgesteld","statusHistorieCode":"G","statusHistorieWaarde":"Geldig","tijdstipRegistratie":"2006-04-20T13:47:58Z","volgnummer":"0"}}],"crs":{"properties":{"name":"urn:ogc:def:crs:EPSG::3857"},"type":"name"}}	\N
018fdd0c-2510-7c3d-898c-2f9e66c9a6e3	018fdd0c-250f-74a7-9e54-7d407ea4700e	1132	W	2807	{"type":"FeatureCollection","features":[{"id":"perceel.5a7f3dd9-e2da-412a-853c-95557f8fdd9e","type":"Feature","bbox":[608650.2510518982,6707172.789233762,608655.6195495557,6707182.262883809],"geometry":{"type":"Polygon","coordinates":[[[608655.0495114706,6707182.262883809],[608650.2510518982,6707181.985414428],[608650.8210706207,6707172.789233762],[608655.6195495557,6707173.08919724],[608655.0495114706,6707182.262883809]]]},"properties":{"AKRKadastraleGemeenteCodeCode":"1242","AKRKadastraleGemeenteCodeWaarde":"WSL01","beginGeldigheid":"2006-04-20T13:47:58Z","identificatieLokaalID":"46570280770000","identificatieNamespace":"NL.IMKAD.KadastraalObject","kadastraleGemeenteCode":"1132","kadastraleGemeenteWaarde":"Woensel","kadastraleGrootteWaarde":"18","perceelnummer":"2807","perceelnummerPlaatscoordinaatX":"160586.412","perceelnummerPlaatscoordinaatY":"388219.111","perceelnummerRotatie":"86.7","perceelnummerVerschuivingDeltaX":"0","perceelnummerVerschuivingDeltaY":"0","sectie":"W","soortGrootteCode":"1","soortGrootteWaarde":"Vastgesteld","statusHistorieCode":"G","statusHistorieWaarde":"Geldig","tijdstipRegistratie":"2006-04-20T13:47:58Z","volgnummer":"0"}}],"crs":{"properties":{"name":"urn:ogc:def:crs:EPSG::3857"},"type":"name"}}	\N
018fdd0c-2510-7f39-85c0-d5fa1daaf38c	018fdd0c-2510-7a89-a7d2-fe55e122b973	1132	W	2680	{"type":"FeatureCollection","features":[{"id":"perceel.81513be1-a282-4697-97f9-6a0b59038b26","type":"Feature","bbox":[608672.0590566484,6707148.24362079,608684.0947703888,6707185.398700419],"geometry":{"type":"Polygon","coordinates":[[[608674.5443461644,6707148.24362079],[608684.0947703888,6707148.814645003],[608681.6207098363,6707185.398700419],[608672.0590566484,6707184.856605088],[608674.5443461644,6707148.24362079]]]},"properties":{"AKRKadastraleGemeenteCodeCode":"1242","AKRKadastraleGemeenteCodeWaarde":"WSL01","beginGeldigheid":"2006-04-20T13:47:58Z","identificatieLokaalID":"46570268070000","identificatieNamespace":"NL.IMKAD.KadastraalObject","kadastraleGemeenteCode":"1132","kadastraleGemeenteWaarde":"Woensel","kadastraleGrootteWaarde":"137","perceelnummer":"2680","perceelnummerPlaatscoordinaatX":"160601.486","perceelnummerPlaatscoordinaatY":"388218.741","perceelnummerRotatie":"0","perceelnummerVerschuivingDeltaX":"0","perceelnummerVerschuivingDeltaY":"0","sectie":"W","soortGrootteCode":"1","soortGrootteWaarde":"Vastgesteld","statusHistorieCode":"G","statusHistorieWaarde":"Geldig","tijdstipRegistratie":"2006-04-20T13:47:58Z","volgnummer":"0"}}],"crs":{"properties":{"name":"urn:ogc:def:crs:EPSG::3857"},"type":"name"}}	\N
018fdd0c-2510-7191-a8c5-1272f05b9b1b	018fdd0c-2510-7a89-a7d2-fe55e122b973	1132	W	2679	{"type":"FeatureCollection","features":[{"id":"perceel.773f8109-2499-495a-829b-f510627f0106","type":"Feature","bbox":[608660.0675383168,6707147.499052064,608674.5443461644,6707184.856605088],"geometry":{"type":"Polygon","coordinates":[[[608661.8354977166,6707152.277868627],[608662.1026721222,6707147.499052064],[608664.4938595211,6707147.620117519],[608674.5443461644,6707148.24362079],[608672.0590566484,6707184.856605088],[608661.0453658425,6707184.230951818],[608661.147751684,6707182.612818882],[608660.0675383168,6707182.551354019],[608660.6520241325,6707173.404965818],[608661.2723368572,6707161.867677458],[608661.8354977166,6707152.277868627]]]},"properties":{"AKRKadastraleGemeenteCodeCode":"1242","AKRKadastraleGemeenteCodeWaarde":"WSL01","beginGeldigheid":"2006-04-20T13:47:58Z","identificatieLokaalID":"46570267970000","identificatieNamespace":"NL.IMKAD.KadastraalObject","kadastraleGemeenteCode":"1132","kadastraleGemeenteWaarde":"Woensel","kadastraleGrootteWaarde":"175","perceelnummer":"2679","perceelnummerPlaatscoordinaatX":"160595.485","perceelnummerPlaatscoordinaatY":"388218.411","perceelnummerRotatie":"0","perceelnummerVerschuivingDeltaX":"0","perceelnummerVerschuivingDeltaY":"0","sectie":"W","soortGrootteCode":"1","soortGrootteWaarde":"Vastgesteld","statusHistorieCode":"G","statusHistorieWaarde":"Geldig","tijdstipRegistratie":"2006-04-20T13:47:58Z","volgnummer":"0"}}],"crs":{"properties":{"name":"urn:ogc:def:crs:EPSG::3857"},"type":"name"}}	\N
018fdd0c-2510-71ec-a8b0-05385b6ddafd	018fdd0c-2510-7a89-a7d2-fe55e122b973	1132	W	2681	{"type":"FeatureCollection","features":[{"id":"perceel.c28fc438-ceff-4716-bf3d-bf6641f1a059","type":"Feature","bbox":[608681.6207098363,6707148.814645003,608693.6467985287,6707185.9423734],"geometry":{"type":"Polygon","coordinates":[[[608691.1983919567,6707185.9423734],[608681.6207098363,6707185.398700419],[608684.0947703888,6707148.814645003],[608693.6467985287,6707149.385656194],[608691.1983919567,6707185.9423734]]]},"properties":{"AKRKadastraleGemeenteCodeCode":"1242","AKRKadastraleGemeenteCodeWaarde":"WSL01","beginGeldigheid":"2006-04-20T13:47:58Z","identificatieLokaalID":"46570268170000","identificatieNamespace":"NL.IMKAD.KadastraalObject","kadastraleGemeenteCode":"1132","kadastraleGemeenteWaarde":"Woensel","kadastraleGrootteWaarde":"137","perceelnummer":"2681","perceelnummerPlaatscoordinaatX":"160607.541","perceelnummerPlaatscoordinaatY":"388219.07","perceelnummerRotatie":"0","perceelnummerVerschuivingDeltaX":"0","perceelnummerVerschuivingDeltaY":"0","sectie":"W","soortGrootteCode":"1","soortGrootteWaarde":"Vastgesteld","statusHistorieCode":"G","statusHistorieWaarde":"Geldig","tijdstipRegistratie":"2006-04-20T13:47:58Z","volgnummer":"0"}}],"crs":{"properties":{"name":"urn:ogc:def:crs:EPSG::3857"},"type":"name"}}	\N
018fdd0c-2510-7621-863b-3c8ca749ddbf	018fdd0c-2510-7a89-a7d2-fe55e122b973	1132	W	2682	{"type":"FeatureCollection","features":[{"id":"perceel.5f2bfcf8-cf52-4292-bcce-50cd8755931c","type":"Feature","bbox":[608691.1983919567,6707149.385656194,608703.1956228428,6707186.486035078],"geometry":{"type":"Polygon","coordinates":[[[608700.7760753519,6707186.486035078],[608691.1983919567,6707185.9423734],[608693.6467985287,6707149.385656194],[608703.1956228428,6707149.956659727],[608700.7760753519,6707186.486035078]]]},"properties":{"AKRKadastraleGemeenteCodeCode":"1242","AKRKadastraleGemeenteCodeWaarde":"WSL01","beginGeldigheid":"2006-04-20T13:47:58Z","identificatieLokaalID":"46570268270000","identificatieNamespace":"NL.IMKAD.KadastraalObject","kadastraleGemeenteCode":"1132","kadastraleGemeenteWaarde":"Woensel","kadastraleGrootteWaarde":"137","perceelnummer":"2682","perceelnummerPlaatscoordinaatX":"160613.599","perceelnummerPlaatscoordinaatY":"388219.399","perceelnummerRotatie":"0","perceelnummerVerschuivingDeltaX":"0","perceelnummerVerschuivingDeltaY":"0","sectie":"W","soortGrootteCode":"1","soortGrootteWaarde":"Vastgesteld","statusHistorieCode":"G","statusHistorieWaarde":"Geldig","tijdstipRegistratie":"2006-04-20T13:47:58Z","volgnummer":"0"}}],"crs":{"properties":{"name":"urn:ogc:def:crs:EPSG::3857"},"type":"name"}}	\N
018fdd0c-2510-7856-9687-a2ac43f9f0d9	018fdd0c-2510-7a89-a7d2-fe55e122b973	1132	W	2683	{"type":"FeatureCollection","features":[{"id":"perceel.5f1c997d-446f-451a-9764-8c1e105b42d3","type":"Feature","bbox":[608700.7760753519,6707149.956659727,608712.7460510721,6707187.028080465],"geometry":{"type":"Polygon","coordinates":[[[608710.3521556557,6707187.028080465],[608700.7760753519,6707186.486035078],[608703.1956228428,6707149.956659727],[608712.7460510721,6707150.5276502315],[608710.3521556557,6707187.028080465]]]},"properties":{"AKRKadastraleGemeenteCodeCode":"1242","AKRKadastraleGemeenteCodeWaarde":"WSL01","beginGeldigheid":"2006-04-20T13:47:58Z","identificatieLokaalID":"46570268370000","identificatieNamespace":"NL.IMKAD.KadastraalObject","kadastraleGemeenteCode":"1132","kadastraleGemeenteWaarde":"Woensel","kadastraleGrootteWaarde":"137","perceelnummer":"2683","perceelnummerPlaatscoordinaatX":"160619.399","perceelnummerPlaatscoordinaatY":"388219.475","perceelnummerRotatie":"0","perceelnummerVerschuivingDeltaX":"0","perceelnummerVerschuivingDeltaY":"0","sectie":"W","soortGrootteCode":"1","soortGrootteWaarde":"Vastgesteld","statusHistorieCode":"G","statusHistorieWaarde":"Geldig","tijdstipRegistratie":"2006-04-20T13:47:58Z","volgnummer":"0"}}],"crs":{"properties":{"name":"urn:ogc:def:crs:EPSG::3857"},"type":"name"}}	\N
018fdd0c-2510-7ada-8d72-136e3feac5fe	018fdd0c-2510-7a89-a7d2-fe55e122b973	1132	W	2684	{"type":"FeatureCollection","features":[{"id":"perceel.12222f02-054e-4061-baf8-ebc03be97a7f","type":"Feature","bbox":[608710.3521556557,6707150.5276502315,608723.7837763873,6707187.666273812],"geometry":{"type":"Polygon","coordinates":[[[608712.7460510721,6707150.5276502315],[608723.7837763873,6707151.186945744],[608722.8144469156,6707167.291049388],[608722.2369335728,6707176.880896138],[608721.6594206549,6707186.472360872],[608721.5870255537,6707187.666273812],[608710.3521556557,6707187.028080465],[608712.7460510721,6707150.5276502315]]]},"properties":{"AKRKadastraleGemeenteCodeCode":"1242","AKRKadastraleGemeenteCodeWaarde":"WSL01","beginGeldigheid":"2006-04-20T13:47:58Z","identificatieLokaalID":"46570268470000","identificatieNamespace":"NL.IMKAD.KadastraalObject","kadastraleGemeenteCode":"1132","kadastraleGemeenteWaarde":"Woensel","kadastraleGrootteWaarde":"157","perceelnummer":"2684","perceelnummerPlaatscoordinaatX":"160626.054","perceelnummerPlaatscoordinaatY":"388219.599","perceelnummerRotatie":"0","perceelnummerVerschuivingDeltaX":"0","perceelnummerVerschuivingDeltaY":"0","sectie":"W","soortGrootteCode":"1","soortGrootteWaarde":"Vastgesteld","statusHistorieCode":"G","statusHistorieWaarde":"Geldig","tijdstipRegistratie":"2006-04-20T13:47:58Z","volgnummer":"0"}}],"crs":{"properties":{"name":"urn:ogc:def:crs:EPSG::3857"},"type":"name"}}	\N
018fdd0c-508e-7158-a458-8de58c776031	018fdd0c-508e-74f9-a255-ff07e3adb801	1132	W	2680	{"type":"FeatureCollection","features":[{"id":"perceel.81513be1-a282-4697-97f9-6a0b59038b26","type":"Feature","bbox":[608672.0590566484,6707148.24362079,608684.0947703888,6707185.398700419],"geometry":{"type":"Polygon","coordinates":[[[608674.5443461644,6707148.24362079],[608684.0947703888,6707148.814645003],[608681.6207098363,6707185.398700419],[608672.0590566484,6707184.856605088],[608674.5443461644,6707148.24362079]]]},"properties":{"AKRKadastraleGemeenteCodeCode":"1242","AKRKadastraleGemeenteCodeWaarde":"WSL01","beginGeldigheid":"2006-04-20T13:47:58Z","identificatieLokaalID":"46570268070000","identificatieNamespace":"NL.IMKAD.KadastraalObject","kadastraleGemeenteCode":"1132","kadastraleGemeenteWaarde":"Woensel","kadastraleGrootteWaarde":"137","perceelnummer":"2680","perceelnummerPlaatscoordinaatX":"160601.486","perceelnummerPlaatscoordinaatY":"388218.741","perceelnummerRotatie":"0","perceelnummerVerschuivingDeltaX":"0","perceelnummerVerschuivingDeltaY":"0","sectie":"W","soortGrootteCode":"1","soortGrootteWaarde":"Vastgesteld","statusHistorieCode":"G","statusHistorieWaarde":"Geldig","tijdstipRegistratie":"2006-04-20T13:47:58Z","volgnummer":"0"}}],"crs":{"properties":{"name":"urn:ogc:def:crs:EPSG::3857"},"type":"name"}}	\N
018fdd0c-508f-7ebd-9409-3b01db40eb64	018fdd0c-508e-74f9-a255-ff07e3adb801	1132	W	2679	{"type":"FeatureCollection","features":[{"id":"perceel.773f8109-2499-495a-829b-f510627f0106","type":"Feature","bbox":[608660.0675383168,6707147.499052064,608674.5443461644,6707184.856605088],"geometry":{"type":"Polygon","coordinates":[[[608661.8354977166,6707152.277868627],[608662.1026721222,6707147.499052064],[608664.4938595211,6707147.620117519],[608674.5443461644,6707148.24362079],[608672.0590566484,6707184.856605088],[608661.0453658425,6707184.230951818],[608661.147751684,6707182.612818882],[608660.0675383168,6707182.551354019],[608660.6520241325,6707173.404965818],[608661.2723368572,6707161.867677458],[608661.8354977166,6707152.277868627]]]},"properties":{"AKRKadastraleGemeenteCodeCode":"1242","AKRKadastraleGemeenteCodeWaarde":"WSL01","beginGeldigheid":"2006-04-20T13:47:58Z","identificatieLokaalID":"46570267970000","identificatieNamespace":"NL.IMKAD.KadastraalObject","kadastraleGemeenteCode":"1132","kadastraleGemeenteWaarde":"Woensel","kadastraleGrootteWaarde":"175","perceelnummer":"2679","perceelnummerPlaatscoordinaatX":"160595.485","perceelnummerPlaatscoordinaatY":"388218.411","perceelnummerRotatie":"0","perceelnummerVerschuivingDeltaX":"0","perceelnummerVerschuivingDeltaY":"0","sectie":"W","soortGrootteCode":"1","soortGrootteWaarde":"Vastgesteld","statusHistorieCode":"G","statusHistorieWaarde":"Geldig","tijdstipRegistratie":"2006-04-20T13:47:58Z","volgnummer":"0"}}],"crs":{"properties":{"name":"urn:ogc:def:crs:EPSG::3857"},"type":"name"}}	\N
018fdd0c-508f-70b9-92f2-f958c80a32c2	018fdd0c-508e-74f9-a255-ff07e3adb801	1132	W	2681	{"type":"FeatureCollection","features":[{"id":"perceel.c28fc438-ceff-4716-bf3d-bf6641f1a059","type":"Feature","bbox":[608681.6207098363,6707148.814645003,608693.6467985287,6707185.9423734],"geometry":{"type":"Polygon","coordinates":[[[608691.1983919567,6707185.9423734],[608681.6207098363,6707185.398700419],[608684.0947703888,6707148.814645003],[608693.6467985287,6707149.385656194],[608691.1983919567,6707185.9423734]]]},"properties":{"AKRKadastraleGemeenteCodeCode":"1242","AKRKadastraleGemeenteCodeWaarde":"WSL01","beginGeldigheid":"2006-04-20T13:47:58Z","identificatieLokaalID":"46570268170000","identificatieNamespace":"NL.IMKAD.KadastraalObject","kadastraleGemeenteCode":"1132","kadastraleGemeenteWaarde":"Woensel","kadastraleGrootteWaarde":"137","perceelnummer":"2681","perceelnummerPlaatscoordinaatX":"160607.541","perceelnummerPlaatscoordinaatY":"388219.07","perceelnummerRotatie":"0","perceelnummerVerschuivingDeltaX":"0","perceelnummerVerschuivingDeltaY":"0","sectie":"W","soortGrootteCode":"1","soortGrootteWaarde":"Vastgesteld","statusHistorieCode":"G","statusHistorieWaarde":"Geldig","tijdstipRegistratie":"2006-04-20T13:47:58Z","volgnummer":"0"}}],"crs":{"properties":{"name":"urn:ogc:def:crs:EPSG::3857"},"type":"name"}}	\N
018fdd0c-508f-75df-bed8-1726e1bc5a15	018fdd0c-508e-74f9-a255-ff07e3adb801	1132	W	2682	{"type":"FeatureCollection","features":[{"id":"perceel.5f2bfcf8-cf52-4292-bcce-50cd8755931c","type":"Feature","bbox":[608691.1983919567,6707149.385656194,608703.1956228428,6707186.486035078],"geometry":{"type":"Polygon","coordinates":[[[608700.7760753519,6707186.486035078],[608691.1983919567,6707185.9423734],[608693.6467985287,6707149.385656194],[608703.1956228428,6707149.956659727],[608700.7760753519,6707186.486035078]]]},"properties":{"AKRKadastraleGemeenteCodeCode":"1242","AKRKadastraleGemeenteCodeWaarde":"WSL01","beginGeldigheid":"2006-04-20T13:47:58Z","identificatieLokaalID":"46570268270000","identificatieNamespace":"NL.IMKAD.KadastraalObject","kadastraleGemeenteCode":"1132","kadastraleGemeenteWaarde":"Woensel","kadastraleGrootteWaarde":"137","perceelnummer":"2682","perceelnummerPlaatscoordinaatX":"160613.599","perceelnummerPlaatscoordinaatY":"388219.399","perceelnummerRotatie":"0","perceelnummerVerschuivingDeltaX":"0","perceelnummerVerschuivingDeltaY":"0","sectie":"W","soortGrootteCode":"1","soortGrootteWaarde":"Vastgesteld","statusHistorieCode":"G","statusHistorieWaarde":"Geldig","tijdstipRegistratie":"2006-04-20T13:47:58Z","volgnummer":"0"}}],"crs":{"properties":{"name":"urn:ogc:def:crs:EPSG::3857"},"type":"name"}}	\N
018fdd0c-508f-77f6-9874-4f22f28ca409	018fdd0c-508e-74f9-a255-ff07e3adb801	1132	W	2683	{"type":"FeatureCollection","features":[{"id":"perceel.5f1c997d-446f-451a-9764-8c1e105b42d3","type":"Feature","bbox":[608700.7760753519,6707149.956659727,608712.7460510721,6707187.028080465],"geometry":{"type":"Polygon","coordinates":[[[608710.3521556557,6707187.028080465],[608700.7760753519,6707186.486035078],[608703.1956228428,6707149.956659727],[608712.7460510721,6707150.5276502315],[608710.3521556557,6707187.028080465]]]},"properties":{"AKRKadastraleGemeenteCodeCode":"1242","AKRKadastraleGemeenteCodeWaarde":"WSL01","beginGeldigheid":"2006-04-20T13:47:58Z","identificatieLokaalID":"46570268370000","identificatieNamespace":"NL.IMKAD.KadastraalObject","kadastraleGemeenteCode":"1132","kadastraleGemeenteWaarde":"Woensel","kadastraleGrootteWaarde":"137","perceelnummer":"2683","perceelnummerPlaatscoordinaatX":"160619.399","perceelnummerPlaatscoordinaatY":"388219.475","perceelnummerRotatie":"0","perceelnummerVerschuivingDeltaX":"0","perceelnummerVerschuivingDeltaY":"0","sectie":"W","soortGrootteCode":"1","soortGrootteWaarde":"Vastgesteld","statusHistorieCode":"G","statusHistorieWaarde":"Geldig","tijdstipRegistratie":"2006-04-20T13:47:58Z","volgnummer":"0"}}],"crs":{"properties":{"name":"urn:ogc:def:crs:EPSG::3857"},"type":"name"}}	\N
018fdd0c-508f-7cbe-b102-a82b0b1cabd8	018fdd0c-508e-74f9-a255-ff07e3adb801	1132	W	2684	{"type":"FeatureCollection","features":[{"id":"perceel.12222f02-054e-4061-baf8-ebc03be97a7f","type":"Feature","bbox":[608710.3521556557,6707150.5276502315,608723.7837763873,6707187.666273812],"geometry":{"type":"Polygon","coordinates":[[[608712.7460510721,6707150.5276502315],[608723.7837763873,6707151.186945744],[608722.8144469156,6707167.291049388],[608722.2369335728,6707176.880896138],[608721.6594206549,6707186.472360872],[608721.5870255537,6707187.666273812],[608710.3521556557,6707187.028080465],[608712.7460510721,6707150.5276502315]]]},"properties":{"AKRKadastraleGemeenteCodeCode":"1242","AKRKadastraleGemeenteCodeWaarde":"WSL01","beginGeldigheid":"2006-04-20T13:47:58Z","identificatieLokaalID":"46570268470000","identificatieNamespace":"NL.IMKAD.KadastraalObject","kadastraleGemeenteCode":"1132","kadastraleGemeenteWaarde":"Woensel","kadastraleGrootteWaarde":"157","perceelnummer":"2684","perceelnummerPlaatscoordinaatX":"160626.054","perceelnummerPlaatscoordinaatY":"388219.599","perceelnummerRotatie":"0","perceelnummerVerschuivingDeltaX":"0","perceelnummerVerschuivingDeltaY":"0","sectie":"W","soortGrootteCode":"1","soortGrootteWaarde":"Vastgesteld","statusHistorieCode":"G","statusHistorieWaarde":"Geldig","tijdstipRegistratie":"2006-04-20T13:47:58Z","volgnummer":"0"}}],"crs":{"properties":{"name":"urn:ogc:def:crs:EPSG::3857"},"type":"name"}}	\N
018fdd0c-508f-78b6-b6ff-4fdb857e56b1	018fdd0c-508e-74f9-a255-ff07e3adb801	1132	W	2806	{"type":"FeatureCollection","features":[{"id":"perceel.b5c2eed8-4960-43a7-b1e5-92448c8cecaf","type":"Feature","bbox":[608655.0495114706,6707173.08919724,608660.6520241325,6707182.551354019],"geometry":{"type":"Polygon","coordinates":[[[608660.0675383168,6707182.551354019],[608655.0495114706,6707182.262883809],[608655.6195495557,6707173.08919724],[608660.6520241325,6707173.404965818],[608660.0675383168,6707182.551354019]]]},"properties":{"AKRKadastraleGemeenteCodeCode":"1242","AKRKadastraleGemeenteCodeWaarde":"WSL01","beginGeldigheid":"2006-04-20T13:47:58Z","identificatieLokaalID":"46570280670000","identificatieNamespace":"NL.IMKAD.KadastraalObject","kadastraleGemeenteCode":"1132","kadastraleGemeenteWaarde":"Woensel","kadastraleGrootteWaarde":"18","perceelnummer":"2806","perceelnummerPlaatscoordinaatX":"160589.439","perceelnummerPlaatscoordinaatY":"388219.251","perceelnummerRotatie":"87.1","perceelnummerVerschuivingDeltaX":"0","perceelnummerVerschuivingDeltaY":"0","sectie":"W","soortGrootteCode":"1","soortGrootteWaarde":"Vastgesteld","statusHistorieCode":"G","statusHistorieWaarde":"Geldig","tijdstipRegistratie":"2006-04-20T13:47:58Z","volgnummer":"0"}}],"crs":{"properties":{"name":"urn:ogc:def:crs:EPSG::3857"},"type":"name"}}	\N
018fdd0c-508f-7b79-9b3f-afffe6ad48ef	018fdd0c-508e-74f9-a255-ff07e3adb801	1132	W	2807	{"type":"FeatureCollection","features":[{"id":"perceel.5a7f3dd9-e2da-412a-853c-95557f8fdd9e","type":"Feature","bbox":[608650.2510518982,6707172.789233762,608655.6195495557,6707182.262883809],"geometry":{"type":"Polygon","coordinates":[[[608655.0495114706,6707182.262883809],[608650.2510518982,6707181.985414428],[608650.8210706207,6707172.789233762],[608655.6195495557,6707173.08919724],[608655.0495114706,6707182.262883809]]]},"properties":{"AKRKadastraleGemeenteCodeCode":"1242","AKRKadastraleGemeenteCodeWaarde":"WSL01","beginGeldigheid":"2006-04-20T13:47:58Z","identificatieLokaalID":"46570280770000","identificatieNamespace":"NL.IMKAD.KadastraalObject","kadastraleGemeenteCode":"1132","kadastraleGemeenteWaarde":"Woensel","kadastraleGrootteWaarde":"18","perceelnummer":"2807","perceelnummerPlaatscoordinaatX":"160586.412","perceelnummerPlaatscoordinaatY":"388219.111","perceelnummerRotatie":"86.7","perceelnummerVerschuivingDeltaX":"0","perceelnummerVerschuivingDeltaY":"0","sectie":"W","soortGrootteCode":"1","soortGrootteWaarde":"Vastgesteld","statusHistorieCode":"G","statusHistorieWaarde":"Geldig","tijdstipRegistratie":"2006-04-20T13:47:58Z","volgnummer":"0"}}],"crs":{"properties":{"name":"urn:ogc:def:crs:EPSG::3857"},"type":"name"}}	\N
0190024e-085b-7b98-bdcb-78252ea8802a	0190024e-085b-7d24-ae10-90db1ebc9b9a	1132	P	2960	{"type":"FeatureCollection","features":[{"id":"perceel.639c83f9-a82c-424f-a8ea-2fd05093e59c","type":"Feature","bbox":[608673.8148691801,6704873.539884359,608794.8135057237,6705011.287751913],"geometry":{"type":"Polygon","coordinates":[[[608793.6574540241,6704943.958157573],[608794.8135057237,6704970.586663604],[608780.9539413706,6704971.191791483],[608782.6311982333,6705009.79669753],[608779.4493642738,6705011.287751913],[608677.9476851389,6704976.525996205],[608673.8148691801,6704873.9794059135],[608686.2629771933,6704873.539884359],[608737.4123336206,6704883.266871722],[608791.3758485881,6704893.602387241],[608791.611752533,6704896.821190883],[608793.6574540241,6704943.958157573]]]},"properties":{"AKRKadastraleGemeenteCodeCode":"1242","AKRKadastraleGemeenteCodeWaarde":"WSL01","beginGeldigheid":"2006-04-26T07:18:36Z","identificatieLokaalID":"46520296070000","identificatieNamespace":"NL.IMKAD.KadastraalObject","kadastraleGemeenteCode":"1132","kadastraleGemeenteWaarde":"Woensel","kadastraleGrootteWaarde":"5000","perceelnummer":"2960","perceelnummerPlaatscoordinaatX":"160645.997","perceelnummerPlaatscoordinaatY":"386852.621","perceelnummerRotatie":"0","perceelnummerVerschuivingDeltaX":"0","perceelnummerVerschuivingDeltaY":"0","sectie":"P","soortGrootteCode":"1","soortGrootteWaarde":"Vastgesteld","statusHistorieCode":"G","statusHistorieWaarde":"Geldig","tijdstipRegistratie":"2006-04-26T07:18:36Z","volgnummer":"0"}}],"crs":{"properties":{"name":"urn:ogc:def:crs:EPSG::3857"},"type":"name"}}	\N
019002d0-bce7-77ab-b8c2-58059291004f	019002d0-bce7-75d5-bb8a-6af651e5c326	976	F	533	{"type":"FeatureCollection","features":[{"id":"perceel.122d648d-d222-4a73-9dab-fad0350dc3a3","type":"Feature","bbox":[611592.6999477602,6699586.189263131,611761.6326536385,6699765.564425742],"geometry":{"type":"Polygon","coordinates":[[[611683.8709323637,6699643.036550591],[611704.5376454804,6699661.251635083],[611696.9980418124,6699669.963535241],[611710.9932733371,6699687.275149875],[611718.2820477254,6699696.292524356],[611725.5179042945,6699705.244163545],[611737.0895301612,6699719.557490975],[611744.4139062124,6699727.707958221],[611753.0132933095,6699737.278829588],[611746.6434827634,6699744.494567127],[611761.6326536385,6699763.565800545],[611750.8680095647,6699765.564425742],[611738.5298602175,6699750.510525113],[611731.3871627286,6699741.794689933],[611715.1080324169,6699721.932347947],[611707.1088480302,6699712.172741795],[611698.9540980026,6699702.225549976],[611682.2760905775,6699682.119824997],[611671.1002479575,6699672.271833538],[611660.8446583124,6699663.23315045],[611649.5165647769,6699653.250532685],[611656.4792636649,6699645.260324188],[611656.7394808759,6699643.649831724],[611642.4344743799,6699631.148117802],[611632.929357654,6699622.841951925],[611623.5829687603,6699614.671998387],[611608.8708649924,6699601.814497347],[611592.6999477602,6699587.681333713],[611618.2784695523,6699586.189263131],[611630.7957456969,6699597.059413248],[611641.7243471517,6699606.552967291],[611669.0884364274,6699630.317273541],[611683.8709323637,6699643.036550591]]]},"properties":{"AKRKadastraleGemeenteCodeCode":"1085","AKRKadastraleGemeenteCodeWaarde":"TGR00","beginGeldigheid":"2006-06-13T08:26:37Z","identificatieLokaalID":"45240053370000","identificatieNamespace":"NL.IMKAD.KadastraalObject","kadastraleGemeenteCode":"976","kadastraleGemeenteWaarde":"Tongelre","kadastraleGrootteWaarde":"1912","perceelnummer":"533","perceelnummerPlaatscoordinaatX":"162479.326","perceelnummerPlaatscoordinaatY":"383545.057","perceelnummerRotatie":"0","perceelnummerVerschuivingDeltaX":"0","perceelnummerVerschuivingDeltaY":"0","sectie":"F","soortGrootteCode":"1","soortGrootteWaarde":"Vastgesteld","statusHistorieCode":"G","statusHistorieWaarde":"Geldig","tijdstipRegistratie":"2006-06-13T08:26:37Z","volgnummer":"0"}}],"crs":{"properties":{"name":"urn:ogc:def:crs:EPSG::3857"},"type":"name"}}	\N
019002d4-fd86-7eaf-b761-44a7b6f82438	019002d4-fd86-743e-a72c-621a56a6436a	976	F	533	{"type":"FeatureCollection","features":[{"id":"perceel.122d648d-d222-4a73-9dab-fad0350dc3a3","type":"Feature","bbox":[611592.6999477602,6699586.189263131,611761.6326536385,6699765.564425742],"geometry":{"type":"Polygon","coordinates":[[[611683.8709323637,6699643.036550591],[611704.5376454804,6699661.251635083],[611696.9980418124,6699669.963535241],[611710.9932733371,6699687.275149875],[611718.2820477254,6699696.292524356],[611725.5179042945,6699705.244163545],[611737.0895301612,6699719.557490975],[611744.4139062124,6699727.707958221],[611753.0132933095,6699737.278829588],[611746.6434827634,6699744.494567127],[611761.6326536385,6699763.565800545],[611750.8680095647,6699765.564425742],[611738.5298602175,6699750.510525113],[611731.3871627286,6699741.794689933],[611715.1080324169,6699721.932347947],[611707.1088480302,6699712.172741795],[611698.9540980026,6699702.225549976],[611682.2760905775,6699682.119824997],[611671.1002479575,6699672.271833538],[611660.8446583124,6699663.23315045],[611649.5165647769,6699653.250532685],[611656.4792636649,6699645.260324188],[611656.7394808759,6699643.649831724],[611642.4344743799,6699631.148117802],[611632.929357654,6699622.841951925],[611623.5829687603,6699614.671998387],[611608.8708649924,6699601.814497347],[611592.6999477602,6699587.681333713],[611618.2784695523,6699586.189263131],[611630.7957456969,6699597.059413248],[611641.7243471517,6699606.552967291],[611669.0884364274,6699630.317273541],[611683.8709323637,6699643.036550591]]]},"properties":{"AKRKadastraleGemeenteCodeCode":"1085","AKRKadastraleGemeenteCodeWaarde":"TGR00","beginGeldigheid":"2006-06-13T08:26:37Z","identificatieLokaalID":"45240053370000","identificatieNamespace":"NL.IMKAD.KadastraalObject","kadastraleGemeenteCode":"976","kadastraleGemeenteWaarde":"Tongelre","kadastraleGrootteWaarde":"1912","perceelnummer":"533","perceelnummerPlaatscoordinaatX":"162479.326","perceelnummerPlaatscoordinaatY":"383545.057","perceelnummerRotatie":"0","perceelnummerVerschuivingDeltaX":"0","perceelnummerVerschuivingDeltaY":"0","sectie":"F","soortGrootteCode":"1","soortGrootteWaarde":"Vastgesteld","statusHistorieCode":"G","statusHistorieWaarde":"Geldig","tijdstipRegistratie":"2006-06-13T08:26:37Z","volgnummer":"0"}}],"crs":{"properties":{"name":"urn:ogc:def:crs:EPSG::3857"},"type":"name"}}	\N
01900398-0f2b-719c-8560-630cccaa9ee2	01900398-0f2b-724a-912b-4cb90eb55bd9	976	F	533	{"type":"FeatureCollection","features":[{"id":"perceel.122d648d-d222-4a73-9dab-fad0350dc3a3","type":"Feature","bbox":[611592.6999477602,6699586.189263131,611761.6326536385,6699765.564425742],"geometry":{"type":"Polygon","coordinates":[[[611683.8709323637,6699643.036550591],[611704.5376454804,6699661.251635083],[611696.9980418124,6699669.963535241],[611710.9932733371,6699687.275149875],[611718.2820477254,6699696.292524356],[611725.5179042945,6699705.244163545],[611737.0895301612,6699719.557490975],[611744.4139062124,6699727.707958221],[611753.0132933095,6699737.278829588],[611746.6434827634,6699744.494567127],[611761.6326536385,6699763.565800545],[611750.8680095647,6699765.564425742],[611738.5298602175,6699750.510525113],[611731.3871627286,6699741.794689933],[611715.1080324169,6699721.932347947],[611707.1088480302,6699712.172741795],[611698.9540980026,6699702.225549976],[611682.2760905775,6699682.119824997],[611671.1002479575,6699672.271833538],[611660.8446583124,6699663.23315045],[611649.5165647769,6699653.250532685],[611656.4792636649,6699645.260324188],[611656.7394808759,6699643.649831724],[611642.4344743799,6699631.148117802],[611632.929357654,6699622.841951925],[611623.5829687603,6699614.671998387],[611608.8708649924,6699601.814497347],[611592.6999477602,6699587.681333713],[611618.2784695523,6699586.189263131],[611630.7957456969,6699597.059413248],[611641.7243471517,6699606.552967291],[611669.0884364274,6699630.317273541],[611683.8709323637,6699643.036550591]]]},"properties":{"AKRKadastraleGemeenteCodeCode":"1085","AKRKadastraleGemeenteCodeWaarde":"TGR00","beginGeldigheid":"2006-06-13T08:26:37Z","identificatieLokaalID":"45240053370000","identificatieNamespace":"NL.IMKAD.KadastraalObject","kadastraleGemeenteCode":"976","kadastraleGemeenteWaarde":"Tongelre","kadastraleGrootteWaarde":"1912","perceelnummer":"533","perceelnummerPlaatscoordinaatX":"162479.326","perceelnummerPlaatscoordinaatY":"383545.057","perceelnummerRotatie":"0","perceelnummerVerschuivingDeltaX":"0","perceelnummerVerschuivingDeltaY":"0","sectie":"F","soortGrootteCode":"1","soortGrootteWaarde":"Vastgesteld","statusHistorieCode":"G","statusHistorieWaarde":"Geldig","tijdstipRegistratie":"2006-06-13T08:26:37Z","volgnummer":"0"}}],"crs":{"properties":{"name":"urn:ogc:def:crs:EPSG::3857"},"type":"name"}}	\N
01900739-b9a1-7b9d-bcb5-542003c18ae1	01900739-b9a0-783b-8396-de74a774dc5b	976	F	533	{"type":"FeatureCollection","features":[{"id":"perceel.122d648d-d222-4a73-9dab-fad0350dc3a3","type":"Feature","bbox":[611592.6999477602,6699586.189263131,611761.6326536385,6699765.564425742],"geometry":{"type":"Polygon","coordinates":[[[611683.8709323637,6699643.036550591],[611704.5376454804,6699661.251635083],[611696.9980418124,6699669.963535241],[611710.9932733371,6699687.275149875],[611718.2820477254,6699696.292524356],[611725.5179042945,6699705.244163545],[611737.0895301612,6699719.557490975],[611744.4139062124,6699727.707958221],[611753.0132933095,6699737.278829588],[611746.6434827634,6699744.494567127],[611761.6326536385,6699763.565800545],[611750.8680095647,6699765.564425742],[611738.5298602175,6699750.510525113],[611731.3871627286,6699741.794689933],[611715.1080324169,6699721.932347947],[611707.1088480302,6699712.172741795],[611698.9540980026,6699702.225549976],[611682.2760905775,6699682.119824997],[611671.1002479575,6699672.271833538],[611660.8446583124,6699663.23315045],[611649.5165647769,6699653.250532685],[611656.4792636649,6699645.260324188],[611656.7394808759,6699643.649831724],[611642.4344743799,6699631.148117802],[611632.929357654,6699622.841951925],[611623.5829687603,6699614.671998387],[611608.8708649924,6699601.814497347],[611592.6999477602,6699587.681333713],[611618.2784695523,6699586.189263131],[611630.7957456969,6699597.059413248],[611641.7243471517,6699606.552967291],[611669.0884364274,6699630.317273541],[611683.8709323637,6699643.036550591]]]},"properties":{"AKRKadastraleGemeenteCodeCode":"1085","AKRKadastraleGemeenteCodeWaarde":"TGR00","beginGeldigheid":"2006-06-13T08:26:37Z","identificatieLokaalID":"45240053370000","identificatieNamespace":"NL.IMKAD.KadastraalObject","kadastraleGemeenteCode":"976","kadastraleGemeenteWaarde":"Tongelre","kadastraleGrootteWaarde":"1912","perceelnummer":"533","perceelnummerPlaatscoordinaatX":"162479.326","perceelnummerPlaatscoordinaatY":"383545.057","perceelnummerRotatie":"0","perceelnummerVerschuivingDeltaX":"0","perceelnummerVerschuivingDeltaY":"0","sectie":"F","soortGrootteCode":"1","soortGrootteWaarde":"Vastgesteld","statusHistorieCode":"G","statusHistorieWaarde":"Geldig","tijdstipRegistratie":"2006-06-13T08:26:37Z","volgnummer":"0"}}],"crs":{"properties":{"name":"urn:ogc:def:crs:EPSG::3857"},"type":"name"}}	\N
0190074c-05fa-7228-b04c-36532c7a8a62	0190074c-05fa-7b85-a152-b58aa19aac66	976	F	533	{"type":"FeatureCollection","features":[{"id":"perceel.122d648d-d222-4a73-9dab-fad0350dc3a3","type":"Feature","bbox":[611592.6999477602,6699586.189263131,611761.6326536385,6699765.564425742],"geometry":{"type":"Polygon","coordinates":[[[611683.8709323637,6699643.036550591],[611704.5376454804,6699661.251635083],[611696.9980418124,6699669.963535241],[611710.9932733371,6699687.275149875],[611718.2820477254,6699696.292524356],[611725.5179042945,6699705.244163545],[611737.0895301612,6699719.557490975],[611744.4139062124,6699727.707958221],[611753.0132933095,6699737.278829588],[611746.6434827634,6699744.494567127],[611761.6326536385,6699763.565800545],[611750.8680095647,6699765.564425742],[611738.5298602175,6699750.510525113],[611731.3871627286,6699741.794689933],[611715.1080324169,6699721.932347947],[611707.1088480302,6699712.172741795],[611698.9540980026,6699702.225549976],[611682.2760905775,6699682.119824997],[611671.1002479575,6699672.271833538],[611660.8446583124,6699663.23315045],[611649.5165647769,6699653.250532685],[611656.4792636649,6699645.260324188],[611656.7394808759,6699643.649831724],[611642.4344743799,6699631.148117802],[611632.929357654,6699622.841951925],[611623.5829687603,6699614.671998387],[611608.8708649924,6699601.814497347],[611592.6999477602,6699587.681333713],[611618.2784695523,6699586.189263131],[611630.7957456969,6699597.059413248],[611641.7243471517,6699606.552967291],[611669.0884364274,6699630.317273541],[611683.8709323637,6699643.036550591]]]},"properties":{"AKRKadastraleGemeenteCodeCode":"1085","AKRKadastraleGemeenteCodeWaarde":"TGR00","beginGeldigheid":"2006-06-13T08:26:37Z","identificatieLokaalID":"45240053370000","identificatieNamespace":"NL.IMKAD.KadastraalObject","kadastraleGemeenteCode":"976","kadastraleGemeenteWaarde":"Tongelre","kadastraleGrootteWaarde":"1912","perceelnummer":"533","perceelnummerPlaatscoordinaatX":"162479.326","perceelnummerPlaatscoordinaatY":"383545.057","perceelnummerRotatie":"0","perceelnummerVerschuivingDeltaX":"0","perceelnummerVerschuivingDeltaY":"0","sectie":"F","soortGrootteCode":"1","soortGrootteWaarde":"Vastgesteld","statusHistorieCode":"G","statusHistorieWaarde":"Geldig","tijdstipRegistratie":"2006-06-13T08:26:37Z","volgnummer":"0"}}],"crs":{"properties":{"name":"urn:ogc:def:crs:EPSG::3857"},"type":"name"}}	\N
01900770-e250-7384-b6d5-e7234fb7617f	01900770-e250-75a7-ba54-40ab30de42b4	976	F	533	{"type":"FeatureCollection","features":[{"id":"perceel.122d648d-d222-4a73-9dab-fad0350dc3a3","type":"Feature","bbox":[611592.6999477602,6699586.189263131,611761.6326536385,6699765.564425742],"geometry":{"type":"Polygon","coordinates":[[[611683.8709323637,6699643.036550591],[611704.5376454804,6699661.251635083],[611696.9980418124,6699669.963535241],[611710.9932733371,6699687.275149875],[611718.2820477254,6699696.292524356],[611725.5179042945,6699705.244163545],[611737.0895301612,6699719.557490975],[611744.4139062124,6699727.707958221],[611753.0132933095,6699737.278829588],[611746.6434827634,6699744.494567127],[611761.6326536385,6699763.565800545],[611750.8680095647,6699765.564425742],[611738.5298602175,6699750.510525113],[611731.3871627286,6699741.794689933],[611715.1080324169,6699721.932347947],[611707.1088480302,6699712.172741795],[611698.9540980026,6699702.225549976],[611682.2760905775,6699682.119824997],[611671.1002479575,6699672.271833538],[611660.8446583124,6699663.23315045],[611649.5165647769,6699653.250532685],[611656.4792636649,6699645.260324188],[611656.7394808759,6699643.649831724],[611642.4344743799,6699631.148117802],[611632.929357654,6699622.841951925],[611623.5829687603,6699614.671998387],[611608.8708649924,6699601.814497347],[611592.6999477602,6699587.681333713],[611618.2784695523,6699586.189263131],[611630.7957456969,6699597.059413248],[611641.7243471517,6699606.552967291],[611669.0884364274,6699630.317273541],[611683.8709323637,6699643.036550591]]]},"properties":{"AKRKadastraleGemeenteCodeCode":"1085","AKRKadastraleGemeenteCodeWaarde":"TGR00","beginGeldigheid":"2006-06-13T08:26:37Z","identificatieLokaalID":"45240053370000","identificatieNamespace":"NL.IMKAD.KadastraalObject","kadastraleGemeenteCode":"976","kadastraleGemeenteWaarde":"Tongelre","kadastraleGrootteWaarde":"1912","perceelnummer":"533","perceelnummerPlaatscoordinaatX":"162479.326","perceelnummerPlaatscoordinaatY":"383545.057","perceelnummerRotatie":"0","perceelnummerVerschuivingDeltaX":"0","perceelnummerVerschuivingDeltaY":"0","sectie":"F","soortGrootteCode":"1","soortGrootteWaarde":"Vastgesteld","statusHistorieCode":"G","statusHistorieWaarde":"Geldig","tijdstipRegistratie":"2006-06-13T08:26:37Z","volgnummer":"0"}}],"crs":{"properties":{"name":"urn:ogc:def:crs:EPSG::3857"},"type":"name"}}	\N
\.


--
-- Data for Name: project_state; Type: TABLE DATA; Schema: diwi_testset; Owner: ali
--

COPY diwi_testset.project_state (id, project_id, create_user_id, change_start_date, change_end_date, confidentiality_level, project_colour, change_user_id, latitude, longitude) FROM stdin;
e8a7bf18-3bf0-4917-afe2-49523f262cf5	466da5e2-c96f-4856-aa17-6b37a1c21edc	2122426c-6e70-419c-a054-f51dd24d798b	2024-01-05 19:06:32+01	2024-01-07 19:06:32.023052+01	EXTERNAL_REGIONAL	#334455	\N	\N	\N
d91019f7-f859-4469-b0be-f2515dbee563	466da5e2-c96f-4856-aa17-6b37a1c21edc	2122426c-6e70-419c-a054-f51dd24d798b	2024-01-07 19:06:32.023052+01	\N	PUBLIC	#334455	\N	\N	\N
c62e372c-e563-4a72-8f03-1132082577b9	54a0c192-3454-4f7a-becd-96d214461987	2122426c-6e70-419c-a054-f51dd24d798b	2024-01-05 19:06:32+01	\N	EXTERNAL_REGIONAL	#123123	\N	\N	\N
018e654d-68e2-740f-960c-9353060cec4e	018e654d-68e0-70c1-8ca1-acad5da87227	018e61da-976d-7fca-9165-3e872014d47f	2024-03-22 09:35:55.743291+01	\N	INTERNAL_MANAGEMENT	#FF5733	\N	\N	\N
018e6566-7c87-7a69-8a60-9119323095be	018e6566-7c86-7689-a4cf-58f57a073d2a	018e61da-976d-7fca-9165-3e872014d47f	2024-03-22 10:03:19.154631+01	2024-03-22 10:10:48.948815+01	INTERNAL_MANAGEMENT	#FF5733	018e61da-976d-7fca-9165-3e872014d47f	\N	\N
018e656d-d98a-7c4b-8de6-61f792bcb7b6	018e6566-7c86-7689-a4cf-58f57a073d2a	018e61da-976d-7fca-9165-3e872014d47f	2024-03-22 10:11:21.728106+01	\N	INTERNAL_MANAGEMENT	#FF5733	\N	\N	\N
018e656d-5993-7843-a9e1-3c307447f01b	018e6566-7c86-7689-a4cf-58f57a073d2a	018e61da-976d-7fca-9165-3e872014d47f	2024-03-22 10:10:48.948815+01	2024-03-22 10:11:21.728106+01	INTERNAL_MANAGEMENT	#FF5733	018e61da-976d-7fca-9165-3e872014d47f	519822.93127764016	6824965.385679592
018e61e1-d226-7ffb-9bf2-ff795fcafcba	018e61e1-d224-76dd-95aa-4fa7dfe22816	018e61da-976d-7fca-9165-3e872014d47f	2024-03-21 17:39:33.149642+01	2024-03-22 10:53:31.301391+01	EXTERNAL_REGIONAL	#f18f01	018e61da-976d-7fca-9165-3e872014d47f	\N	\N
e74d8d9b-bff6-4008-83ef-8b95e822bf83	5c9fbb50-d8fd-480d-9e38-7f3b391d3110	2122426c-6e70-419c-a054-f51dd24d798b	2024-01-05 19:06:32+01	2024-03-22 11:23:53.86086+01	EXTERNAL_REGIONAL	#456456	018e61da-976d-7fca-9165-3e872014d47f	\N	\N
018e6594-72b4-78fa-b62b-3951452217dc	018e61e1-d224-76dd-95aa-4fa7dfe22816	018e61da-976d-7fca-9165-3e872014d47f	2024-03-22 10:53:31.301391+01	2024-03-22 16:34:23.119803+01	EXTERNAL_REGIONAL	#f18f01	018e61da-976d-7fca-9165-3e872014d47f	518818.69546012755	6824931.593078981
018e66cc-84a7-7d8a-bd7d-cb71991c21d9	018e61e1-d224-76dd-95aa-4fa7dfe22816	018e61da-976d-7fca-9165-3e872014d47f	2024-03-22 16:34:23.119803+01	2024-03-22 16:35:17.050299+01	EXTERNAL_REGIONAL	#f18f01	018e61da-976d-7fca-9165-3e872014d47f	518800.5719431526	6825011.48516397
018e66cd-d75e-770f-af31-86ceb0460a3f	018e621b-4ea8-7801-b880-4e960e416feb	018e61da-976d-7fca-9165-3e872014d47f	2024-03-22 16:35:49.839936+01	\N	INTERNAL_CIVIL	#768948	\N	607006.9857083634	6698729.97602085
018e621b-4ea9-75e4-9e7e-1fc24b9bb3e7	018e621b-4ea8-7801-b880-4e960e416feb	018e61da-976d-7fca-9165-3e872014d47f	2024-03-21 18:42:20.551487+01	2024-03-22 16:35:49.839936+01	INTERNAL_CIVIL	#768948	018e61da-976d-7fca-9165-3e872014d47f	\N	\N
018e66cd-5754-7d3c-ba79-d6d88d1b2d4a	018e61e1-d224-76dd-95aa-4fa7dfe22816	018e61da-976d-7fca-9165-3e872014d47f	2024-03-22 16:35:17.050299+01	2024-03-22 23:49:12.083022+01	EXTERNAL_REGIONAL	#f18f01	018e61da-976d-7fca-9165-3e872014d47f	609740.9636012986	6699240.785729878
018e6a89-6598-7b77-b607-39e09f7629ed	018e6a86-fc0d-724c-9605-a7cc30c312b8	018e61da-976d-7fca-9165-3e872014d47f	2024-03-23 09:59:33.132729+01	\N	INTERNAL_MANAGEMENT	#94d1be	\N	609725.7032283323	6699127.501674743
018e6a86-fc1d-7f96-b4cc-70cfe01e2f7e	018e6a86-fc0d-724c-9605-a7cc30c312b8	018e61da-976d-7fca-9165-3e872014d47f	2024-03-23 09:56:55.03476+01	2024-03-23 09:59:33.132729+01	INTERNAL_MANAGEMENT	#94d1be	018e61da-976d-7fca-9165-3e872014d47f	\N	\N
018e6a8c-a600-70ad-adfa-6ab4dbe8e069	018e6a8c-a5ff-73a0-b006-06b92d421629	018e61da-976d-7fca-9165-3e872014d47f	2024-03-23 10:03:06.238946+01	\N	INTERNAL_MANAGEMENT	#FF5733	\N	\N	\N
018e6ab2-c975-7a06-af09-93fe3ac9fb9c	5c9fbb50-d8fd-480d-9e38-7f3b391d3110	018e61da-976d-7fca-9165-3e872014d47f	2024-03-23 10:44:45.665535+01	\N	EXTERNAL_REGIONAL	#456456	\N	\N	\N
018e65b0-420c-7f90-b5b5-73f881a86b20	5c9fbb50-d8fd-480d-9e38-7f3b391d3110	018e61da-976d-7fca-9165-3e872014d47f	2024-03-22 11:23:53.86086+01	2024-03-23 10:44:45.665535+01	EXTERNAL_REGIONAL	#456456	018e61da-976d-7fca-9165-3e872014d47f	520143.5316241501	6824858.34787407
018e6ab5-fa49-763d-b23a-63f388365ccf	018e6ab5-fa48-708a-8ead-5d42386fa500	018e61da-976d-7fca-9165-3e872014d47f	2024-03-23 10:48:14.792726+01	\N	INTERNAL_CIVIL	#FF5733	\N	\N	\N
018e6aba-aead-749e-a985-e57a5a5597f3	018e6aba-aead-73e9-9253-373e654a2feb	018e61da-976d-7fca-9165-3e872014d47f	2024-03-23 10:53:23.11726+01	\N	INTERNAL_MANAGEMENT	#FF5733	\N	\N	\N
018e6abc-e4bd-7600-9454-fa2a99d0c22b	018e6abc-e4b9-724b-a8b9-9301bdc8e3da	018e61da-976d-7fca-9165-3e872014d47f	2024-03-23 10:55:48.025235+01	\N	INTERNAL_MANAGEMENT	#FF5733	\N	\N	\N
018e6ac4-0853-7ddd-8fec-545bd88a2054	018e6ac4-0850-7577-a856-b1409c0c6330	018e61da-976d-7fca-9165-3e872014d47f	2024-03-23 11:03:35.88679+01	\N	INTERNAL_CIVIL	#FF5733	\N	\N	\N
018e6ac4-673a-7a50-b4a6-75bf9febb6c6	018e6ac4-6738-71a1-95b1-3c8625782165	018e61da-976d-7fca-9165-3e872014d47f	2024-03-23 11:04:00.183398+01	\N	INTERNAL_CIVIL	#FF5733	\N	\N	\N
018e6ac6-0238-70c6-bf57-d1d4f5bc41d0	018e6ac6-0237-7d90-9dc1-c3aa6f3a8ddf	018e61da-976d-7fca-9165-3e872014d47f	2024-03-23 11:05:45.398305+01	\N	INTERNAL_CIVIL	#FF5733	\N	\N	\N
018e6ac9-8d17-7ca0-b3b1-125f0d274cf4	018e6ac9-8d17-7b67-a4af-37004a445073	018e61da-976d-7fca-9165-3e872014d47f	2024-03-23 11:09:37.559117+01	\N	INTERNAL_MANAGEMENT	#FF5733	\N	\N	\N
018e7ac1-91d9-7b90-8e49-ef779e7abf85	018e61e1-d224-76dd-95aa-4fa7dfe22816	018e61da-976d-7fca-9165-3e872014d47f	2024-03-26 13:34:49.919208+01	\N	EXTERNAL_REGIONAL	#f18f01	\N	\N	\N
018e685a-9aa5-7692-9c71-15754b0c2cf6	018e61e1-d224-76dd-95aa-4fa7dfe22816	018e61da-976d-7fca-9165-3e872014d47f	2024-03-22 23:49:12.083022+01	2024-03-26 13:34:49.919208+01	EXTERNAL_REGIONAL	#f18f01	018e61da-976d-7fca-9165-3e872014d47f	609713.7149985994	6699271.22276903
018e7b02-3610-7245-ba18-344c31da7b2f	018e6548-0294-73e6-8535-38500033f66a	018e61da-976d-7fca-9165-3e872014d47f	2024-03-26 14:45:26.264811+01	\N	INTERNAL_CIVIL	#FF5733	\N	620264.7186082548	6669694.138769367
018e6548-029e-7b41-9f6d-1adaca26b5cb	018e6548-0294-73e6-8535-38500033f66a	018e61da-976d-7fca-9165-3e872014d47f	2024-03-22 09:30:01.864297+01	2024-03-26 14:45:26.264811+01	INTERNAL_CIVIL	#FF5733	018e61da-976d-7fca-9165-3e872014d47f	\N	\N
018e7b12-f573-79fa-9875-ca68f39aa32d	018e7b10-5624-78a3-89c7-36e649258a50	018e61da-976d-7fca-9165-3e872014d47f	2024-03-26 15:03:43.854749+01	\N	PRIVATE	#aebd93	\N	608740.8960681193	6708014.084306521
018e7b10-5625-7620-bda2-c59069e71c2d	018e7b10-5624-78a3-89c7-36e649258a50	018e61da-976d-7fca-9165-3e872014d47f	2024-03-26 15:00:52.00391+01	2024-03-26 15:03:43.854749+01	PRIVATE	#aebd93	018e61da-976d-7fca-9165-3e872014d47f	\N	\N
018e7f1e-b0ea-77ff-99ce-74628e31ae07	018e7f1e-b0de-79ff-9acd-9f0f5663bfc2	018e61da-976d-7fca-9165-3e872014d47f	2024-03-27 09:55:01.577761+01	2024-03-27 10:23:15.008785+01	INTERNAL_MANAGEMENT	#FF5733	018e61da-976d-7fca-9165-3e872014d47f	\N	\N
018e7f8d-ab6b-771b-ac36-80aef51010e3	018e7f8c-a20f-7ff5-909d-a97a037fe67a	018e61da-976d-7fca-9165-3e872014d47f	2024-03-27 11:56:14.692648+01	\N	INTERNAL_CIVIL	#aebd93	\N	611230.7073426123	6696510.608865521
018e7f8c-a210-76ce-a7c4-fbe71d6da3ef	018e7f8c-a20f-7ff5-909d-a97a037fe67a	018e61da-976d-7fca-9165-3e872014d47f	2024-03-27 11:55:06.767536+01	2024-03-27 11:56:14.692648+01	INTERNAL_CIVIL	#aebd93	018e61da-976d-7fca-9165-3e872014d47f	\N	\N
018e7f90-0901-7615-bf93-628b657a5131	018e7f90-0900-772c-be4f-0f2b92770859	018e61da-976d-7fca-9165-3e872014d47f	2024-03-27 11:58:49.728405+01	\N	INTERNAL_CIVIL	#FF5733	\N	\N	\N
018e7f99-d8f2-7298-8aa7-d6b3d098adb4	018e7f1e-b0de-79ff-9acd-9f0f5663bfc2	018e61da-976d-7fca-9165-3e872014d47f	2024-03-27 12:09:32.777575+01	\N	INTERNAL_MANAGEMENT	#FF5733	\N	\N	\N
018e7f38-87d7-7ecf-a49f-5473dd6ab9ec	018e7f1e-b0de-79ff-9acd-9f0f5663bfc2	018e61da-976d-7fca-9165-3e872014d47f	2024-03-27 10:23:15.008785+01	2024-03-27 12:09:32.777575+01	INTERNAL_MANAGEMENT	#FF5733	018e61da-976d-7fca-9165-3e872014d47f	613805.7200169928	6698748.523406342
018e8404-6ba0-71d1-8277-74b33295048d	018e8404-6b8a-7699-9847-6100d2e5b9e0	018e61da-976d-7fca-9165-3e872014d47f	2024-03-28 08:44:25.980809+01	\N	INTERNAL_MANAGEMENT	#FF5733	\N	\N	\N
018e855f-f199-722d-b1ca-162e73cc11e0	018e855f-f18e-70b5-a728-d1622df9ed8e	018e61da-976d-7fca-9165-3e872014d47f	2024-03-28 15:04:01.280282+01	\N	INTERNAL_CIVIL	#FF5733	\N	\N	\N
018e8561-f1bf-7a87-96da-3688cac74fa4	018e8561-f1b3-76c9-bdea-acc905e43adf	018e61da-976d-7fca-9165-3e872014d47f	2024-03-28 15:06:12.387776+01	\N	INTERNAL_CIVIL	#FF5733	\N	\N	\N
018e856b-2b05-79e9-9aa8-d236484011dc	018e856b-2afa-729b-82e5-51cf2557e641	018e61da-976d-7fca-9165-3e872014d47f	2024-03-28 15:16:16.879765+01	\N	INTERNAL_CIVIL	#FF5733	\N	\N	\N
018e8581-fa9b-7797-a20e-1ea626f9af1a	018e857b-bacc-7ec1-a1d0-9aadc458f24f	018e61da-976d-7fca-9165-3e872014d47f	2024-03-28 15:41:11.806257+01	\N	PRIVATE	#FF5733	\N	608445.4963736304	6702499.1286806
018e857b-bad9-704e-b05a-e40642a6aa50	018e857b-bacc-7ec1-a1d0-9aadc458f24f	018e61da-976d-7fca-9165-3e872014d47f	2024-03-28 15:34:22.27506+01	2024-03-28 15:41:11.806257+01	PRIVATE	#FF5733	018e61da-976d-7fca-9165-3e872014d47f	\N	\N
018e8582-c989-77ea-a236-799486f15d34	018e8582-c988-7609-b68d-8c2956410c2f	018e61da-976d-7fca-9165-3e872014d47f	2024-03-28 15:42:04.808463+01	2024-03-28 15:43:31.259622+01	INTERNAL_MANAGEMENT	#FF5733	018e61da-976d-7fca-9165-3e872014d47f	\N	\N
018e8584-1b50-76c5-a1a8-0d7d6c005847	018e8582-c988-7609-b68d-8c2956410c2f	018e61da-976d-7fca-9165-3e872014d47f	2024-03-28 15:43:31.259622+01	2024-03-28 15:44:25.377684+01	INTERNAL_MANAGEMENT	#FF5733	018e61da-976d-7fca-9165-3e872014d47f	607314.3048037969	6700912.019173025
018e8584-eeaf-7d82-bbff-bb38536cae28	018e8582-c988-7609-b68d-8c2956410c2f	018e61da-976d-7fca-9165-3e872014d47f	2024-03-28 15:44:25.377684+01	\N	PRIVATE	#FF5733	\N	\N	\N
018e8590-b78b-7dfd-9b28-877b6497e901	018e8590-b77f-78a9-b18b-963473d8d21d	018e61da-976d-7fca-9165-3e872014d47f	2024-03-28 15:57:17.68632+01	\N	INTERNAL_CIVIL	#FF5733	\N	\N	\N
018e85bc-ea92-71ac-ac4a-439d0167e8a7	018e85bc-ea85-7407-8282-fb09f8d6b400	018e61da-976d-7fca-9165-3e872014d47f	2024-03-28 16:45:34.330976+01	\N	INTERNAL_CIVIL	#FF5733	\N	\N	\N
018e8a26-d33f-7dc4-80cf-eb7e548c1aae	018e8a26-d33a-748c-9784-0980ddf014d9	018e61da-976d-7fca-9165-3e872014d47f	2024-03-29 13:19:44.057113+01	\N	INTERNAL_CIVIL	#f18f01	\N	\N	\N
018e8aa0-8107-7428-9b73-53227595f9b3	018e8aa0-8105-77b0-a5c2-6a8cfc18513b	018e61da-976d-7fca-9165-3e872014d47f	2024-03-29 15:32:38.404138+01	\N	INTERNAL_MANAGEMENT	#f18f01	\N	\N	\N
018e8aaf-b145-7754-a80c-30bbd785802f	018e8aaf-b144-7d38-b26d-b8793de8785b	018e61da-976d-7fca-9165-3e872014d47f	2024-03-29 15:49:13.796342+01	\N	INTERNAL_MANAGEMENT	#768948	\N	\N	\N
018e8abf-3937-711c-8648-1e18d8672199	018e8abf-3935-7586-b28a-73cc454d16f6	018e61da-976d-7fca-9165-3e872014d47f	2024-03-29 16:06:11.637667+01	\N	INTERNAL_MANAGEMENT	#49dcb1	\N	\N	\N
018e8ac2-0bc8-78ad-b796-6c6c0665dbe4	018e8ac2-0b95-71a2-8e4d-05f32b96917e	018e61da-976d-7fca-9165-3e872014d47f	2024-03-29 16:09:16.519405+01	\N	INTERNAL_CIVIL	#94d1be	\N	\N	\N
018e8ac3-cd89-708e-9b50-b414d53eb40a	018e8ac3-cd72-79a8-8dc6-e321e16b96d4	018e61da-976d-7fca-9165-3e872014d47f	2024-03-29 16:11:11.680155+01	\N	EXTERNAL_REGIONAL	#768948	\N	\N	\N
018e8afd-8bd8-7d5a-9395-b2c234ea223d	018e8afd-8bd7-71e0-acdf-2aa8c6636361	018e61da-976d-7fca-9165-3e872014d47f	2024-03-29 17:14:16.023265+01	\N	INTERNAL_CIVIL	#768948	\N	\N	\N
018e7f9d-bdfd-73b9-ad91-7be5d81ea26b	018e7f9d-bdfc-7b7d-894b-80ca5a41bb74	018e61da-976d-7fca-9165-3e872014d47f	2024-03-27 12:13:48.028378+01	2024-05-06 14:33:24.220629+02	INTERNAL_CIVIL	#FF5733	018e61da-976d-7fca-9165-3e872014d47f	\N	\N
018f57b1-778f-7536-b1c1-31bb61231c4c	018f57b1-773f-7d5d-a276-13fca386d89e	018e61da-976d-7fca-9165-3e872014d47f	2024-05-08 12:13:19.250779+02	\N	PRIVATE	#000000	\N	\N	\N
018fdd0c-25a2-7592-a931-3edac19df630	018e7f9d-bdfc-7b7d-894b-80ca5a41bb74	018e61da-976d-7fca-9165-3e872014d47f	2024-06-03 09:41:51.876435+02	\N	INTERNAL_CIVIL	#FF5733	\N	608687.0174141428	6707167.582662938
018f4de4-ff19-70fd-9522-7065e203122e	018e7f9d-bdfc-7b7d-894b-80ca5a41bb74	018e61da-976d-7fca-9165-3e872014d47f	2024-05-06 14:33:24.220629+02	2024-06-03 09:41:51.876435+02	INTERNAL_CIVIL	#FF5733	018e61da-976d-7fca-9165-3e872014d47f	608691.9256573521	6707167.582662938
018ff2fa-5edd-7f73-99a0-7df5d44b1567	018ff2fa-5ecb-75d6-9efd-f5a32254ddb4	018e61da-976d-7fca-9165-3e872014d47f	2024-06-07 15:54:05.625519+02	\N	PRIVATE	#FF5733	\N	\N	\N
018ff304-7d22-7162-a9cd-595b947cfde1	018ff304-7d21-7752-a794-30ab79bfa7d6	018e61da-976d-7fca-9165-3e872014d47f	2024-06-07 16:05:08.769081+02	\N	INTERNAL_COUNCIL	#FF5733	\N	\N	\N
018ff305-952d-76ca-9901-36208434584f	018ff305-952c-70bc-966a-3b8b418f0975	018e61da-976d-7fca-9165-3e872014d47f	2024-06-07 16:06:20.460175+02	\N	INTERNAL_COUNCIL	#FF5733	\N	\N	\N
018ff307-5a8a-70b5-bb91-5a58261ece7f	018ff307-5a88-7743-9b71-f327c122200d	018e61da-976d-7fca-9165-3e872014d47f	2024-06-07 16:08:16.519912+02	\N	INTERNAL_COUNCIL	#FF5733	\N	\N	\N
01900157-ca26-797f-9b59-fa962422d805	01900157-ca1a-7d0c-9ef0-376765909310	018e61da-976d-7fca-9165-3e872014d47f	2024-06-10 10:50:48.978656+02	\N	INTERNAL_COUNCIL	#ffe3dc	\N	\N	\N
01900165-e3fe-7486-a482-ad87e34305bc	01900165-e3fd-7c77-ac6c-c407670e7452	018e61da-976d-7fca-9165-3e872014d47f	2024-06-10 11:06:13.1177+02	\N	INTERNAL_COUNCIL	#ffe3dc	\N	\N	\N
0190016a-02ae-7d1d-ae0d-438a234d265e	0190016a-02ae-737d-a612-d920568bca3b	018e61da-976d-7fca-9165-3e872014d47f	2024-06-10 11:10:43.118006+02	\N	INTERNAL_COUNCIL	#ffe3dc	\N	\N	\N
01900171-5864-7c98-9364-a2ed2ad4582f	01900171-5864-7a14-824f-be47f3665a75	018e61da-976d-7fca-9165-3e872014d47f	2024-06-10 11:18:43.812089+02	\N	INTERNAL_COUNCIL	#ffe3dc	\N	\N	\N
01900176-e5be-7aa2-8ad5-5c4eb8a79986	01900176-e5bd-7400-ae7c-4d930bf27269	018e61da-976d-7fca-9165-3e872014d47f	2024-06-10 11:24:47.677201+02	\N	INTERNAL_COUNCIL	#ffe3dc	\N	\N	\N
01900177-7db9-7512-877b-f3560c37413f	01900177-7db9-740f-a139-ed6a0806272a	018e61da-976d-7fca-9165-3e872014d47f	2024-06-10 11:25:26.584313+02	\N	INTERNAL_COUNCIL	#ffe3dc	\N	\N	\N
01900178-a339-71bb-9be8-30540e43ee87	01900178-a338-70b9-9b0a-81e8a41253ec	018e61da-976d-7fca-9165-3e872014d47f	2024-06-10 11:26:41.720294+02	\N	INTERNAL_COUNCIL	#ffe3dc	\N	\N	\N
019001ea-72f6-70a2-8ba2-08af339c0ffd	019001ea-72f5-7b13-b0d5-8e20a4977a6d	018e61da-976d-7fca-9165-3e872014d47f	2024-06-10 13:31:00.469674+02	\N	INTERNAL_COUNCIL	#ffe3dc	\N	\N	\N
0190020d-c8ce-73f6-b0de-21c86950f5d1	0190020d-c8ce-70ed-88a5-9ae4f3c087ce	018e61da-976d-7fca-9165-3e872014d47f	2024-06-10 14:09:36.205855+02	\N	INTERNAL_COUNCIL	#ffe3dc	\N	\N	\N
0190020f-6d3c-7543-a588-106ff731ed23	0190020f-6d3c-752e-b3b7-0f83b9e60a24	018e61da-976d-7fca-9165-3e872014d47f	2024-06-10 14:11:23.835495+02	\N	INTERNAL_COUNCIL	#ffe3dc	\N	\N	\N
01900214-f7a6-7483-8b20-b86c1b8aa979	01900214-f7a6-7010-8f57-f9814011b9f1	018e61da-976d-7fca-9165-3e872014d47f	2024-06-10 14:17:26.950086+02	\N	INTERNAL_COUNCIL	#ffe3dc	\N	\N	\N
0190021b-01bb-7518-a74e-a9f08abe96cc	0190021b-01bb-7c50-9e55-497351217413	018e61da-976d-7fca-9165-3e872014d47f	2024-06-10 14:24:02.747483+02	\N	INTERNAL_COUNCIL	#ffe3dc	\N	\N	\N
0190022e-efde-7289-b267-653ad867b34e	0190022e-efdd-7be0-9c18-ec420b3a5e99	018e61da-976d-7fca-9165-3e872014d47f	2024-06-10 14:45:48.893267+02	\N	INTERNAL_COUNCIL	#ffe3dc	\N	\N	\N
0190022f-f5d8-71bb-a772-39eec9b595e5	0190022f-f5d8-7594-864a-7cb144468b2a	018e61da-976d-7fca-9165-3e872014d47f	2024-06-10 14:46:55.959927+02	\N	INTERNAL_COUNCIL	#ffe3dc	\N	\N	\N
01900232-5bf2-7072-b3ed-10c300d727f1	01900232-5bf1-7892-83ea-6d02c5dddca1	018e61da-976d-7fca-9165-3e872014d47f	2024-06-10 14:49:33.169633+02	\N	INTERNAL_COUNCIL	#ffe3dc	\N	\N	\N
01900211-de2f-7eec-9b05-9d5f9ed018f3	01900211-de2f-7205-bb11-a533725f0a76	018e61da-976d-7fca-9165-3e872014d47f	2024-06-10 14:14:03.822946+02	\N	INTERNAL_COUNCIL	#ffe3dc	\N	\N	\N
01900217-9e32-750c-9423-51997d1f820e	01900217-9e32-7c67-b81b-91397d61fc23	018e61da-976d-7fca-9165-3e872014d47f	2024-06-10 14:20:20.658289+02	\N	INTERNAL_COUNCIL	#ffe3dc	\N	\N	\N
0190021f-55fb-74cf-9eca-a57ef0a289cc	0190021f-55fa-7682-af92-3c52a4bb73ce	018e61da-976d-7fca-9165-3e872014d47f	2024-06-10 14:28:46.458469+02	\N	INTERNAL_COUNCIL	#ffe3dc	\N	\N	\N
01900231-0260-708c-8dcd-21e22da53122	01900231-0260-75a2-a203-0537371f6303	018e61da-976d-7fca-9165-3e872014d47f	2024-06-10 14:48:04.704554+02	\N	INTERNAL_COUNCIL	#ffe3dc	\N	\N	\N
01900231-c01d-7cf5-b3e9-4c6df211b11a	01900231-c01d-790d-a094-d8749aaf6ec2	018e61da-976d-7fca-9165-3e872014d47f	2024-06-10 14:48:53.277451+02	\N	INTERNAL_COUNCIL	#ffe3dc	\N	\N	\N
0190023a-e370-7735-97eb-e9ea74ed7956	0190023a-e36f-746b-b42b-11164ab3d23e	018e61da-976d-7fca-9165-3e872014d47f	2024-06-10 14:58:52.143335+02	\N	INTERNAL_COUNCIL	#ffe3dc	\N	\N	\N
0190023b-c131-72c3-838d-d0799e73cc70	0190023b-c131-7a12-85d6-4283e13040ae	018e61da-976d-7fca-9165-3e872014d47f	2024-06-10 14:59:48.913252+02	\N	INTERNAL_COUNCIL	#ffe3dc	\N	\N	\N
0190023c-a096-7571-8a72-6ea49c11efab	0190023c-a096-7bd7-8aed-5bc4bfbc0a33	018e61da-976d-7fca-9165-3e872014d47f	2024-06-10 15:00:46.102064+02	\N	INTERNAL_COUNCIL	#ffe3dc	\N	\N	\N
0190023e-8de3-77fe-a2f2-a9448a465b9d	0190023e-8de3-7c06-b9c3-db8ff8f2dbef	018e61da-976d-7fca-9165-3e872014d47f	2024-06-10 15:02:52.386667+02	\N	INTERNAL_COUNCIL	#ffe3dc	\N	\N	\N
01900243-87f4-79c1-8429-58502337a512	01900243-87f4-7128-be39-608e2ee91e40	018e61da-976d-7fca-9165-3e872014d47f	2024-06-10 15:08:18.547965+02	\N	INTERNAL_COUNCIL	#ffe3dc	\N	\N	\N
0190024e-0a76-710b-9d76-ce3a92486656	01900244-c2e1-7719-adbb-01ec2d2ca73b	018e61da-976d-7fca-9165-3e872014d47f	2024-06-10 15:19:47.309065+02	\N	INTERNAL_COUNCIL	#ffe3dc	\N	608734.314187452	6704942.413818136
01900244-c2e1-7cec-9299-162894cbf5e7	01900244-c2e1-7719-adbb-01ec2d2ca73b	018e61da-976d-7fca-9165-3e872014d47f	2024-06-10 15:09:39.169221+02	2024-06-10 15:19:47.309065+02	INTERNAL_COUNCIL	#ffe3dc	018e61da-976d-7fca-9165-3e872014d47f	\N	\N
019002d0-be68-7d17-8768-55389974c251	019002d0-5bf1-7807-8a77-528f6e58bc15	018e61da-976d-7fca-9165-3e872014d47f	2024-06-10 17:42:33.056996+02	\N	INTERNAL_COUNCIL	#ffe3dc	\N	611677.1663006993	6699675.876844436
019002d0-5bf1-7297-9b64-8a8f2fe909fd	019002d0-5bf1-7807-8a77-528f6e58bc15	018e61da-976d-7fca-9165-3e872014d47f	2024-06-10 17:42:07.857135+02	2024-06-10 17:42:33.056996+02	INTERNAL_COUNCIL	#ffe3dc	018e61da-976d-7fca-9165-3e872014d47f	\N	\N
019002d3-0ce8-72e1-911b-838097a7fd67	019002d3-0ce8-7d9c-bdd5-5213ff89182c	018e61da-976d-7fca-9165-3e872014d47f	2024-06-10 17:45:04.232428+02	\N	INTERNAL_COUNCIL	#ffe3dc	\N	\N	\N
019002d4-feea-7e53-a8f7-e41c06e7906d	019002d4-a001-747a-8c82-b37feb482e6c	018e61da-976d-7fca-9165-3e872014d47f	2024-06-10 17:47:11.711575+02	\N	INTERNAL_COUNCIL	#ffe3dc	\N	611677.1663006993	6699675.876844436
019002d4-a001-7d75-92a4-1990e11977b6	019002d4-a001-747a-8c82-b37feb482e6c	018e61da-976d-7fca-9165-3e872014d47f	2024-06-10 17:46:47.425059+02	2024-06-10 17:47:11.711575+02	INTERNAL_COUNCIL	#ffe3dc	018e61da-976d-7fca-9165-3e872014d47f	\N	\N
01900396-85e9-791f-a873-abecce5bacdb	01900396-85df-7af3-8ef0-5ba3eff61f8c	018e61da-976d-7fca-9165-3e872014d47f	2024-06-10 21:18:34.71172+02	\N	INTERNAL_COUNCIL	#ffe3dc	\N	\N	\N
01900398-1054-78d4-aec7-f72da2586e07	01900397-bbc5-7b9f-a282-6c9d3cf92918	018e61da-976d-7fca-9165-3e872014d47f	2024-06-10 21:20:15.67204+02	\N	INTERNAL_COUNCIL	#ffe3dc	\N	611677.1663006993	6699675.876844436
01900397-bbc6-71ba-8680-9deba889f175	01900397-bbc5-7b9f-a282-6c9d3cf92918	018e61da-976d-7fca-9165-3e872014d47f	2024-06-10 21:19:54.053326+02	2024-06-10 21:20:15.67204+02	INTERNAL_COUNCIL	#ffe3dc	018e61da-976d-7fca-9165-3e872014d47f	\N	\N
01900718-0390-7a0a-b279-e77c7c318a69	01900718-0385-720e-a32d-93fb5460794d	018e61da-976d-7fca-9165-3e872014d47f	2024-06-11 13:38:52.665041+02	\N	INTERNAL_COUNCIL	#ffe3dc	\N	\N	\N
0190071a-0a6d-7e30-92c7-02fdcd0a1426	0190071a-0a6c-7c5d-9b84-aa8d6ca15254	018e61da-976d-7fca-9165-3e872014d47f	2024-06-11 13:41:05.515675+02	\N	INTERNAL_COUNCIL	#ffe3dc	\N	\N	\N
0190071e-f432-75b4-bdbf-946e145ce424	0190071e-f431-7db5-8b40-05a407c843d7	018e61da-976d-7fca-9165-3e872014d47f	2024-06-11 13:46:27.505802+02	\N	INTERNAL_COUNCIL	#ffe3dc	\N	\N	\N
01900720-1c62-72f6-abab-4e27848abc65	01900720-1c61-7e71-9ba0-d6c778638787	018e61da-976d-7fca-9165-3e872014d47f	2024-06-11 13:47:43.329502+02	\N	INTERNAL_COUNCIL	#ffe3dc	\N	\N	\N
01900721-ea96-76d0-9056-00bb50e7ace4	01900721-ea95-7f44-a2c5-6ba1dc3fe7e2	018e61da-976d-7fca-9165-3e872014d47f	2024-06-11 13:49:41.65362+02	\N	INTERNAL_COUNCIL	#ffe3dc	\N	\N	\N
01900726-58cc-77ed-b131-7c59be3eadcb	01900726-58cb-74fd-94e9-053e33f756e3	018e61da-976d-7fca-9165-3e872014d47f	2024-06-11 13:54:32.011001+02	\N	INTERNAL_COUNCIL	#ffe3dc	\N	\N	\N
01900739-ba5a-7bdd-8420-6c6451b76056	01900739-7129-77e9-8d70-1702ef8d3554	018e61da-976d-7fca-9165-3e872014d47f	2024-06-11 14:15:42.154468+02	\N	INTERNAL_COUNCIL	#ffe3dc	\N	611677.1663006993	6699675.876844436
01900739-712a-766d-a3b3-2ea7adfaa66a	01900739-7129-77e9-8d70-1702ef8d3554	018e61da-976d-7fca-9165-3e872014d47f	2024-06-11 14:15:23.433517+02	2024-06-11 14:15:42.154468+02	INTERNAL_COUNCIL	#ffe3dc	018e61da-976d-7fca-9165-3e872014d47f	\N	\N
0190073a-0fb2-7004-ad65-c5c8ba30ecec	0190073a-0fb2-7eb3-bc6d-c1c6cf149abd	018e61da-976d-7fca-9165-3e872014d47f	2024-06-11 14:16:04.018339+02	\N	INTERNAL_COUNCIL	#ffe3dc	\N	\N	\N
0190073b-bed9-7c9b-a756-52060944620d	0190073b-bed8-7444-9aca-440e5f9dc283	018e61da-976d-7fca-9165-3e872014d47f	2024-06-11 14:17:54.392817+02	\N	INTERNAL_COUNCIL	#ffe3dc	\N	\N	\N
0190074c-0702-72bd-ac80-a3077f1f9f9a	0190074b-9ef5-769d-8d06-9a2a1a79f838	018e61da-976d-7fca-9165-3e872014d47f	2024-06-11 14:35:41.43685+02	\N	INTERNAL_COUNCIL	#ffe3dc	\N	611677.1663006993	6699675.876844436
0190074b-9ef5-7d77-8922-3c9366eea40b	0190074b-9ef5-769d-8d06-9a2a1a79f838	018e61da-976d-7fca-9165-3e872014d47f	2024-06-11 14:35:14.805289+02	2024-06-11 14:35:41.43685+02	INTERNAL_COUNCIL	#ffe3dc	018e61da-976d-7fca-9165-3e872014d47f	\N	\N
01900770-e386-719c-8b6e-81d619d69f99	01900770-9bec-72ff-a739-ab3ecf534b97	018e61da-976d-7fca-9165-3e872014d47f	2024-06-11 15:15:57.185678+02	\N	INTERNAL_COUNCIL	#ffe3dc	\N	611677.1663006993	6699675.876844436
01900770-9bed-78e8-9f1e-db8da5f08e86	01900770-9bec-72ff-a739-ab3ecf534b97	018e61da-976d-7fca-9165-3e872014d47f	2024-06-11 15:15:38.86056+02	2024-06-11 15:15:57.185678+02	INTERNAL_COUNCIL	#ffe3dc	018e61da-976d-7fca-9165-3e872014d47f	\N	\N
01900771-39d3-76d6-b453-067ad1b295bf	01900771-39d3-7884-8357-e02efd68d272	018e61da-976d-7fca-9165-3e872014d47f	2024-06-11 15:16:19.283057+02	\N	INTERNAL_COUNCIL	#ffe3dc	\N	\N	\N
\.


--
-- Data for Name: project_text_changelog; Type: TABLE DATA; Schema: diwi_testset; Owner: ali
--

COPY diwi_testset.project_text_changelog (id, start_milestone_id, end_milestone_id, project_id, value, create_user_id, change_user_id, change_start_date, change_end_date, property_id) FROM stdin;
018e6ab2-c9bd-7716-ba5d-3f089a6b3794	1c155b85-29e3-4fec-85a2-96bda344fe8a	529ca978-1d23-418a-a94c-bd219454a587	5c9fbb50-d8fd-480d-9e38-7f3b391d3110	test	018e61da-976d-7fca-9165-3e872014d47f	\N	2024-03-23 10:44:45.756379+01	\N	018e6ab2-66b6-78fb-bd77-c23bd76fc9d0
018e6b06-4cf6-7108-b3ee-40106e829d34	018e6aca-379a-7459-a74a-694d231c0161	018e6ac9-8d17-7efa-bbe3-89e7d2be12f1	018e6ac9-8d17-7b67-a4af-37004a445073	test custom	018e61da-976d-7fca-9165-3e872014d47f	\N	2024-03-23 12:15:58.835711+01	\N	018e6ab2-66b6-78fb-bd77-c23bd76fc9d0
018e7aff-69da-745d-b593-11efcae757ec	018e7aff-69d9-78d0-b7ac-4004a566f9a7	018e6548-029d-7008-8aae-8d9aa4ad4098	018e6548-0294-73e6-8535-38500033f66a	12	018e61da-976d-7fca-9165-3e872014d47f	\N	2024-03-26 14:42:22.93439+01	\N	018e6ab2-66b6-78fb-bd77-c23bd76fc9d0
018e8545-8b5a-7db4-b3ba-c3e937dc157f	018e8545-8af4-7cba-bfef-399c9bf4ecb3	018e61e1-d225-712d-8838-a08bd94a89a9	018e61e1-d224-76dd-95aa-4fa7dfe22816	test	018e61da-976d-7fca-9165-3e872014d47f	\N	2024-03-28 14:35:11.183402+01	\N	018e6ab2-66b6-78fb-bd77-c23bd76fc9d0
018e8584-ef8b-727e-b1d0-a34a1bdd2007	018e8582-c9d0-736c-aa60-acd8567eb28e	018e8582-c988-75e9-8d7c-7ded79862e13	018e8582-c988-7609-b68d-8c2956410c2f	12	018e61da-976d-7fca-9165-3e872014d47f	\N	2024-03-28 15:44:25.607897+01	\N	018e6ab2-66b6-78fb-bd77-c23bd76fc9d0
018f4e60-f563-73f9-a782-c6401f10926a	018f4e5f-ef07-75c9-afb5-d242340602bf	018e8abf-3936-76e6-9cd1-c96b976320ef	018e8abf-3935-7586-b28a-73cc454d16f6	12	018e61da-976d-7fca-9165-3e872014d47f	\N	2024-05-06 16:48:48.225861+02	\N	018e6ab2-66b6-78fb-bd77-c23bd76fc9d0
018ff304-7f4c-79e2-a02c-654021caf9f7	018ff304-7e30-73d5-9673-664b0e2a4046	018ff304-7d21-766b-b6e2-be579294e95a	018ff304-7d21-7752-a794-30ab79bfa7d6	test	018e61da-976d-7fca-9165-3e872014d47f	\N	2024-06-07 16:05:09.320046+02	\N	018e6ab2-66b6-78fb-bd77-c23bd76fc9d0
018ff305-9680-7988-8d14-ce48c50ab2c5	018ff305-95d1-7e1a-9d00-3be580b9f98b	018ff305-952d-713e-9162-c0123338a6f8	018ff305-952c-70bc-966a-3b8b418f0975	test	018e61da-976d-7fca-9165-3e872014d47f	\N	2024-06-07 16:06:20.792483+02	\N	018e6ab2-66b6-78fb-bd77-c23bd76fc9d0
018ff307-5bfb-7599-a519-3bb40c0414d7	018ff307-5b3c-7507-8d7f-5f2ba8ce0a84	018ff307-5a89-7292-82e4-8f50f9f77745	018ff307-5a88-7743-9b71-f327c122200d	test	018e61da-976d-7fca-9165-3e872014d47f	\N	2024-06-07 16:08:16.889736+02	\N	018e6ab2-66b6-78fb-bd77-c23bd76fc9d0
01900157-cb92-78b4-ad9b-1c406f0874b3	01900157-cad9-736b-be55-b18c9dfa2e37	01900157-ca25-7dc8-bb36-c841a9241938	01900157-ca1a-7d0c-9ef0-376765909310	test	018e61da-976d-7fca-9165-3e872014d47f	\N	2024-06-10 10:50:49.360327+02	\N	018e6ab2-66b6-78fb-bd77-c23bd76fc9d0
01900165-e4ce-7dd0-95eb-92fa1cf1e342	01900165-e465-7cea-8968-c241c3263b53	01900165-e3fe-70d9-b539-c8405ea64113	01900165-e3fd-7c77-ac6c-c407670e7452	test	018e61da-976d-7fca-9165-3e872014d47f	\N	2024-06-10 11:06:13.322694+02	\N	018e6ab2-66b6-78fb-bd77-c23bd76fc9d0
0190016a-0383-76c9-b327-2d135a46d768	0190016a-031c-760f-b2b1-af0e57a9a674	0190016a-02ae-7373-8929-adebadf90178	0190016a-02ae-737d-a612-d920568bca3b	test	018e61da-976d-7fca-9165-3e872014d47f	\N	2024-06-10 11:10:43.327104+02	\N	018e6ab2-66b6-78fb-bd77-c23bd76fc9d0
01900171-58fe-71b8-92c6-344bdeda5255	01900171-58ad-7a4d-9d2b-cca1972fe199	01900171-5864-7808-a239-7740b4220610	01900171-5864-7a14-824f-be47f3665a75	test	018e61da-976d-7fca-9165-3e872014d47f	\N	2024-06-10 11:18:43.962706+02	\N	018e6ab2-66b6-78fb-bd77-c23bd76fc9d0
01900176-e657-7595-9917-dd224d3a9aef	01900176-e60b-79e6-869f-38fa7a3d592c	01900176-e5be-7162-bc06-db4905311c7d	01900176-e5bd-7400-ae7c-4d930bf27269	test	018e61da-976d-7fca-9165-3e872014d47f	\N	2024-06-10 11:24:47.828467+02	\N	018e6ab2-66b6-78fb-bd77-c23bd76fc9d0
01900177-7e76-702d-be77-8747d0b1f803	01900177-7e1e-7f2b-a0d4-30eee62ac2e5	01900177-7db9-747b-aca7-061b68519e6d	01900177-7db9-740f-a139-ed6a0806272a	test	018e61da-976d-7fca-9165-3e872014d47f	\N	2024-06-10 11:25:26.77106+02	\N	018e6ab2-66b6-78fb-bd77-c23bd76fc9d0
01900178-a3fd-7743-9efb-17d484b49f44	01900178-a39d-7deb-b2cd-120a82a52e5c	01900178-a338-7571-aadd-ef3813865c2b	01900178-a338-70b9-9b0a-81e8a41253ec	test	018e61da-976d-7fca-9165-3e872014d47f	\N	2024-06-10 11:26:41.914834+02	\N	018e6ab2-66b6-78fb-bd77-c23bd76fc9d0
019001ea-737e-76e7-9f20-61a464d68880	019001ea-732d-7176-96f0-8e44a2f844d8	019001ea-72f6-75c6-bb29-7d0abd55b937	019001ea-72f5-7b13-b0d5-8e20a4977a6d	test	018e61da-976d-7fca-9165-3e872014d47f	\N	2024-06-10 13:31:00.605382+02	\N	018e6ab2-66b6-78fb-bd77-c23bd76fc9d0
0190020d-c974-7005-829f-33b211267aaa	0190020d-c925-725a-b331-540f828793f0	0190020d-c8ce-7936-91c7-70f60caecb92	0190020d-c8ce-70ed-88a5-9ae4f3c087ce	test	018e61da-976d-7fca-9165-3e872014d47f	\N	2024-06-10 14:09:36.370045+02	\N	018e6ab2-66b6-78fb-bd77-c23bd76fc9d0
0190020f-6deb-7072-b3ae-be2167f74a88	0190020f-6da5-7434-8bde-87fa6c23a1ac	0190020f-6d3c-7ea2-8833-27d0cdf84e7d	0190020f-6d3c-752e-b3b7-0f83b9e60a24	test	018e61da-976d-7fca-9165-3e872014d47f	\N	2024-06-10 14:11:24.009641+02	\N	018e6ab2-66b6-78fb-bd77-c23bd76fc9d0
01900211-deca-70b8-9615-8865be537956	01900211-de86-726c-a7a8-4468906d2905	01900211-de2f-7bd0-a1dd-f0c71fd3159b	01900211-de2f-7205-bb11-a533725f0a76	test	018e61da-976d-7fca-9165-3e872014d47f	\N	2024-06-10 14:14:03.977069+02	\N	018e6ab2-66b6-78fb-bd77-c23bd76fc9d0
01900214-f804-7380-af75-5649396a1fb7	01900214-f7df-7264-861a-4691b20d9c94	01900214-f7a6-743b-82ea-fa0104487a2f	01900214-f7a6-7010-8f57-f9814011b9f1	test	018e61da-976d-7fca-9165-3e872014d47f	\N	2024-06-10 14:17:27.043709+02	\N	018e6ab2-66b6-78fb-bd77-c23bd76fc9d0
01900217-9eb9-7584-9c97-80e5f12a0b5c	01900217-9e76-7a55-aa75-a1903995e763	01900217-9e32-7722-b0af-97054561a36a	01900217-9e32-7c67-b81b-91397d61fc23	test	018e61da-976d-7fca-9165-3e872014d47f	\N	2024-06-10 14:20:20.792278+02	\N	018e6ab2-66b6-78fb-bd77-c23bd76fc9d0
0190021b-0223-74bf-8174-4ffd25961aed	0190021b-01ef-7694-af25-d97dba79e94a	0190021b-01bb-74e4-8d58-ed3f0edd01d3	0190021b-01bb-7c50-9e55-497351217413	test	018e61da-976d-7fca-9165-3e872014d47f	\N	2024-06-10 14:24:02.849864+02	\N	018e6ab2-66b6-78fb-bd77-c23bd76fc9d0
0190021f-566b-7f4d-819c-9f0108687c34	0190021f-562e-72e7-a20d-5fc6d38f6f58	0190021f-55fa-7cde-8f03-ac35f9d99ea9	0190021f-55fa-7682-af92-3c52a4bb73ce	test	018e61da-976d-7fca-9165-3e872014d47f	\N	2024-06-10 14:28:46.569839+02	\N	018e6ab2-66b6-78fb-bd77-c23bd76fc9d0
0190022e-f050-75db-9814-490da78c3a38	0190022e-f015-7bd6-ade1-4a38d8083bbb	0190022e-efde-7c0a-b9d3-2f701b274cec	0190022e-efdd-7be0-9c18-ec420b3a5e99	test	018e61da-976d-7fca-9165-3e872014d47f	\N	2024-06-10 14:45:49.006568+02	\N	018e6ab2-66b6-78fb-bd77-c23bd76fc9d0
0190022f-f649-7167-8f71-b3a02fefc936	0190022f-f60f-7fec-bace-c6f951e1810a	0190022f-f5d8-78cb-81c9-778ee623b08d	0190022f-f5d8-7594-864a-7cb144468b2a	test	018e61da-976d-7fca-9165-3e872014d47f	\N	2024-06-10 14:46:56.072346+02	\N	018e6ab2-66b6-78fb-bd77-c23bd76fc9d0
01900231-02db-7eeb-85cc-b9ba3de98cfb	01900231-0291-77a9-bdaf-bd342929e891	01900231-0260-74e3-914f-14fc7ce2d589	01900231-0260-75a2-a203-0537371f6303	test	018e61da-976d-7fca-9165-3e872014d47f	\N	2024-06-10 14:48:04.824064+02	\N	018e6ab2-66b6-78fb-bd77-c23bd76fc9d0
01900231-c0ba-702c-8761-82e71eb697ed	01900231-c076-79cb-9f2d-61981c45d59e	01900231-c01d-7cbc-991d-291b604242b6	01900231-c01d-790d-a094-d8749aaf6ec2	test	018e61da-976d-7fca-9165-3e872014d47f	\N	2024-06-10 14:48:53.433023+02	\N	018e6ab2-66b6-78fb-bd77-c23bd76fc9d0
01900232-5c6c-7680-9580-84c72a25df31	01900232-5c33-76fb-8d14-64c7f830dbf6	01900232-5bf2-7dda-a25a-490fd391a4cf	01900232-5bf1-7892-83ea-6d02c5dddca1	test	018e61da-976d-7fca-9165-3e872014d47f	\N	2024-06-10 14:49:33.290613+02	\N	018e6ab2-66b6-78fb-bd77-c23bd76fc9d0
0190023a-e41e-7012-bfa9-b76c15203bb6	0190023a-e3e9-7681-80e4-3fb3cc284f51	0190023a-e370-7fec-8e41-2fafd29a191e	0190023a-e36f-746b-b42b-11164ab3d23e	test	018e61da-976d-7fca-9165-3e872014d47f	\N	2024-06-10 14:58:52.317333+02	\N	018e6ab2-66b6-78fb-bd77-c23bd76fc9d0
0190023b-c1e1-7d4a-b2ce-b1d694179cb0	0190023b-c19c-7d59-9aca-50cc099f958f	0190023b-c131-7953-be79-98eed72b10a9	0190023b-c131-7a12-85d6-4283e13040ae	test	018e61da-976d-7fca-9165-3e872014d47f	\N	2024-06-10 14:59:49.086679+02	\N	018e6ab2-66b6-78fb-bd77-c23bd76fc9d0
0190023c-a131-7aa2-9737-4623c13af9d3	0190023c-a0e9-702f-ba6f-f6d896d5354a	0190023c-a096-7c89-9bf5-7c9ca7387035	0190023c-a096-7bd7-8aed-5bc4bfbc0a33	test	018e61da-976d-7fca-9165-3e872014d47f	\N	2024-06-10 15:00:46.254854+02	\N	018e6ab2-66b6-78fb-bd77-c23bd76fc9d0
0190023e-8e93-780d-8f77-190b251dc9c7	0190023e-8e4e-7a09-9424-45fc9f1b1f89	0190023e-8de3-7187-b933-0561573ba702	0190023e-8de3-7c06-b9c3-db8ff8f2dbef	test	018e61da-976d-7fca-9165-3e872014d47f	\N	2024-06-10 15:02:52.562068+02	\N	018e6ab2-66b6-78fb-bd77-c23bd76fc9d0
01900243-88bc-75d0-8377-455f976b53c7	01900243-8877-7459-9e8a-3e925b24a5b4	01900243-87f4-7f73-80d6-3837a993a75d	01900243-87f4-7128-be39-608e2ee91e40	test	018e61da-976d-7fca-9165-3e872014d47f	\N	2024-06-10 15:08:18.747362+02	\N	018e6ab2-66b6-78fb-bd77-c23bd76fc9d0
01900244-c36a-7660-8d01-859ac9cdda03	01900244-c33c-75a3-a18e-29dcb918c5ad	01900244-c2e1-7bd7-85ea-132c3f1c63c1	01900244-c2e1-7719-adbb-01ec2d2ca73b	test	018e61da-976d-7fca-9165-3e872014d47f	\N	2024-06-10 15:09:39.305536+02	\N	018e6ab2-66b6-78fb-bd77-c23bd76fc9d0
019002d0-5c4a-7704-a468-8ee940d44511	019002d0-5c24-7432-9fb6-cbe0fe002cdd	019002d0-5bf1-7e8c-8ec8-acf5b4ca6c57	019002d0-5bf1-7807-8a77-528f6e58bc15	test	018e61da-976d-7fca-9165-3e872014d47f	\N	2024-06-10 17:42:07.944498+02	\N	018e6ab2-66b6-78fb-bd77-c23bd76fc9d0
019002d3-0d46-7be0-af7f-019355af0d96	019002d3-0d19-71b7-974c-8712ab90bba8	019002d3-0ce8-781c-a8fc-b01925c826dd	019002d3-0ce8-7d9c-bdd5-5213ff89182c	test	018e61da-976d-7fca-9165-3e872014d47f	\N	2024-06-10 17:45:04.325335+02	\N	018e6ab2-66b6-78fb-bd77-c23bd76fc9d0
019002d4-a057-76d8-b46e-c5c22a723406	019002d4-a02c-70e2-962d-de05831102ba	019002d4-a001-723a-b300-9be7be1a2388	019002d4-a001-747a-8c82-b37feb482e6c	test	018e61da-976d-7fca-9165-3e872014d47f	\N	2024-06-10 17:46:47.509887+02	\N	018e6ab2-66b6-78fb-bd77-c23bd76fc9d0
01900396-8715-7c7e-ba84-f16d220f98b2	01900396-868e-789c-a4be-f4a14c635dd2	01900396-85e8-7c96-b65f-d28fbcc818c5	01900396-85df-7af3-8ef0-5ba3eff61f8c	test	018e61da-976d-7fca-9165-3e872014d47f	\N	2024-06-10 21:18:35.023688+02	\N	018e6ab2-66b6-78fb-bd77-c23bd76fc9d0
01900397-bc4a-71b8-93db-d5bfda18a099	01900397-bc07-7041-824a-f58c5f2a3fcf	01900397-bbc5-79c9-8649-2aa88b80c0ad	01900397-bbc5-7b9f-a282-6c9d3cf92918	test	018e61da-976d-7fca-9165-3e872014d47f	\N	2024-06-10 21:19:54.180757+02	\N	018e6ab2-66b6-78fb-bd77-c23bd76fc9d0
01900718-04d0-7cf9-adef-b54a73f42dbe	01900718-044a-7ff7-a39e-37d542229ccb	01900718-038f-7df4-aa65-d08711df5560	01900718-0385-720e-a32d-93fb5460794d	test	018e61da-976d-7fca-9165-3e872014d47f	\N	2024-06-11 13:38:53.002813+02	\N	018e6ab2-66b6-78fb-bd77-c23bd76fc9d0
0190071a-0b67-7c5d-bb36-198330b09a65	0190071a-0af2-759a-8d48-85dcf6abc13c	0190071a-0a6d-7d5a-997c-921894749875	0190071a-0a6c-7c5d-9b84-aa8d6ca15254	test	018e61da-976d-7fca-9165-3e872014d47f	\N	2024-06-11 13:41:05.762884+02	\N	018e6ab2-66b6-78fb-bd77-c23bd76fc9d0
0190071e-f598-7e69-9afd-92e8a22c7d10	0190071e-f4ce-7257-950f-e964914dfdf2	0190071e-f432-70d2-b6d9-6324d07bdb52	0190071e-f431-7db5-8b40-05a407c843d7	test	018e61da-976d-7fca-9165-3e872014d47f	\N	2024-06-11 13:46:27.860716+02	\N	018e6ab2-66b6-78fb-bd77-c23bd76fc9d0
01900720-1df9-7051-89f9-79635bd1ccc6	01900720-1d3f-792a-ae58-7d0bd91fd22a	01900720-1c61-7a9d-a0b5-82019f724c5e	01900720-1c61-7e71-9ba0-d6c778638787	test	018e61da-976d-7fca-9165-3e872014d47f	\N	2024-06-11 13:47:43.735833+02	\N	018e6ab2-66b6-78fb-bd77-c23bd76fc9d0
01900721-eb5c-78f9-adf8-7d16690c1294	01900721-eae9-7b35-9661-a2e2ee438969	01900721-ea96-7813-b35c-953fddb9cf94	01900721-ea95-7f44-a2c5-6ba1dc3fe7e2	test	018e61da-976d-7fca-9165-3e872014d47f	\N	2024-06-11 13:49:41.8469+02	\N	018e6ab2-66b6-78fb-bd77-c23bd76fc9d0
01900726-598e-77e6-a1fe-2bc12d95f15b	01900726-5934-7e84-80b9-65569033ac7a	01900726-58cb-74a3-afce-f55083e0726f	01900726-58cb-74fd-94e9-053e33f756e3	test	018e61da-976d-7fca-9165-3e872014d47f	\N	2024-06-11 13:54:32.204395+02	\N	018e6ab2-66b6-78fb-bd77-c23bd76fc9d0
01900739-7183-73c4-95ae-0bdeccc6e53c	01900739-715e-76ab-bdb7-441ecfa6cab0	01900739-7129-7cbf-b230-fcf393986e6d	01900739-7129-77e9-8d70-1702ef8d3554	test	018e61da-976d-7fca-9165-3e872014d47f	\N	2024-06-11 14:15:23.522801+02	\N	018e6ab2-66b6-78fb-bd77-c23bd76fc9d0
0190073a-1012-7f51-a5ee-4e7f6c5ef430	0190073a-0fe0-7f69-b239-e03cdbf1cd00	0190073a-0fb2-70cc-ab49-14bcd488266d	0190073a-0fb2-7eb3-bc6d-c1c6cf149abd	test	018e61da-976d-7fca-9165-3e872014d47f	\N	2024-06-11 14:16:04.113288+02	\N	018e6ab2-66b6-78fb-bd77-c23bd76fc9d0
0190073b-bf1f-7982-958e-90ad858519b0	0190073b-bef9-7fa7-a336-9314061fcd69	0190073b-bed9-7144-a2b1-e14c1bf8738f	0190073b-bed8-7444-9aca-440e5f9dc283	test	018e61da-976d-7fca-9165-3e872014d47f	\N	2024-06-11 14:17:54.461977+02	\N	018e6ab2-66b6-78fb-bd77-c23bd76fc9d0
0190074b-9f3e-7555-bd6e-6e1e31863608	0190074b-9f1a-7f40-9f07-aa535541f365	0190074b-9ef5-77d8-a5a2-f023c68ac578	0190074b-9ef5-769d-8d06-9a2a1a79f838	test	018e61da-976d-7fca-9165-3e872014d47f	\N	2024-06-11 14:35:14.877738+02	\N	018e6ab2-66b6-78fb-bd77-c23bd76fc9d0
01900770-9c8b-7cc2-aa36-be7c4cc9639e	01900770-9c42-7d17-8c5e-7388de47125c	01900770-9bec-77f8-89ca-41b649267114	01900770-9bec-72ff-a739-ab3ecf534b97	test	018e61da-976d-7fca-9165-3e872014d47f	\N	2024-06-11 15:15:39.017056+02	\N	018e6ab2-66b6-78fb-bd77-c23bd76fc9d0
01900771-3a22-7960-8f0c-ae381d90edd0	01900771-39f7-7004-8e51-23d0795136c4	01900771-39d3-7f5d-bd99-fc0f3dd1df30	01900771-39d3-7884-8357-e02efd68d272	test	018e61da-976d-7fca-9165-3e872014d47f	\N	2024-06-11 15:16:19.361348+02	\N	018e6ab2-66b6-78fb-bd77-c23bd76fc9d0
\.


--
-- Data for Name: property; Type: TABLE DATA; Schema: diwi_testset; Owner: ali
--

COPY diwi_testset.property (id, type) FROM stdin;
018e6623-91db-7444-94a0-fd5c191bb470	CUSTOM
018e66ac-2b1f-7fe5-9550-d34997aaa1b1	CUSTOM
018e66ad-edfb-7a17-afff-ba355669bc5c	CUSTOM
018e66b6-4b87-75ac-b404-d5cf80793096	CUSTOM
018e6ab2-66b6-78fb-bd77-c23bd76fc9d0	CUSTOM
018e6b68-0c99-7c5c-b018-59d2cd76805a	CUSTOM
018e7abb-d285-7131-bbfe-07d12658ea4f	CUSTOM
018e7b14-639a-7e3b-9302-ab733d887bc4	CUSTOM
018e7b14-cdc9-7909-b6d6-61bd061ac7cd	CUSTOM
018e7b15-11b2-7eed-8867-c874b554c54f	CUSTOM
018e7f80-c83c-7bb9-b8d3-9975fb539e70	CUSTOM
568ff9b5-8491-41a2-8e37-af40212b070a	FIXED
3960379a-526d-4296-a10c-b92db7c8f3c9	FIXED
1b6cf297-bf64-4f3f-b200-a8ffaba83654	FIXED
166c5f19-ef23-41af-8495-32c2b90e9638	FIXED
26d1b3ef-641f-4224-800c-296a4ecc9528	FIXED
872a8db1-9d97-48bb-828f-2a457d514d03	FIXED
af2bef00-87ba-4c7c-a927-916d5f03ce94	FIXED
91ded971-4fdb-4366-ab36-37b1d821c6d6	FIXED
\.


--
-- Data for Name: property_category_value; Type: TABLE DATA; Schema: diwi_testset; Owner: ali
--

COPY diwi_testset.property_category_value (id, property_id) FROM stdin;
018e6623-91e0-7a43-9288-17e58b183b0e	018e6623-91db-7444-94a0-fd5c191bb470
018e6623-91e1-79e3-a54c-c8b3bcede6bc	018e6623-91db-7444-94a0-fd5c191bb470
018e6623-91e1-73dd-84d9-9f52c66d44e3	018e6623-91db-7444-94a0-fd5c191bb470
018e66b6-4b88-7069-bd69-bbc3ba604a57	018e66b6-4b87-75ac-b404-d5cf80793096
018e66b6-4b88-77ab-a151-e961866044af	018e66b6-4b87-75ac-b404-d5cf80793096
018e66b6-9703-7841-bb96-ef533bd6cc55	018e66b6-4b87-75ac-b404-d5cf80793096
018e66b6-9704-793f-a20e-d8ab429a436c	018e66b6-4b87-75ac-b404-d5cf80793096
018e6a9f-a706-789f-9fdf-b3876b0041ba	018e66b6-4b87-75ac-b404-d5cf80793096
018e7abb-d295-7398-88e2-8368dd441b5b	018e7abb-d285-7131-bbfe-07d12658ea4f
018e7abb-d296-7d99-9064-e702ccf48b22	018e7abb-d285-7131-bbfe-07d12658ea4f
018e7acd-cccd-7ed8-a9bf-f205eb54f822	018e7abb-d285-7131-bbfe-07d12658ea4f
018e7b14-639a-7fff-99ba-0068c76feaf4	018e7b14-639a-7e3b-9302-ab733d887bc4
018e7b14-639a-7de4-b149-18c3f01a4f42	018e7b14-639a-7e3b-9302-ab733d887bc4
018e7b14-639b-733d-abdf-b327f9184c73	018e7b14-639a-7e3b-9302-ab733d887bc4
3d12586e-7d07-446b-8f06-968282e85a2f	568ff9b5-8491-41a2-8e37-af40212b070a
dc0aec70-343f-4b0a-85cd-f1f44c78fcc3	568ff9b5-8491-41a2-8e37-af40212b070a
f9f2466f-c712-48ca-9bda-5586e5beb914	568ff9b5-8491-41a2-8e37-af40212b070a
7caa59b1-1799-4bcf-bbc8-05121fce975c	568ff9b5-8491-41a2-8e37-af40212b070a
419163a7-10f2-4925-96a8-ced828b99949	568ff9b5-8491-41a2-8e37-af40212b070a
49f9846a-616a-4fc9-8f65-fb638d425601	568ff9b5-8491-41a2-8e37-af40212b070a
c7e5157f-daf3-41a1-837c-e8ca849a69f0	3960379a-526d-4296-a10c-b92db7c8f3c9
bd6ac64f-ce22-4bcb-955b-b1eca93c7e71	3960379a-526d-4296-a10c-b92db7c8f3c9
ac692524-2b9f-4c96-a56c-2e194d93a04e	3960379a-526d-4296-a10c-b92db7c8f3c9
85e33e39-2582-4d39-8a0b-9cb06c428a9e	3960379a-526d-4296-a10c-b92db7c8f3c9
b1aecd99-b8ef-4344-ad22-9b083b9680db	3960379a-526d-4296-a10c-b92db7c8f3c9
4bf53033-d05f-481c-97d2-33c11b133125	3960379a-526d-4296-a10c-b92db7c8f3c9
1623ddca-33d6-4702-b825-a4df389ae6a4	872a8db1-9d97-48bb-828f-2a457d514d03
f7030975-74d5-4fa8-b62e-b2d4f65d4f7d	872a8db1-9d97-48bb-828f-2a457d514d03
019007a0-2b25-7d8e-b30d-6e41371bde85	26d1b3ef-641f-4224-800c-296a4ecc9528
019007a0-2b26-74a8-b3e3-2e84e044146a	26d1b3ef-641f-4224-800c-296a4ecc9528
019007a0-2b26-71ba-aebf-e6426b8e51ef	26d1b3ef-641f-4224-800c-296a4ecc9528
019007a0-b9c7-7ea5-9cb1-d1ceaaa1e753	1b6cf297-bf64-4f3f-b200-a8ffaba83654
019007a1-102c-72c3-88cf-5df3c411dfce	166c5f19-ef23-41af-8495-32c2b90e9638
\.


--
-- Data for Name: property_category_value_state; Type: TABLE DATA; Schema: diwi_testset; Owner: ali
--

COPY diwi_testset.property_category_value_state (id, category_value_id, value_label, create_user_id, change_start_date, change_end_date, change_user_id) FROM stdin;
018e6623-91e1-7b75-966d-9eb6edd4098a	018e6623-91e0-7a43-9288-17e58b183b0e	completed	018e61da-976d-7fca-9165-3e872014d47f	2024-03-22 13:29:50.939468+01	\N	\N
018e6623-91e1-7b20-b67a-b6a3ba2e5fbb	018e6623-91e1-79e3-a54c-c8b3bcede6bc	pending	018e61da-976d-7fca-9165-3e872014d47f	2024-03-22 13:29:50.939468+01	\N	\N
018e6623-91e1-76a1-86b5-5cba02530196	018e6623-91e1-73dd-84d9-9f52c66d44e3	canceled	018e61da-976d-7fca-9165-3e872014d47f	2024-03-22 13:29:50.939468+01	\N	\N
018e66b6-4b88-77f6-a529-53f2a6baf78d	018e66b6-4b88-7069-bd69-bbc3ba604a57	as	018e61da-976d-7fca-9165-3e872014d47f	2024-03-22 16:10:06.726912+01	\N	\N
018e66b6-4b88-7b27-87a7-cc46a8155ec4	018e66b6-4b88-77ab-a151-e961866044af	bb	018e61da-976d-7fca-9165-3e872014d47f	2024-03-22 16:10:06.726912+01	\N	\N
018e66b6-9704-7d80-a0ad-8e9d9e8e7088	018e66b6-9703-7841-bb96-ef533bd6cc55	Canceled	018e61da-976d-7fca-9165-3e872014d47f	2024-03-22 16:10:26.04995+01	\N	\N
018e66b6-9704-7c34-b226-0e14421f5e04	018e66b6-9704-793f-a20e-d8ab429a436c	Completed	018e61da-976d-7fca-9165-3e872014d47f	2024-03-22 16:10:26.04995+01	\N	\N
018e6a9f-a706-7d27-9ff8-b4a3376cca6b	018e6a9f-a706-789f-9fdf-b3876b0041ba	fsdf	018e61da-976d-7fca-9165-3e872014d47f	2024-03-23 10:23:51.657455+01	\N	\N
018e7abb-d296-7924-a4a4-d8b18345736e	018e7abb-d295-7398-88e2-8368dd441b5b	tom	018e61da-976d-7fca-9165-3e872014d47f	2024-03-26 13:28:33.281963+01	\N	\N
018e7abb-d296-79b5-8efa-3d618c3070ee	018e7abb-d296-7d99-9064-e702ccf48b22	garfield	018e61da-976d-7fca-9165-3e872014d47f	2024-03-26 13:28:33.281963+01	\N	\N
018e7acd-cccd-7db0-8a5e-26d423e17e3a	018e7acd-cccd-7ed8-a9bf-f205eb54f822	british	018e61da-976d-7fca-9165-3e872014d47f	2024-03-26 13:48:11.443648+01	\N	\N
018e7b14-639a-7287-bd84-ad4a83721e0c	018e7b14-639a-7fff-99ba-0068c76feaf4	Demolish	018e61da-976d-7fca-9165-3e872014d47f	2024-03-26 15:05:17.594256+01	\N	\N
018e7b14-639b-7acd-81af-1defc141bff3	018e7b14-639a-7de4-b149-18c3f01a4f42	Build	018e61da-976d-7fca-9165-3e872014d47f	2024-03-26 15:05:17.594256+01	\N	\N
018e7b14-639b-7ead-baeb-cf5aaf665df2	018e7b14-639b-733d-abdf-b327f9184c73	Revenue	018e61da-976d-7fca-9165-3e872014d47f	2024-03-26 15:05:17.594256+01	\N	\N
98a43769-e0d0-434a-808b-8aced7c84011	3d12586e-7d07-446b-8f06-968282e85a2f	Regulier	7ad8f82b-3e04-4c4e-aa59-bf9098c99377	2024-04-15 09:13:28.464549+02	\N	\N
264bf97e-10b8-4c3f-91a7-1c8c71d5134e	dc0aec70-343f-4b0a-85cd-f1f44c78fcc3	Jongeren	7ad8f82b-3e04-4c4e-aa59-bf9098c99377	2024-04-15 09:13:28.464549+02	\N	\N
788b9c8f-c15f-4430-a951-bd1091747084	f9f2466f-c712-48ca-9bda-5586e5beb914	Student	7ad8f82b-3e04-4c4e-aa59-bf9098c99377	2024-04-15 09:13:28.464549+02	\N	\N
f70de843-b63f-4628-9f8b-e18db0a5d974	7caa59b1-1799-4bcf-bbc8-05121fce975c	Ouderen	7ad8f82b-3e04-4c4e-aa59-bf9098c99377	2024-04-15 09:13:28.464549+02	\N	\N
d1464d7f-c378-4650-9ff7-814843851d39	419163a7-10f2-4925-96a8-ced828b99949	GHZ	7ad8f82b-3e04-4c4e-aa59-bf9098c99377	2024-04-15 09:13:28.464549+02	\N	\N
17018d81-2ec4-4f40-b35b-affe3bdf757a	49f9846a-616a-4fc9-8f65-fb638d425601	Grote gezinnen	7ad8f82b-3e04-4c4e-aa59-bf9098c99377	2024-04-15 09:13:28.464549+02	\N	\N
55d06f8b-087d-4cff-b67a-1e80c60455f7	c7e5157f-daf3-41a1-837c-e8ca849a69f0	Tussenwoning	7ad8f82b-3e04-4c4e-aa59-bf9098c99377	2024-04-15 09:13:28.491909+02	\N	\N
f23b26da-00bc-44c1-9fe3-9fe8da9c6172	bd6ac64f-ce22-4bcb-955b-b1eca93c7e71	Hoekwoning	7ad8f82b-3e04-4c4e-aa59-bf9098c99377	2024-04-15 09:13:28.491909+02	\N	\N
02a19e60-31e6-4a00-b870-eb4596a0e7bc	ac692524-2b9f-4c96-a56c-2e194d93a04e	Twee onder een kap	7ad8f82b-3e04-4c4e-aa59-bf9098c99377	2024-04-15 09:13:28.491909+02	\N	\N
f91ca156-1446-4100-9d32-9bf5fd06ca47	85e33e39-2582-4d39-8a0b-9cb06c428a9e	Vrijstaand	7ad8f82b-3e04-4c4e-aa59-bf9098c99377	2024-04-15 09:13:28.491909+02	\N	\N
d66a8435-5559-4f4d-869c-579064cddb09	b1aecd99-b8ef-4344-ad22-9b083b9680db	Portiekflat	7ad8f82b-3e04-4c4e-aa59-bf9098c99377	2024-04-15 09:13:28.491909+02	\N	\N
9ef8997a-9b1e-4b6d-92d7-1a91f8311f2c	4bf53033-d05f-481c-97d2-33c11b133125	Gallerijflat	7ad8f82b-3e04-4c4e-aa59-bf9098c99377	2024-04-15 09:13:28.491909+02	\N	\N
8d648010-0849-467a-b4d8-50e6f585d54c	1623ddca-33d6-4702-b825-a4df389ae6a4	Opdrachtgever	7ad8f82b-3e04-4c4e-aa59-bf9098c99377	2024-04-22 16:30:40.532606+02	\N	\N
0e2b3eb1-2fa7-4ec5-97b6-67a70133e7f7	f7030975-74d5-4fa8-b62e-b2d4f65d4f7d	Vergunningverlener	7ad8f82b-3e04-4c4e-aa59-bf9098c99377	2024-04-22 16:30:40.532606+02	\N	\N
019007a0-2b26-7028-8dc0-075002e04e80	019007a0-2b25-7d8e-b30d-6e41371bde85	Oosterpoort	018e61da-976d-7fca-9165-3e872014d47f	2024-06-11 16:07:35.700721+02	\N	\N
019007a0-2b26-7576-a00b-ff0d81f58a59	019007a0-2b26-74a8-b3e3-2e84e044146a	Herewegbuurt	018e61da-976d-7fca-9165-3e872014d47f	2024-06-11 16:07:35.700721+02	\N	\N
019007a0-2b26-78a6-8241-9f4b8e3ee749	019007a0-2b26-71ba-aebf-e6426b8e51ef	Rivierenbuurt	018e61da-976d-7fca-9165-3e872014d47f	2024-06-11 16:07:35.700721+02	\N	\N
019007a0-b9c7-7c04-bf8c-ab0135301b88	019007a0-b9c7-7ea5-9cb1-d1ceaaa1e753	Groningen	018e61da-976d-7fca-9165-3e872014d47f	2024-06-11 16:08:12.229908+02	\N	\N
019007a1-102c-725d-b909-ea77c90527dc	019007a1-102c-72c3-88cf-5df3c411dfce	Oud-Zuid	018e61da-976d-7fca-9165-3e872014d47f	2024-06-11 16:08:34.346059+02	\N	\N
\.


--
-- Data for Name: property_ordinal_value; Type: TABLE DATA; Schema: diwi_testset; Owner: ali
--

COPY diwi_testset.property_ordinal_value (id, property_id) FROM stdin;
49390d77-08de-4993-969f-2264d8f4ca8c	af2bef00-87ba-4c7c-a927-916d5f03ce94
04d1fc97-bb25-4246-8413-9ec5a1044db7	af2bef00-87ba-4c7c-a927-916d5f03ce94
6a91fb22-a44a-4da9-b5f3-933596522e10	af2bef00-87ba-4c7c-a927-916d5f03ce94
2f58d79f-c613-4ed2-9a0a-411a6c739445	af2bef00-87ba-4c7c-a927-916d5f03ce94
bc14d26c-8209-4bc9-9c15-a6bd2100a793	af2bef00-87ba-4c7c-a927-916d5f03ce94
88bf0f69-fa06-4d42-8e13-b076d9d9a2cc	af2bef00-87ba-4c7c-a927-916d5f03ce94
\.


--
-- Data for Name: property_ordinal_value_state; Type: TABLE DATA; Schema: diwi_testset; Owner: ali
--

COPY diwi_testset.property_ordinal_value_state (id, ordinal_value_id, value_label, ordinal_level, create_user_id, change_start_date, change_end_date, change_user_id) FROM stdin;
9c2d370e-c861-4118-b060-c2234c2561f9	49390d77-08de-4993-969f-2264d8f4ca8c	low	1	2122426c-6e70-419c-a054-f51dd24d798b	2024-01-16 19:06:32+01	\N	\N
13631462-8abd-4249-aa9a-37223bd21eee	04d1fc97-bb25-4246-8413-9ec5a1044db7	medium	2	2122426c-6e70-419c-a054-f51dd24d798b	2024-01-16 19:06:32+01	\N	\N
144a1a5a-1005-43c8-8998-31b9e7e7b6a4	6a91fb22-a44a-4da9-b5f3-933596522e10	high	3	2122426c-6e70-419c-a054-f51dd24d798b	2024-01-16 19:06:32+01	\N	\N
2f6338dc-3c41-4282-9e78-913452bc0abc	2f58d79f-c613-4ed2-9a0a-411a6c739445	Laag	1	7ad8f82b-3e04-4c4e-aa59-bf9098c99377	2024-03-22 23:47:39.922956+01	\N	\N
4518f8f5-2d17-4d86-8476-9733de033ff8	bc14d26c-8209-4bc9-9c15-a6bd2100a793	Middel	2	7ad8f82b-3e04-4c4e-aa59-bf9098c99377	2024-03-22 23:47:39.922956+01	\N	\N
1cf6cb01-15d6-4015-b0c6-1da943ebfe31	88bf0f69-fa06-4d42-8e13-b076d9d9a2cc	Hoog	3	7ad8f82b-3e04-4c4e-aa59-bf9098c99377	2024-03-22 23:47:39.922956+01	\N	\N
\.


--
-- Data for Name: property_state; Type: TABLE DATA; Schema: diwi_testset; Owner: ali
--

COPY diwi_testset.property_state (id, property_name, property_type, create_user_id, change_start_date, change_end_date, property_id, property_object_type, change_user_id) FROM stdin;
018e6623-91de-72d8-a15a-69a10a6d0b2e	LeidenHouses	CATEGORY	018e61da-976d-7fca-9165-3e872014d47f	2024-03-22 13:29:50.939468+01	2024-03-22 14:08:36.940952+01	018e6623-91db-7444-94a0-fd5c191bb470	PROJECT	018e61da-976d-7fca-9165-3e872014d47f
018e6647-0fd6-77e4-96a8-f1ede191c723	LeidenHouses2	CATEGORY	018e61da-976d-7fca-9165-3e872014d47f	2024-03-22 14:08:36.940952+01	2024-03-22 14:08:47.846515+01	018e6623-91db-7444-94a0-fd5c191bb470	PROJECT	018e61da-976d-7fca-9165-3e872014d47f
018e66ac-2b2e-72c7-943d-7e47c2c75db6	teete	BOOLEAN	018e61da-976d-7fca-9165-3e872014d47f	2024-03-22 15:59:03.057064+01	2024-03-22 15:59:17.841313+01	018e66ac-2b1f-7fe5-9550-d34997aaa1b1	PROJECT	018e61da-976d-7fca-9165-3e872014d47f
018e66ad-edfc-7087-b0be-dccbd8c7fc20	tetete	BOOLEAN	018e61da-976d-7fca-9165-3e872014d47f	2024-03-22 16:00:58.491063+01	2024-03-22 16:01:12.290237+01	018e66ad-edfb-7a17-afff-ba355669bc5c	PROJECT	018e61da-976d-7fca-9165-3e872014d47f
018e66b6-4b87-7d2e-8a39-8d0390c7aea2	tetete	CATEGORY	018e61da-976d-7fca-9165-3e872014d47f	2024-03-22 16:10:06.726912+01	2024-03-23 10:23:51.657455+01	018e66b6-4b87-75ac-b404-d5cf80793096	PROJECT	018e61da-976d-7fca-9165-3e872014d47f
018e6a9f-a701-7355-ae6b-af175c9f08b4	tetetefsdfsfsd	CATEGORY	018e61da-976d-7fca-9165-3e872014d47f	2024-03-23 10:23:51.657455+01	2024-03-23 10:24:02.436948+01	018e66b6-4b87-75ac-b404-d5cf80793096	PROJECT	018e61da-976d-7fca-9165-3e872014d47f
018e6b68-0c99-7868-8071-75cf8cd17d91	Test 2 	NUMERIC	018e61da-976d-7fca-9165-3e872014d47f	2024-03-23 14:02:44.889016+01	2024-03-23 14:02:55.195313+01	018e6b68-0c99-7c5c-b018-59d2cd76805a	PROJECT	018e61da-976d-7fca-9165-3e872014d47f
018e6b68-34ef-7b38-ac58-939f72683b8a	Test 2 dasddasd	NUMERIC	018e61da-976d-7fca-9165-3e872014d47f	2024-03-23 14:02:55.195313+01	2024-03-23 14:03:00.666577+01	018e6b68-0c99-7c5c-b018-59d2cd76805a	PROJECT	018e61da-976d-7fca-9165-3e872014d47f
018e6ab2-66b7-7ee8-a877-32735495b7a4	test	TEXT	018e61da-976d-7fca-9165-3e872014d47f	2024-03-23 10:44:20.406394+01	\N	018e6ab2-66b6-78fb-bd77-c23bd76fc9d0	PROJECT	\N
018e6b68-4a41-7d4a-8db5-045326de26b4	Test 2	NUMERIC	018e61da-976d-7fca-9165-3e872014d47f	2024-03-23 14:03:00.666577+01	\N	018e6b68-0c99-7c5c-b018-59d2cd76805a	PROJECT	\N
018e7abb-d295-7a33-8d30-4632194f9d48	Cats	CATEGORY	018e61da-976d-7fca-9165-3e872014d47f	2024-03-26 13:28:33.281963+01	\N	018e7abb-d285-7131-bbfe-07d12658ea4f	PROJECT	\N
018e7b14-639a-70bb-88db-6f25e3690e82	HouseBlocks	CATEGORY	018e61da-976d-7fca-9165-3e872014d47f	2024-03-26 15:05:17.594256+01	\N	018e7b14-639a-7e3b-9302-ab733d887bc4	WONINGBLOK	\N
018e7b14-cdca-7274-9a6e-bc8f288dda7f	ExtraFloor	BOOLEAN	018e61da-976d-7fca-9165-3e872014d47f	2024-03-26 15:05:44.777016+01	\N	018e7b14-cdc9-7909-b6d6-61bd061ac7cd	WONINGBLOK	\N
018e7b15-11b2-7191-ab58-122e7365fd79	SmallChanges	TEXT	018e61da-976d-7fca-9165-3e872014d47f	2024-03-26 15:06:02.162402+01	\N	018e7b15-11b2-7eed-8867-c874b554c54f	WONINGBLOK	\N
018e7f80-c83d-7e6f-92b1-a3d551f3c41c	projectboolean	BOOLEAN	018e61da-976d-7fca-9165-3e872014d47f	2024-03-27 11:42:10.108788+01	\N	018e7f80-c83c-7bb9-b8d3-9975fb539e70	PROJECT	\N
0762c9e5-be8f-4abc-b73c-f9707646dd12	targetGroup	CATEGORY	7ad8f82b-3e04-4c4e-aa59-bf9098c99377	2024-04-15 09:13:28.464549+02	\N	568ff9b5-8491-41a2-8e37-af40212b070a	WONINGBLOK	\N
47ad5969-d5e0-4423-b7dd-4d8dab4c9025	physicalAppearance	CATEGORY	7ad8f82b-3e04-4c4e-aa59-bf9098c99377	2024-04-15 09:13:28.491909+02	\N	3960379a-526d-4296-a10c-b92db7c8f3c9	WONINGBLOK	\N
f4306a8a-cab7-4074-949e-817fe0b77bcc	municipality	CATEGORY	7ad8f82b-3e04-4c4e-aa59-bf9098c99377	2024-04-22 16:30:40.417353+02	\N	1b6cf297-bf64-4f3f-b200-a8ffaba83654	PROJECT	\N
566481e1-e299-4f98-8969-adc236051335	district	CATEGORY	7ad8f82b-3e04-4c4e-aa59-bf9098c99377	2024-04-22 16:30:40.417353+02	\N	166c5f19-ef23-41af-8495-32c2b90e9638	PROJECT	\N
fb1e4173-f75e-4e81-a337-8032a22eae09	neighbourhood	CATEGORY	7ad8f82b-3e04-4c4e-aa59-bf9098c99377	2024-04-22 16:30:40.417353+02	\N	26d1b3ef-641f-4224-800c-296a4ecc9528	PROJECT	\N
5f563856-0fc2-4f4e-8d85-6c333962797d	municipalityRole	CATEGORY	7ad8f82b-3e04-4c4e-aa59-bf9098c99377	2024-04-22 16:30:40.532606+02	\N	872a8db1-9d97-48bb-828f-2a457d514d03	PROJECT	\N
646ff0fb-1b66-4633-a2a8-ae6e318501c0	priority	ORDINAL	7ad8f82b-3e04-4c4e-aa59-bf9098c99377	2024-04-22 16:30:40.599186+02	\N	af2bef00-87ba-4c7c-a927-916d5f03ce94	PROJECT	\N
fa29bfbb-e5a6-469e-926d-ccf5e262eba0	geometry	TEXT	7ad8f82b-3e04-4c4e-aa59-bf9098c99377	2024-05-06 13:51:54.119335+02	\N	91ded971-4fdb-4366-ab36-37b1d821c6d6	PROJECT	\N
\.


--
-- Data for Name: software_module_rights; Type: TABLE DATA; Schema: diwi_testset; Owner: ali
--

COPY diwi_testset.software_module_rights (id, organization_id, software_module, confidentiality_level, create_user_id, change_start_date, change_end_date, software_rights, change_user_id) FROM stdin;
\.


--
-- Data for Name: user; Type: TABLE DATA; Schema: diwi_testset; Owner: ali
--

COPY diwi_testset."user" (id, system_user) FROM stdin;
7ad8f82b-3e04-4c4e-aa59-bf9098c99377	t
2122426c-6e70-419c-a054-f51dd24d798b	f
72efb41f-e4ac-439d-8c95-c498cef4af40	f
f0ee8f85-78a5-47a1-8eba-8a06a93f1eee	f
9caa1a9f-dd1f-4937-8d49-880894282cc2	f
018e61da-976d-7fca-9165-3e872014d47f	f
42af0060-057d-4e8d-a9e6-e345380cd099	f
232e05e5-e08e-4350-8cf2-7226a74cc5ea	f
\.


--
-- Data for Name: user_state; Type: TABLE DATA; Schema: diwi_testset; Owner: ali
--

COPY diwi_testset.user_state (id, user_id, create_user_id, change_start_date, change_end_date, identity_provider_id, last_name, first_name, change_user_id, role) FROM stdin;
31c34ed2-8750-4fdd-9d17-f7a8a0109535	f0ee8f85-78a5-47a1-8eba-8a06a93f1eee	2122426c-6e70-419c-a054-f51dd24d798b	2024-01-01 19:06:32+01	\N	ID2	White	Laura	\N	UserPlus
b0d57e9a-54b3-4b47-8b66-79c760483083	9caa1a9f-dd1f-4937-8d49-880894282cc2	2122426c-6e70-419c-a054-f51dd24d798b	2024-01-01 19:06:32+01	\N	ID3	Red	Mary	\N	UserPlus
4ec6731b-1dbd-479c-954c-bf10d20871e2	72efb41f-e4ac-439d-8c95-c498cef4af40	2122426c-6e70-419c-a054-f51dd24d798b	2024-01-01 19:06:32+01	\N	ID1	Storm	Charlie	\N	UserPlus
018e61da-9775-77eb-9751-1632ca91fd66	018e61da-976d-7fca-9165-3e872014d47f	7ad8f82b-3e04-4c4e-aa59-bf9098c99377	2024-03-21 17:31:39.34646+01	\N	ID4	Min	Ad	\N	UserPlus
42af0060-057d-4e8d-a9e6-e345380cd099	42af0060-057d-4e8d-a9e6-e345380cd099	7ad8f82b-3e04-4c4e-aa59-bf9098c99377	2024-03-22 23:47:39.856519+01	\N		ID5	Demo user	\N	UserPlus
232e05e5-e08e-4350-8cf2-7226a74cc5ea	232e05e5-e08e-4350-8cf2-7226a74cc5ea	7ad8f82b-3e04-4c4e-aa59-bf9098c99377	2024-03-22 23:47:39.856519+01	\N		ID6	Demo user	\N	UserPlus
\.


--
-- Data for Name: user_to_organization; Type: TABLE DATA; Schema: diwi_testset; Owner: ali
--

COPY diwi_testset.user_to_organization (id, user_id, organization_id, create_user_id, change_start_date, change_end_date, change_user_id) FROM stdin;
1a18eee3-821e-4942-a7a9-3e6bbda1739a	72efb41f-e4ac-439d-8c95-c498cef4af40	018d1d85-639f-701c-b73f-0f35f98409bc	2122426c-6e70-419c-a054-f51dd24d798b	2024-01-01 19:06:32+01	\N	\N
523f040f-76a5-454b-aafc-58a50f523728	f0ee8f85-78a5-47a1-8eba-8a06a93f1eee	018d1d85-639f-701c-b73f-0f35f98409bc	2122426c-6e70-419c-a054-f51dd24d798b	2024-01-01 19:06:32+01	\N	\N
82feaa13-97aa-4982-8463-b9ed3c2ed9de	f0ee8f85-78a5-47a1-8eba-8a06a93f1eee	a0fd243b-667b-428e-a3f1-bb0fcee141d9	2122426c-6e70-419c-a054-f51dd24d798b	2024-01-01 19:06:32+01	\N	\N
2f3aa610-5390-484b-868f-6514e56dff73	9caa1a9f-dd1f-4937-8d49-880894282cc2	a0fd243b-667b-428e-a3f1-bb0fcee141d9	2122426c-6e70-419c-a054-f51dd24d798b	2024-01-01 19:06:32+01	\N	\N
018e61da-9776-7485-af7f-d1760ac24e9a	018e61da-976d-7fca-9165-3e872014d47f	018e61da-9776-7d52-ac35-89f17d79669e	7ad8f82b-3e04-4c4e-aa59-bf9098c99377	2024-03-21 17:31:39.34646+01	\N	\N
42af0060-057d-4e8d-a9e6-e345380cd099	42af0060-057d-4e8d-a9e6-e345380cd099	42af0060-057d-4e8d-a9e6-e345380cd099	7ad8f82b-3e04-4c4e-aa59-bf9098c99377	2024-03-22 23:47:39.856519+01	\N	\N
232e05e5-e08e-4350-8cf2-7226a74cc5ea	232e05e5-e08e-4350-8cf2-7226a74cc5ea	232e05e5-e08e-4350-8cf2-7226a74cc5ea	7ad8f82b-3e04-4c4e-aa59-bf9098c99377	2024-03-22 23:47:39.856519+01	\N	\N
\.


--
-- Data for Name: woningblok; Type: TABLE DATA; Schema: diwi_testset; Owner: ali
--

COPY diwi_testset.woningblok (id, project_id) FROM stdin;
8c401741-8c23-4cfd-ab49-b3b710758be2	466da5e2-c96f-4856-aa17-6b37a1c21edc
16dbf29e-bd3e-419e-9b2c-0bfd834c0d19	54a0c192-3454-4f7a-becd-96d214461987
7f402e53-7faf-4e1f-a5a9-2249682eef7c	54a0c192-3454-4f7a-becd-96d214461987
19950bd0-163d-421f-8022-a967edefef5c	54a0c192-3454-4f7a-becd-96d214461987
018e620d-0fb3-77fb-9a8d-aac310b3dadb	018e61e1-d224-76dd-95aa-4fa7dfe22816
018e6217-1ef9-7fb3-b48b-0536320f4e5f	018e61e1-d224-76dd-95aa-4fa7dfe22816
018e655d-7c9d-710c-84e9-a7b23c952ec7	018e654d-68e0-70c1-8ca1-acad5da87227
018e6560-758e-7ef9-868c-0d5eacea66d2	018e654d-68e0-70c1-8ca1-acad5da87227
018e6567-5cc6-759b-88c1-3fdeb9563668	018e6566-7c86-7689-a4cf-58f57a073d2a
018e657a-109d-79d2-a0e5-d55504eb0424	018e6566-7c86-7689-a4cf-58f57a073d2a
018e65d5-2dc4-76b6-840c-52294fc96553	018e61e1-d224-76dd-95aa-4fa7dfe22816
018e6a88-d65e-7cc7-9743-a542c02437df	018e6a86-fc0d-724c-9605-a7cc30c312b8
018e6ab6-e64a-78b6-b35d-96d6058294f7	018e6ab5-fa48-708a-8ead-5d42386fa500
018e6abb-06de-708c-842b-ea1594eebc57	018e6aba-aead-73e9-9253-373e654a2feb
018e6abd-c474-7580-b55b-d2e059bd65dc	018e6abc-e4b9-724b-a8b9-9301bdc8e3da
018e6aca-379a-7599-b741-1fc99f25cca3	018e6ac9-8d17-7b67-a4af-37004a445073
018e7b00-5468-71d6-85cf-802ec4493ba7	018e6548-0294-73e6-8535-38500033f66a
018e7b12-6b60-7d7b-8901-9a94147d7794	018e7b10-5624-78a3-89c7-36e649258a50
018e7f38-5675-7a43-ab3f-da43561b9f00	018e7f1e-b0de-79ff-9acd-9f0f5663bfc2
018e7f7a-5d16-715c-b193-6e49588c5d26	018e7f1e-b0de-79ff-9acd-9f0f5663bfc2
018e7f8d-8e37-7a66-8af4-50152e0c112f	018e7f8c-a20f-7ff5-909d-a97a037fe67a
018e7f9e-3f4c-794f-8d9c-e85f24d96699	018e7f9d-bdfc-7b7d-894b-80ca5a41bb74
018e7f9f-08dc-7f2e-aa79-5748fdeec979	018e7f9d-bdfc-7b7d-894b-80ca5a41bb74
018e7f9f-b66f-7914-80b9-dfaa52ed52c8	018e7f9d-bdfc-7b7d-894b-80ca5a41bb74
018e8562-6994-7721-945b-24804a15d293	018e8561-f1b3-76c9-bdea-acc905e43adf
018e8581-a868-7836-889d-cd0aeaca1cce	018e857b-bacc-7ec1-a1d0-9aadc458f24f
018e8583-ba18-79be-83d0-0de6fa254e5b	018e8582-c988-7609-b68d-8c2956410c2f
018e8ac2-479a-7062-b4ff-1f512a9d36ef	018e8ac2-0b95-71a2-8e4d-05f32b96917e
018e8ad3-8b3d-7163-9eb5-5281683b8bdd	018e8ac3-cd72-79a8-8dc6-e321e16b96d4
018e8afb-87aa-7618-877d-89762b73b7af	018e61e1-d224-76dd-95aa-4fa7dfe22816
018e8afc-dc65-7b6c-bdaf-d02c2caa7f4c	018e61e1-d224-76dd-95aa-4fa7dfe22816
018e8afd-fbe6-785e-9c0f-5213256d5128	018e8afd-8bd7-71e0-acdf-2aa8c6636361
018e8afe-5e4a-79bc-8aaf-0194ec5ed8b7	018e8afd-8bd7-71e0-acdf-2aa8c6636361
018e8b04-a754-7819-b721-501b0e59ab98	018e8afd-8bd7-71e0-acdf-2aa8c6636361
018e8b05-5e8d-79d5-94b6-a76c8fa176e2	018e8afd-8bd7-71e0-acdf-2aa8c6636361
018e8b0b-1058-7530-a5f8-3bf0a0ca6436	018e8afd-8bd7-71e0-acdf-2aa8c6636361
018e8b0b-969d-749b-8327-e5793146cf98	018e8afd-8bd7-71e0-acdf-2aa8c6636361
018f4e5f-ee8e-70c6-8eaa-8bc318c31e21	018e8abf-3935-7586-b28a-73cc454d16f6
0190022b-734b-7081-a43f-6181d03a3794	0190021f-55fa-7682-af92-3c52a4bb73ce
01900231-e884-7a0b-88e7-2daf4320cf35	01900231-c01d-790d-a094-d8749aaf6ec2
01900232-99fb-7c37-be0d-92ecbf6fb716	01900232-5bf1-7892-83ea-6d02c5dddca1
0190023b-e8d1-7a5f-9e1b-b5bf36e973ad	0190023b-c131-7a12-85d6-4283e13040ae
01900243-afc4-738d-9eb3-811a0f575ba8	01900243-87f4-7128-be39-608e2ee91e40
01900244-eb8f-7d63-9b6b-ba00ca1ccea1	01900244-c2e1-7719-adbb-01ec2d2ca73b
019002d0-9b28-75e5-9da0-84aebec5a5d9	019002d0-5bf1-7807-8a77-528f6e58bc15
019002d3-48c0-785b-bc2c-2771bae1e3ad	019002d3-0ce8-7d9c-bdd5-5213ff89182c
019002d4-dceb-77b6-bd11-92253519de89	019002d4-a001-747a-8c82-b37feb482e6c
01900396-bbdf-7bf8-9b13-c427efed4b5a	01900396-85df-7af3-8ef0-5ba3eff61f8c
01900397-f15b-792e-9d8f-f2ffacc24b56	01900397-bbc5-7b9f-a282-6c9d3cf92918
01900722-2582-7e23-9746-adccf379c7b1	01900721-ea95-7f44-a2c5-6ba1dc3fe7e2
01900739-9e65-7577-88f6-072daa804517	01900739-7129-77e9-8d70-1702ef8d3554
0190073a-5139-7a19-8b57-58f07fcbcf48	0190073a-0fb2-7eb3-bc6d-c1c6cf149abd
0190073b-e7cf-7d04-b562-e1e2c211ee62	0190073b-bed8-7444-9aca-440e5f9dc283
0190074b-e1a5-7064-bdfa-fccaa801509d	0190074b-9ef5-769d-8d06-9a2a1a79f838
01900770-c6f4-7b6d-8f5a-8293f1e8ff8f	01900770-9bec-72ff-a739-ab3ecf534b97
\.


--
-- Data for Name: woningblok_deliverydate_changelog; Type: TABLE DATA; Schema: diwi_testset; Owner: ali
--

COPY diwi_testset.woningblok_deliverydate_changelog (id, woningblok_id, start_milestone_id, end_milestone_id, latest_deliverydate, create_user_id, change_start_date, change_end_date, change_user_id, earliest_deliverydate) FROM stdin;
018e7b00-5468-7a9c-b34d-af5010e8dd7f	018e7b00-5468-71d6-85cf-802ec4493ba7	018e7b00-5467-7943-9bbf-1e60aae63e7f	018e7b00-5468-7f88-a5e5-6e7d42899c0c	2024-02-15	018e61da-976d-7fca-9165-3e872014d47f	2024-03-26 14:43:22.984141+01	\N	\N	2024-02-15
018e7b12-6b60-7da3-b66e-7bbe8c6fdbda	018e7b12-6b60-7d7b-8901-9a94147d7794	018e7b12-6b60-7f03-9f6d-c1700af2c043	018e7b12-6b60-7138-8e4c-984f121fb240	2024-05-31	018e61da-976d-7fca-9165-3e872014d47f	2024-03-26 15:03:08.512499+01	\N	\N	2024-05-31
018e7f38-5675-719a-99c7-1a41917fcc16	018e7f38-5675-7a43-ab3f-da43561b9f00	018e7f38-5675-7c01-9ca1-d384678dbffc	018e7f38-5675-7449-9d79-f2cb15b6fb81	2024-03-28	018e61da-976d-7fca-9165-3e872014d47f	2024-03-27 10:23:02.389368+01	\N	\N	2024-03-28
018e7f7a-5d16-7d15-b95c-1d7a8646a780	018e7f7a-5d16-715c-b193-6e49588c5d26	018e7f38-5675-7c01-9ca1-d384678dbffc	018e7f38-5675-7449-9d79-f2cb15b6fb81	2024-03-28	018e61da-976d-7fca-9165-3e872014d47f	2024-03-27 11:35:09.462233+01	\N	\N	2024-03-28
018e7f8d-8e37-75cb-b765-9ae30a0bda82	018e7f8d-8e37-7a66-8af4-50152e0c112f	018e7f8d-8e36-77fa-82a3-792654f6b67d	018e7f8d-8e37-7551-9b72-63fcedaac440	2024-03-31	018e61da-976d-7fca-9165-3e872014d47f	2024-03-27 11:56:07.223445+01	\N	\N	2024-03-31
018e7f9e-3f4c-7e3a-86fc-056785722e6c	018e7f9e-3f4c-794f-8d9c-e85f24d96699	018e7f9e-3f4c-7945-831a-73bacabeec76	018e7f9e-3f4c-7762-9717-b7c92126962c	2024-03-31	018e61da-976d-7fca-9165-3e872014d47f	2024-03-27 12:14:21.132722+01	\N	\N	2024-03-31
018e7f9f-08dc-7b92-ad55-b3f41afa9fc3	018e7f9f-08dc-7f2e-aa79-5748fdeec979	018e7f9e-3f4c-7945-831a-73bacabeec76	018e7f9e-3f4c-7762-9717-b7c92126962c	2024-03-31	018e61da-976d-7fca-9165-3e872014d47f	2024-03-27 12:15:12.731984+01	\N	\N	2024-03-31
018e7f9f-b66f-7c38-8340-bd703bdef8aa	018e7f9f-b66f-7914-80b9-dfaa52ed52c8	018e7f9e-3f4c-7945-831a-73bacabeec76	018e7f9e-3f4c-7762-9717-b7c92126962c	2024-03-31	018e61da-976d-7fca-9165-3e872014d47f	2024-03-27 12:15:57.167626+01	\N	\N	2024-03-31
018e8562-6994-7fd3-a298-a3f3eaead7de	018e8562-6994-7721-945b-24804a15d293	018e8562-6993-7280-9a0e-699fa2d3d1aa	018e8562-6993-7025-8a49-d8daa6bbad69	2024-03-31	018e61da-976d-7fca-9165-3e872014d47f	2024-03-28 15:06:43.091965+01	\N	\N	2024-03-31
018e8581-a869-7b2c-8c38-c9cc30cfeae6	018e8581-a868-7836-889d-cd0aeaca1cce	018e8581-a868-7b73-9d5c-bb33172894ee	018e8581-a868-767d-ae3e-d8cae764ddd6	2024-03-31	018e61da-976d-7fca-9165-3e872014d47f	2024-03-28 15:40:50.792609+01	\N	\N	2024-03-31
018e8583-ba18-7bcb-8ab0-73f491dedc33	018e8583-ba18-79be-83d0-0de6fa254e5b	018e8583-ba17-7254-9666-95587ce3e88b	018e8583-ba18-75eb-b6af-95cc7bce8857	2024-03-31	018e61da-976d-7fca-9165-3e872014d47f	2024-03-28 15:43:06.392112+01	2024-03-29 08:44:37.803507+01	018e61da-976d-7fca-9165-3e872014d47f	2024-03-31
018e892a-f647-765b-8683-6c8960078045	018e8583-ba18-79be-83d0-0de6fa254e5b	018e892a-f5b6-70b1-9ac6-9bd4eb9498c4	018e892a-f542-784c-9097-e5d5c830a820	2024-03-31	018e61da-976d-7fca-9165-3e872014d47f	2024-03-29 08:44:37.959822+01	\N	\N	2024-03-31
018e892a-f647-7eba-aabb-16023042f2c6	018e8583-ba18-79be-83d0-0de6fa254e5b	018e892a-f542-784c-9097-e5d5c830a820	018e892a-f640-7b45-8a80-8fde2832099f	2024-03-30	018e61da-976d-7fca-9165-3e872014d47f	2024-03-29 08:44:37.959745+01	\N	\N	2024-03-30
018e892a-f5ca-753c-9276-0f2a74970c3d	018e8583-ba18-79be-83d0-0de6fa254e5b	018e892a-f5b6-70b1-9ac6-9bd4eb9498c4	018e8583-ba18-75eb-b6af-95cc7bce8857	2024-03-31	018e61da-976d-7fca-9165-3e872014d47f	2024-03-29 08:44:37.803507+01	2024-03-29 08:44:37.959992+01	018e61da-976d-7fca-9165-3e872014d47f	2024-03-31
018e8ac2-479d-7bd4-8d77-b9884dfcf794	018e8ac2-479a-7062-b4ff-1f512a9d36ef	018e8ac2-0bb9-7b24-9487-c2ff0ccb8fe8	018e8ac2-0bc4-7288-8a93-2ce056c11e3b	2024-03-31	018e61da-976d-7fca-9165-3e872014d47f	2024-03-29 16:09:31.929923+01	\N	\N	2024-03-31
018e8ad3-8b3e-78d9-b34a-c35ed27dc604	018e8ad3-8b3d-7163-9eb5-5281683b8bdd	018e8ad3-8b3c-7928-b96f-ac3ad1abc2d2	018e8ad3-8b3d-76cd-acd7-5e792350a2cd	2024-03-30	018e61da-976d-7fca-9165-3e872014d47f	2024-03-29 16:28:23.357175+01	\N	\N	2024-03-30
018e8afb-87aa-7a63-8f03-433e50843545	018e8afb-87aa-7618-877d-89762b73b7af	018e8afb-87a8-7c37-9cb9-c92b3d8dd223	018e8afb-87a9-7a2a-a227-19fef97c26bb	2024-03-31	018e61da-976d-7fca-9165-3e872014d47f	2024-03-29 17:12:03.882029+01	\N	\N	2024-03-31
018e8afc-dc65-706f-bc21-f3fa1ae97a03	018e8afc-dc65-7b6c-bdaf-d02c2caa7f4c	018e8afc-dc64-7d12-970c-2b90d288804e	018e8afb-87a9-7a2a-a227-19fef97c26bb	2024-03-31	018e61da-976d-7fca-9165-3e872014d47f	2024-03-29 17:13:31.109228+01	\N	\N	2024-03-31
018e8afd-fbe7-7e76-88d2-6924925a9f38	018e8afd-fbe6-785e-9c0f-5213256d5128	018e8afd-8bd7-7eb6-8eca-8201421b2953	018e8afd-8bd7-71d9-b8cb-4dfb9629b8f3	2024-03-31	018e61da-976d-7fca-9165-3e872014d47f	2024-03-29 17:14:44.710417+01	\N	\N	2024-03-31
018e8afe-5e4a-7203-a9e0-8166881cbb5c	018e8afe-5e4a-79bc-8aaf-0194ec5ed8b7	018e8afd-8bd7-7eb6-8eca-8201421b2953	018e8afd-8bd7-71d9-b8cb-4dfb9629b8f3	2024-03-31	018e61da-976d-7fca-9165-3e872014d47f	2024-03-29 17:15:09.89833+01	\N	\N	2024-03-31
018e8b04-a754-7c9d-b5af-50579973d805	018e8b04-a754-7819-b721-501b0e59ab98	018e8b04-a753-7825-95fd-eb85e7e0ab71	018e8afd-8bd7-71d9-b8cb-4dfb9629b8f3	2024-03-31	018e61da-976d-7fca-9165-3e872014d47f	2024-03-29 17:22:01.812043+01	\N	\N	2024-03-31
018e8b05-5e8e-7f2e-b8ea-d8342a5b3115	018e8b05-5e8d-79d5-94b6-a76c8fa176e2	018e8b04-a753-7825-95fd-eb85e7e0ab71	018e8afd-8bd7-71d9-b8cb-4dfb9629b8f3	2024-03-31	018e61da-976d-7fca-9165-3e872014d47f	2024-03-29 17:22:48.716475+01	\N	\N	2024-03-31
018e8b0b-1058-70c3-b353-da076b76079e	018e8b0b-1058-7530-a5f8-3bf0a0ca6436	018e8afd-8bd7-7eb6-8eca-8201421b2953	018e8b0b-1058-723d-8674-884ceff6ea04	2024-03-29	018e61da-976d-7fca-9165-3e872014d47f	2024-03-29 17:29:01.912376+01	\N	\N	2024-03-29
018e8b0b-969d-7ea7-8e2d-9fda1103bf17	018e8b0b-969d-749b-8327-e5793146cf98	018e8afd-8bd7-7eb6-8eca-8201421b2953	018e8b0b-1058-723d-8674-884ceff6ea04	2024-03-29	018e61da-976d-7fca-9165-3e872014d47f	2024-03-29 17:29:36.285256+01	\N	\N	2024-03-29
018f4e5f-ee8f-704d-a6f4-98f74e781af1	018f4e5f-ee8e-70c6-8eaa-8bc318c31e21	018e8abf-3936-7b9b-88af-f02cf4a28bf7	018e8abf-3936-76e6-9cd1-c96b976320ef	2024-06-30	018e61da-976d-7fca-9165-3e872014d47f	2024-05-06 16:47:40.942496+02	\N	\N	2024-06-30
0190022b-734d-792b-9c2d-b378fc4a58f6	0190022b-734b-7081-a43f-6181d03a3794	0190021f-55fa-7e92-bf7d-5828e8adec6c	0190021f-55fa-7cde-8f03-ac35f9d99ea9	2025-01-01	018e61da-976d-7fca-9165-3e872014d47f	2024-06-10 14:42:00.39581+02	\N	\N	2025-01-01
01900231-e884-74b5-84d9-46e7afa4b8b0	01900231-e884-7a0b-88e7-2daf4320cf35	01900231-c01d-7608-8bfc-953aab2933fa	01900231-c01d-7cbc-991d-291b604242b6	2025-01-01	018e61da-976d-7fca-9165-3e872014d47f	2024-06-10 14:49:03.620378+02	\N	\N	2025-01-01
01900232-99fb-7cc0-9235-f4f66c069ae2	01900232-99fb-7c37-be0d-92ecbf6fb716	01900232-5bf2-7721-86b2-1886149a9f6a	01900232-5bf2-7dda-a25a-490fd391a4cf	2025-01-01	018e61da-976d-7fca-9165-3e872014d47f	2024-06-10 14:49:49.051223+02	\N	\N	2025-01-01
0190023b-e8d1-72b6-9d5d-59c4cb0b5a23	0190023b-e8d1-7a5f-9e1b-b5bf36e973ad	0190023b-c131-7ab1-acb7-bcb70d47e6a0	0190023b-c131-7953-be79-98eed72b10a9	2025-01-01	018e61da-976d-7fca-9165-3e872014d47f	2024-06-10 14:59:59.05723+02	\N	\N	2025-01-01
01900243-afc4-7cd9-a10b-26b05de8f641	01900243-afc4-738d-9eb3-811a0f575ba8	01900243-87f4-7ce5-a3e6-6859ce3f57ef	01900243-87f4-7f73-80d6-3837a993a75d	2025-01-01	018e61da-976d-7fca-9165-3e872014d47f	2024-06-10 15:08:28.740652+02	\N	\N	2025-01-01
01900244-eb8f-71b5-927e-4da4b680e226	01900244-eb8f-7d63-9b6b-ba00ca1ccea1	01900244-c2e1-75fc-8b55-c32627e04991	01900244-c2e1-7bd7-85ea-132c3f1c63c1	2025-01-01	018e61da-976d-7fca-9165-3e872014d47f	2024-06-10 15:09:49.583809+02	\N	\N	2025-01-01
019002d0-9b28-77c2-9ad1-5ba5bb1859d6	019002d0-9b28-75e5-9da0-84aebec5a5d9	019002d0-5bf1-74dc-ada9-e0660d7c4317	019002d0-5bf1-7e8c-8ec8-acf5b4ca6c57	2025-01-01	018e61da-976d-7fca-9165-3e872014d47f	2024-06-10 17:42:24.040404+02	\N	\N	2025-01-01
019002d3-48c0-7487-bdaf-45ab76a333cb	019002d3-48c0-785b-bc2c-2771bae1e3ad	019002d3-0ce8-7afc-8901-8f7333598585	019002d3-0ce8-781c-a8fc-b01925c826dd	2025-01-01	018e61da-976d-7fca-9165-3e872014d47f	2024-06-10 17:45:19.552064+02	\N	\N	2025-01-01
019002d4-dceb-74f8-a396-c1f7a654df48	019002d4-dceb-77b6-bd11-92253519de89	019002d4-a001-7bd3-91ee-c84b409325cd	019002d4-a001-723a-b300-9be7be1a2388	2025-01-01	018e61da-976d-7fca-9165-3e872014d47f	2024-06-10 17:47:03.019603+02	\N	\N	2025-01-01
01900396-bbe0-7e92-b215-5acd8063d9cd	01900396-bbdf-7bf8-9b13-c427efed4b5a	01900396-85e8-7c9e-8cb6-55121b2c71ca	01900396-85e8-7c96-b65f-d28fbcc818c5	2025-01-01	018e61da-976d-7fca-9165-3e872014d47f	2024-06-10 21:18:48.542858+02	\N	\N	2025-01-01
01900397-f15b-7044-b065-a394be537745	01900397-f15b-792e-9d8f-f2ffacc24b56	01900397-bbc5-73d7-8f31-ecdac84693b3	01900397-bbc5-79c9-8649-2aa88b80c0ad	2025-01-01	018e61da-976d-7fca-9165-3e872014d47f	2024-06-10 21:20:07.771131+02	\N	\N	2025-01-01
01900722-2584-722a-bfc7-96644fcbcfc8	01900722-2582-7e23-9746-adccf379c7b1	01900721-ea95-7f92-96a8-a0cb207afe90	01900721-ea96-7813-b35c-953fddb9cf94	2025-01-01	018e61da-976d-7fca-9165-3e872014d47f	2024-06-11 13:49:56.738131+02	\N	\N	2025-01-01
01900739-9e66-76b1-a041-4925edda77bf	01900739-9e65-7577-88f6-072daa804517	01900739-7129-7015-a838-424d222b9387	01900739-7129-7cbf-b230-fcf393986e6d	2025-01-01	018e61da-976d-7fca-9165-3e872014d47f	2024-06-11 14:15:35.013825+02	\N	\N	2025-01-01
0190073a-5139-75ca-91fc-db81f638b06d	0190073a-5139-7a19-8b57-58f07fcbcf48	0190073a-0fb2-7b3c-a8c7-09ff305da4c0	0190073a-0fb2-70cc-ab49-14bcd488266d	2025-01-01	018e61da-976d-7fca-9165-3e872014d47f	2024-06-11 14:16:20.792897+02	\N	\N	2025-01-01
0190073b-e7cf-76cd-8708-09077834f4a4	0190073b-e7cf-7d04-b562-e1e2c211ee62	0190073b-bed9-7c59-a922-c188b71b346a	0190073b-bed9-7144-a2b1-e14c1bf8738f	2025-01-01	018e61da-976d-7fca-9165-3e872014d47f	2024-06-11 14:18:04.878941+02	\N	\N	2025-01-01
0190074b-e1a5-76b9-9296-a4e1eb3af56f	0190074b-e1a5-7064-bdfa-fccaa801509d	0190074b-9ef5-76b8-ba40-4f58e452d3fd	0190074b-9ef5-77d8-a5a2-f023c68ac578	2025-01-01	018e61da-976d-7fca-9165-3e872014d47f	2024-06-11 14:35:31.877545+02	\N	\N	2025-01-01
01900770-c6f4-785d-b364-bd105143699b	01900770-c6f4-7b6d-8f5a-8293f1e8ff8f	01900770-9bec-7315-8de0-ec01bfea203e	01900770-9bec-77f8-89ca-41b649267114	2025-01-01	018e61da-976d-7fca-9165-3e872014d47f	2024-06-11 15:15:49.876097+02	\N	\N	2025-01-01
\.


--
-- Data for Name: woningblok_doelgroep_changelog; Type: TABLE DATA; Schema: diwi_testset; Owner: ali
--

COPY diwi_testset.woningblok_doelgroep_changelog (id, woningblok_id, start_milestone_id, end_milestone_id, create_user_id, change_start_date, change_end_date, change_user_id) FROM stdin;
b44386c9-3ebb-4168-aac6-ca6bc751fa42	16dbf29e-bd3e-419e-9b2c-0bfd834c0d19	ee3cbe15-7a5d-42c6-a807-0a7593a24d4f	342887ab-2106-45c4-9565-a4b83f4d3362	2122426c-6e70-419c-a054-f51dd24d798b	2024-03-21 17:31:19.957521+01	\N	\N
018e6583-3d1a-704a-b636-539a62f2afea	018e6567-5cc6-759b-88c1-3fdeb9563668	018e656d-591d-7f2f-b8da-35cdf53a3eba	018e6567-5cc6-7d13-b704-f7658a9f9a65	018e61da-976d-7fca-9165-3e872014d47f	2024-03-22 10:34:43.480568+01	\N	\N
018e6a88-d662-7ea1-8833-99764c69bb02	018e6a88-d65e-7cc7-9743-a542c02437df	018e6a88-d65e-73af-85a5-0b5b048702c8	018e6a88-d65e-73a1-a14a-0e6a0eb6a745	018e61da-976d-7fca-9165-3e872014d47f	2024-03-23 09:58:56.478706+01	\N	\N
018e7b12-6b61-7443-8b2d-417710c8a45f	018e7b12-6b60-7d7b-8901-9a94147d7794	018e7b12-6b60-7f03-9f6d-c1700af2c043	018e7b12-6b60-7138-8e4c-984f121fb240	018e61da-976d-7fca-9165-3e872014d47f	2024-03-26 15:03:08.512499+01	\N	\N
018e7f38-5676-71e6-a36c-a3c6ad45070c	018e7f38-5675-7a43-ab3f-da43561b9f00	018e7f38-5675-7c01-9ca1-d384678dbffc	018e7f38-5675-7449-9d79-f2cb15b6fb81	018e61da-976d-7fca-9165-3e872014d47f	2024-03-27 10:23:02.389368+01	\N	\N
018e8583-ba1a-78e1-84f3-44511cc8265b	018e8583-ba18-79be-83d0-0de6fa254e5b	018e8583-ba17-7254-9666-95587ce3e88b	018e8583-ba18-75eb-b6af-95cc7bce8857	018e61da-976d-7fca-9165-3e872014d47f	2024-03-28 15:43:06.392112+01	2024-03-29 08:44:37.803507+01	018e61da-976d-7fca-9165-3e872014d47f
018e892a-f64b-7b52-bb22-88b088dcdaa1	018e8583-ba18-79be-83d0-0de6fa254e5b	018e892a-f5b6-70b1-9ac6-9bd4eb9498c4	018e892a-f640-7b45-8a80-8fde2832099f	018e61da-976d-7fca-9165-3e872014d47f	2024-03-29 08:44:37.939365+01	\N	\N
018e892a-f5ce-7e0d-984e-44b705a62897	018e8583-ba18-79be-83d0-0de6fa254e5b	018e892a-f5b6-70b1-9ac6-9bd4eb9498c4	018e8583-ba18-75eb-b6af-95cc7bce8857	018e61da-976d-7fca-9165-3e872014d47f	2024-03-29 08:44:37.803507+01	2024-03-29 08:44:37.939365+01	018e61da-976d-7fca-9165-3e872014d47f
018ee09c-2a1c-7cd4-b76a-144bfc8841f2	018e8581-a868-7836-889d-cd0aeaca1cce	018e8581-a868-7b73-9d5c-bb33172894ee	018e8581-a868-767d-ae3e-d8cae764ddd6	018e61da-976d-7fca-9165-3e872014d47f	2024-04-15 09:15:14.575654+02	\N	\N
018f4e5f-eeb7-7b77-bd95-3f056d35ea1b	018f4e5f-ee8e-70c6-8eaa-8bc318c31e21	018e8abf-3936-7b9b-88af-f02cf4a28bf7	018e8abf-3936-76e6-9cd1-c96b976320ef	018e61da-976d-7fca-9165-3e872014d47f	2024-05-06 16:47:40.942496+02	\N	\N
0190022b-734e-788e-83ed-864daca1adaf	0190022b-734b-7081-a43f-6181d03a3794	0190021f-55fa-7e92-bf7d-5828e8adec6c	0190021f-55fa-7cde-8f03-ac35f9d99ea9	018e61da-976d-7fca-9165-3e872014d47f	2024-06-10 14:42:00.39581+02	\N	\N
01900231-e885-7142-b6a0-a7f89fc17001	01900231-e884-7a0b-88e7-2daf4320cf35	01900231-c01d-7608-8bfc-953aab2933fa	01900231-c01d-7cbc-991d-291b604242b6	018e61da-976d-7fca-9165-3e872014d47f	2024-06-10 14:49:03.620378+02	\N	\N
01900232-99fb-74de-8b29-2fd4fba91af5	01900232-99fb-7c37-be0d-92ecbf6fb716	01900232-5bf2-7721-86b2-1886149a9f6a	01900232-5bf2-7dda-a25a-490fd391a4cf	018e61da-976d-7fca-9165-3e872014d47f	2024-06-10 14:49:49.051223+02	\N	\N
0190023b-e8d2-731b-86fb-1889fc002c98	0190023b-e8d1-7a5f-9e1b-b5bf36e973ad	0190023b-c131-7ab1-acb7-bcb70d47e6a0	0190023b-c131-7953-be79-98eed72b10a9	018e61da-976d-7fca-9165-3e872014d47f	2024-06-10 14:59:59.05723+02	\N	\N
01900243-afc5-754f-9aff-d8a9b29b2844	01900243-afc4-738d-9eb3-811a0f575ba8	01900243-87f4-7ce5-a3e6-6859ce3f57ef	01900243-87f4-7f73-80d6-3837a993a75d	018e61da-976d-7fca-9165-3e872014d47f	2024-06-10 15:08:28.740652+02	\N	\N
01900244-eb90-72bc-a04f-44b7eaa34ee7	01900244-eb8f-7d63-9b6b-ba00ca1ccea1	01900244-c2e1-75fc-8b55-c32627e04991	01900244-c2e1-7bd7-85ea-132c3f1c63c1	018e61da-976d-7fca-9165-3e872014d47f	2024-06-10 15:09:49.583809+02	\N	\N
019002d0-9b29-799f-a1c1-7154df507750	019002d0-9b28-75e5-9da0-84aebec5a5d9	019002d0-5bf1-74dc-ada9-e0660d7c4317	019002d0-5bf1-7e8c-8ec8-acf5b4ca6c57	018e61da-976d-7fca-9165-3e872014d47f	2024-06-10 17:42:24.040404+02	\N	\N
019002d3-48c0-70f9-95f4-3b43327c9f9c	019002d3-48c0-785b-bc2c-2771bae1e3ad	019002d3-0ce8-7afc-8901-8f7333598585	019002d3-0ce8-781c-a8fc-b01925c826dd	018e61da-976d-7fca-9165-3e872014d47f	2024-06-10 17:45:19.552064+02	\N	\N
019002d4-dcec-7c92-b6a6-1db1f9282c57	019002d4-dceb-77b6-bd11-92253519de89	019002d4-a001-7bd3-91ee-c84b409325cd	019002d4-a001-723a-b300-9be7be1a2388	018e61da-976d-7fca-9165-3e872014d47f	2024-06-10 17:47:03.019603+02	\N	\N
01900396-bbe2-75ff-a5e6-15300ead2278	01900396-bbdf-7bf8-9b13-c427efed4b5a	01900396-85e8-7c9e-8cb6-55121b2c71ca	01900396-85e8-7c96-b65f-d28fbcc818c5	018e61da-976d-7fca-9165-3e872014d47f	2024-06-10 21:18:48.542858+02	\N	\N
01900397-f15d-7f05-b0a0-2f0322430064	01900397-f15b-792e-9d8f-f2ffacc24b56	01900397-bbc5-73d7-8f31-ecdac84693b3	01900397-bbc5-79c9-8649-2aa88b80c0ad	018e61da-976d-7fca-9165-3e872014d47f	2024-06-10 21:20:07.771131+02	\N	\N
01900722-258e-7896-b7da-ba4159a4e507	01900722-2582-7e23-9746-adccf379c7b1	01900721-ea95-7f92-96a8-a0cb207afe90	01900721-ea96-7813-b35c-953fddb9cf94	018e61da-976d-7fca-9165-3e872014d47f	2024-06-11 13:49:56.738131+02	\N	\N
01900739-9e66-7c8d-904a-d140e0ba127c	01900739-9e65-7577-88f6-072daa804517	01900739-7129-7015-a838-424d222b9387	01900739-7129-7cbf-b230-fcf393986e6d	018e61da-976d-7fca-9165-3e872014d47f	2024-06-11 14:15:35.013825+02	\N	\N
0190073a-513a-7a73-b49e-37d8c8a15ef5	0190073a-5139-7a19-8b57-58f07fcbcf48	0190073a-0fb2-7b3c-a8c7-09ff305da4c0	0190073a-0fb2-70cc-ab49-14bcd488266d	018e61da-976d-7fca-9165-3e872014d47f	2024-06-11 14:16:20.792897+02	\N	\N
0190073b-e7d1-7d65-8a0f-f7e34e3ee1d0	0190073b-e7cf-7d04-b562-e1e2c211ee62	0190073b-bed9-7c59-a922-c188b71b346a	0190073b-bed9-7144-a2b1-e14c1bf8738f	018e61da-976d-7fca-9165-3e872014d47f	2024-06-11 14:18:04.878941+02	\N	\N
0190074b-e1a6-759f-8b09-5ee77a6ea0f0	0190074b-e1a5-7064-bdfa-fccaa801509d	0190074b-9ef5-76b8-ba40-4f58e452d3fd	0190074b-9ef5-77d8-a5a2-f023c68ac578	018e61da-976d-7fca-9165-3e872014d47f	2024-06-11 14:35:31.877545+02	\N	\N
01900770-c6f4-77b9-aa92-412c22edb73b	01900770-c6f4-7b6d-8f5a-8293f1e8ff8f	01900770-9bec-7315-8de0-ec01bfea203e	01900770-9bec-77f8-89ca-41b649267114	018e61da-976d-7fca-9165-3e872014d47f	2024-06-11 15:15:49.876097+02	\N	\N
\.


--
-- Data for Name: woningblok_doelgroep_changelog_value; Type: TABLE DATA; Schema: diwi_testset; Owner: ali
--

COPY diwi_testset.woningblok_doelgroep_changelog_value (id, woningblok_doelgroep_changelog_id, amount, property_value_id) FROM stdin;
de2b5b08-db8f-4db4-bc6c-7c9349689165	b44386c9-3ebb-4168-aac6-ca6bc751fa42	3	3d12586e-7d07-446b-8f06-968282e85a2f
018e6a88-d662-7a2d-94fd-ec1f8397bf7e	018e6a88-d662-7ea1-8833-99764c69bb02	1	3d12586e-7d07-446b-8f06-968282e85a2f
018e7b12-6b61-77b7-ba2a-12030b469325	018e7b12-6b61-7443-8b2d-417710c8a45f	25	3d12586e-7d07-446b-8f06-968282e85a2f
018e8583-ba1a-74b8-8db8-d1546b77ccc4	018e8583-ba1a-78e1-84f3-44511cc8265b	1	3d12586e-7d07-446b-8f06-968282e85a2f
018e892a-f5ce-76c7-84d9-cb3ad4b8952d	018e892a-f5ce-7e0d-984e-44b705a62897	1	3d12586e-7d07-446b-8f06-968282e85a2f
018e892a-f64b-767d-9f60-a24e3c6f800f	018e892a-f64b-7b52-bb22-88b088dcdaa1	1	3d12586e-7d07-446b-8f06-968282e85a2f
25506e80-5286-4043-8392-8aa86a19baea	b44386c9-3ebb-4168-aac6-ca6bc751fa42	6	dc0aec70-343f-4b0a-85cd-f1f44c78fcc3
018e6583-3d1b-78c5-af72-d1e3204a993b	018e6583-3d1a-704a-b636-539a62f2afea	1	dc0aec70-343f-4b0a-85cd-f1f44c78fcc3
018e6a88-d662-7469-9d17-f8cd01e9053b	018e6a88-d662-7ea1-8833-99764c69bb02	1	dc0aec70-343f-4b0a-85cd-f1f44c78fcc3
018e7b12-6b61-7ba3-85a7-af3a5ff7c556	018e7b12-6b61-7443-8b2d-417710c8a45f	10	dc0aec70-343f-4b0a-85cd-f1f44c78fcc3
018e8583-ba1a-7f41-9cb9-0869b23af0ad	018e8583-ba1a-78e1-84f3-44511cc8265b	1	dc0aec70-343f-4b0a-85cd-f1f44c78fcc3
018e892a-f5cf-77d2-ba75-c05ffa820cbc	018e892a-f5ce-7e0d-984e-44b705a62897	1	dc0aec70-343f-4b0a-85cd-f1f44c78fcc3
018e892a-f64b-7739-a9a8-0bbdb6b074af	018e892a-f64b-7b52-bb22-88b088dcdaa1	1	dc0aec70-343f-4b0a-85cd-f1f44c78fcc3
3896ff5b-acc2-4907-8165-75cbedf4534f	b44386c9-3ebb-4168-aac6-ca6bc751fa42	9	f9f2466f-c712-48ca-9bda-5586e5beb914
018e7b12-6b61-7eea-af1a-1865c0aa96e8	018e7b12-6b61-7443-8b2d-417710c8a45f	1	f9f2466f-c712-48ca-9bda-5586e5beb914
018e7f38-5677-7292-ac77-858c6b3c6451	018e7f38-5676-71e6-a36c-a3c6ad45070c	2	f9f2466f-c712-48ca-9bda-5586e5beb914
018e8583-ba1a-754c-8723-183bf85c2ff7	018e8583-ba1a-78e1-84f3-44511cc8265b	1	f9f2466f-c712-48ca-9bda-5586e5beb914
018e892a-f5cf-76c7-a498-2e7a473d58a1	018e892a-f5ce-7e0d-984e-44b705a62897	1	f9f2466f-c712-48ca-9bda-5586e5beb914
018e892a-f64b-79c8-ae9a-753079bfb1d8	018e892a-f64b-7b52-bb22-88b088dcdaa1	1	f9f2466f-c712-48ca-9bda-5586e5beb914
46e70cfe-9519-4d9e-bb4e-a6840ed75731	b44386c9-3ebb-4168-aac6-ca6bc751fa42	12	7caa59b1-1799-4bcf-bbc8-05121fce975c
018e7b12-6b62-7c29-a31d-52132d21ed87	018e7b12-6b61-7443-8b2d-417710c8a45f	8	7caa59b1-1799-4bcf-bbc8-05121fce975c
018e8583-ba1a-758b-b7df-4006605136bc	018e8583-ba1a-78e1-84f3-44511cc8265b	1	7caa59b1-1799-4bcf-bbc8-05121fce975c
018e892a-f5cf-74cd-95b7-b871b1db6df6	018e892a-f5ce-7e0d-984e-44b705a62897	1	7caa59b1-1799-4bcf-bbc8-05121fce975c
018e892a-f64b-75cf-bb70-57fa8b8f9948	018e892a-f64b-7b52-bb22-88b088dcdaa1	1	7caa59b1-1799-4bcf-bbc8-05121fce975c
4db78b78-8341-43ff-bd49-52e67af336b3	b44386c9-3ebb-4168-aac6-ca6bc751fa42	15	419163a7-10f2-4925-96a8-ced828b99949
018e7b12-6b61-7010-b808-8c72f8bb97fe	018e7b12-6b61-7443-8b2d-417710c8a45f	2	419163a7-10f2-4925-96a8-ced828b99949
018e8583-ba1a-73e5-a724-84b13429f91e	018e8583-ba1a-78e1-84f3-44511cc8265b	1	419163a7-10f2-4925-96a8-ced828b99949
018e892a-f5cf-7693-99b2-6f908e2c02e8	018e892a-f5ce-7e0d-984e-44b705a62897	1	419163a7-10f2-4925-96a8-ced828b99949
018e892a-f64b-7445-9b1f-c31c8334a1e1	018e892a-f64b-7b52-bb22-88b088dcdaa1	1	419163a7-10f2-4925-96a8-ced828b99949
46340e62-0ea4-4986-a422-1cdea0c9a4c7	b44386c9-3ebb-4168-aac6-ca6bc751fa42	18	49f9846a-616a-4fc9-8f65-fb638d425601
018e6583-3d1a-78f6-a69f-0a3250450759	018e6583-3d1a-704a-b636-539a62f2afea	1	49f9846a-616a-4fc9-8f65-fb638d425601
018e6a88-d662-7b9f-adb9-cc4ee50f98f8	018e6a88-d662-7ea1-8833-99764c69bb02	1	49f9846a-616a-4fc9-8f65-fb638d425601
018e7b12-6b62-702a-a49b-db9039e91e45	018e7b12-6b61-7443-8b2d-417710c8a45f	3	49f9846a-616a-4fc9-8f65-fb638d425601
018e8583-ba1a-7777-ba4c-ccfae8795c7d	018e8583-ba1a-78e1-84f3-44511cc8265b	1	49f9846a-616a-4fc9-8f65-fb638d425601
018e892a-f5cf-7adc-adc3-a73d9f791be9	018e892a-f5ce-7e0d-984e-44b705a62897	1	49f9846a-616a-4fc9-8f65-fb638d425601
018e892a-f64b-78a9-9260-d2124d0931f8	018e892a-f64b-7b52-bb22-88b088dcdaa1	1	49f9846a-616a-4fc9-8f65-fb638d425601
018ee09c-2a24-73dd-837d-6943fb764616	018ee09c-2a1c-7cd4-b76a-144bfc8841f2	0	f9f2466f-c712-48ca-9bda-5586e5beb914
018ee09c-2a24-7a00-b5e9-a738729c3049	018ee09c-2a1c-7cd4-b76a-144bfc8841f2	0	3d12586e-7d07-446b-8f06-968282e85a2f
018ee09c-2a24-7fbf-aa7b-0e3943d15a36	018ee09c-2a1c-7cd4-b76a-144bfc8841f2	0	dc0aec70-343f-4b0a-85cd-f1f44c78fcc3
018ee09c-2a24-7691-af2f-cd36d74e31d2	018ee09c-2a1c-7cd4-b76a-144bfc8841f2	0	7caa59b1-1799-4bcf-bbc8-05121fce975c
018ee09c-2a24-737b-ab2b-24ee87dedfc4	018ee09c-2a1c-7cd4-b76a-144bfc8841f2	0	419163a7-10f2-4925-96a8-ced828b99949
018ee09c-2a24-78d7-9c19-e3e099189640	018ee09c-2a1c-7cd4-b76a-144bfc8841f2	0	49f9846a-616a-4fc9-8f65-fb638d425601
018f4e5f-eeb9-7f60-bd0b-cebc1373242a	018f4e5f-eeb7-7b77-bd95-3f056d35ea1b	0	f9f2466f-c712-48ca-9bda-5586e5beb914
018f4e5f-eeb9-7d99-a075-75ab2834cb22	018f4e5f-eeb7-7b77-bd95-3f056d35ea1b	0	dc0aec70-343f-4b0a-85cd-f1f44c78fcc3
018f4e5f-eeb9-72d9-9df1-8a2597704823	018f4e5f-eeb7-7b77-bd95-3f056d35ea1b	0	3d12586e-7d07-446b-8f06-968282e85a2f
018f4e5f-eeb9-792b-ab43-17e92a197d11	018f4e5f-eeb7-7b77-bd95-3f056d35ea1b	0	7caa59b1-1799-4bcf-bbc8-05121fce975c
018f4e5f-eeb9-7b86-9467-fe1bf7b3f07e	018f4e5f-eeb7-7b77-bd95-3f056d35ea1b	0	419163a7-10f2-4925-96a8-ced828b99949
018f4e5f-eeb9-7afc-8de7-407ed5049606	018f4e5f-eeb7-7b77-bd95-3f056d35ea1b	0	49f9846a-616a-4fc9-8f65-fb638d425601
0190022b-734e-7b5a-9e69-8e0029fa634a	0190022b-734e-788e-83ed-864daca1adaf	0	f9f2466f-c712-48ca-9bda-5586e5beb914
0190022b-734e-70f9-9328-615b8f0df2fb	0190022b-734e-788e-83ed-864daca1adaf	0	dc0aec70-343f-4b0a-85cd-f1f44c78fcc3
0190022b-734f-7585-944d-c2989f99428b	0190022b-734e-788e-83ed-864daca1adaf	0	3d12586e-7d07-446b-8f06-968282e85a2f
0190022b-734f-7ae0-95a0-ef450b924269	0190022b-734e-788e-83ed-864daca1adaf	0	7caa59b1-1799-4bcf-bbc8-05121fce975c
0190022b-734f-7e85-9edf-e6a76da05d9c	0190022b-734e-788e-83ed-864daca1adaf	0	419163a7-10f2-4925-96a8-ced828b99949
0190022b-734f-7d01-82d0-74bd7a40111a	0190022b-734e-788e-83ed-864daca1adaf	0	49f9846a-616a-4fc9-8f65-fb638d425601
01900231-e885-7706-b8ce-1b250bbb62f2	01900231-e885-7142-b6a0-a7f89fc17001	1	419163a7-10f2-4925-96a8-ced828b99949
01900231-e885-7811-b92d-415a72cc17cb	01900231-e885-7142-b6a0-a7f89fc17001	1	49f9846a-616a-4fc9-8f65-fb638d425601
01900231-e886-75d4-a594-cd40c64173de	01900231-e885-7142-b6a0-a7f89fc17001	1	dc0aec70-343f-4b0a-85cd-f1f44c78fcc3
01900231-e886-7b9e-9dc0-a00de5beac24	01900231-e885-7142-b6a0-a7f89fc17001	1	7caa59b1-1799-4bcf-bbc8-05121fce975c
01900231-e886-78c7-819e-ef1f891cfa1a	01900231-e885-7142-b6a0-a7f89fc17001	1	3d12586e-7d07-446b-8f06-968282e85a2f
01900231-e886-79e5-ab95-b03eb57f576f	01900231-e885-7142-b6a0-a7f89fc17001	1	f9f2466f-c712-48ca-9bda-5586e5beb914
01900232-99fb-705e-bcf9-34935487c443	01900232-99fb-74de-8b29-2fd4fba91af5	1	419163a7-10f2-4925-96a8-ced828b99949
01900232-99fb-71c0-a793-8ac4fc5e8e19	01900232-99fb-74de-8b29-2fd4fba91af5	1	49f9846a-616a-4fc9-8f65-fb638d425601
01900232-99fb-757a-bcf0-d4a4bfe67cb0	01900232-99fb-74de-8b29-2fd4fba91af5	1	dc0aec70-343f-4b0a-85cd-f1f44c78fcc3
01900232-99fb-712e-a0b1-156cdb341858	01900232-99fb-74de-8b29-2fd4fba91af5	1	7caa59b1-1799-4bcf-bbc8-05121fce975c
01900232-99fb-702c-a002-496128f3b3b5	01900232-99fb-74de-8b29-2fd4fba91af5	1	3d12586e-7d07-446b-8f06-968282e85a2f
01900232-99fb-7cb2-a0cd-976f3ad147ca	01900232-99fb-74de-8b29-2fd4fba91af5	1	f9f2466f-c712-48ca-9bda-5586e5beb914
0190023b-e8d2-7d6c-bf69-39f1ccef14c9	0190023b-e8d2-731b-86fb-1889fc002c98	1	419163a7-10f2-4925-96a8-ced828b99949
0190023b-e8d2-7051-b196-dedfcc99260c	0190023b-e8d2-731b-86fb-1889fc002c98	1	49f9846a-616a-4fc9-8f65-fb638d425601
0190023b-e8d2-723a-97bd-b0d7bd9afe55	0190023b-e8d2-731b-86fb-1889fc002c98	1	dc0aec70-343f-4b0a-85cd-f1f44c78fcc3
0190023b-e8d2-7f50-b267-cd451fb94f78	0190023b-e8d2-731b-86fb-1889fc002c98	1	7caa59b1-1799-4bcf-bbc8-05121fce975c
0190023b-e8d2-732f-ae9c-09503f66ba8e	0190023b-e8d2-731b-86fb-1889fc002c98	1	3d12586e-7d07-446b-8f06-968282e85a2f
0190023b-e8d2-7c7d-ba3e-2c73aec19b95	0190023b-e8d2-731b-86fb-1889fc002c98	1	f9f2466f-c712-48ca-9bda-5586e5beb914
01900243-afc5-724b-baf8-c3fa113f01e2	01900243-afc5-754f-9aff-d8a9b29b2844	1	419163a7-10f2-4925-96a8-ced828b99949
01900243-afc5-7a16-860d-6340be159d96	01900243-afc5-754f-9aff-d8a9b29b2844	1	49f9846a-616a-4fc9-8f65-fb638d425601
01900243-afc5-7e19-a550-b36d0f2868c9	01900243-afc5-754f-9aff-d8a9b29b2844	1	dc0aec70-343f-4b0a-85cd-f1f44c78fcc3
01900243-afc5-7143-bcd6-fe55d5493009	01900243-afc5-754f-9aff-d8a9b29b2844	1	7caa59b1-1799-4bcf-bbc8-05121fce975c
01900243-afc5-7a4d-9da4-8315dd45d927	01900243-afc5-754f-9aff-d8a9b29b2844	1	3d12586e-7d07-446b-8f06-968282e85a2f
01900243-afc5-7798-9fd7-fc24d988f637	01900243-afc5-754f-9aff-d8a9b29b2844	1	f9f2466f-c712-48ca-9bda-5586e5beb914
01900244-eb90-768e-b43a-1ce75a6a3470	01900244-eb90-72bc-a04f-44b7eaa34ee7	1	419163a7-10f2-4925-96a8-ced828b99949
01900244-eb90-7280-b5ea-504568b2df5c	01900244-eb90-72bc-a04f-44b7eaa34ee7	1	49f9846a-616a-4fc9-8f65-fb638d425601
01900244-eb90-7fe2-9868-e791c6370d63	01900244-eb90-72bc-a04f-44b7eaa34ee7	1	dc0aec70-343f-4b0a-85cd-f1f44c78fcc3
01900244-eb90-7d91-8e42-d3abd510acb9	01900244-eb90-72bc-a04f-44b7eaa34ee7	1	7caa59b1-1799-4bcf-bbc8-05121fce975c
01900244-eb90-7da9-b5df-8c4dd1273941	01900244-eb90-72bc-a04f-44b7eaa34ee7	1	3d12586e-7d07-446b-8f06-968282e85a2f
01900244-eb90-7e1f-b8ba-b5a0b37fcb5e	01900244-eb90-72bc-a04f-44b7eaa34ee7	1	f9f2466f-c712-48ca-9bda-5586e5beb914
019002d0-9b29-7666-a566-8dffecc5e7bc	019002d0-9b29-799f-a1c1-7154df507750	1	419163a7-10f2-4925-96a8-ced828b99949
019002d0-9b29-79fa-ab1e-49faa8526055	019002d0-9b29-799f-a1c1-7154df507750	1	49f9846a-616a-4fc9-8f65-fb638d425601
019002d0-9b29-75a4-b93b-0b6d66989809	019002d0-9b29-799f-a1c1-7154df507750	1	dc0aec70-343f-4b0a-85cd-f1f44c78fcc3
019002d0-9b29-72fa-8c8d-b8e8391ef49f	019002d0-9b29-799f-a1c1-7154df507750	1	7caa59b1-1799-4bcf-bbc8-05121fce975c
019002d0-9b29-7801-ba86-a5c92f6e0980	019002d0-9b29-799f-a1c1-7154df507750	1	3d12586e-7d07-446b-8f06-968282e85a2f
019002d0-9b29-7b21-b79d-70d1c2ef8fdc	019002d0-9b29-799f-a1c1-7154df507750	1	f9f2466f-c712-48ca-9bda-5586e5beb914
019002d3-48c0-74fc-abf7-98739cef43dc	019002d3-48c0-70f9-95f4-3b43327c9f9c	1	419163a7-10f2-4925-96a8-ced828b99949
019002d3-48c0-7d75-bc85-da5d78d4db53	019002d3-48c0-70f9-95f4-3b43327c9f9c	1	49f9846a-616a-4fc9-8f65-fb638d425601
019002d3-48c0-7f25-a472-d04b2df03249	019002d3-48c0-70f9-95f4-3b43327c9f9c	1	dc0aec70-343f-4b0a-85cd-f1f44c78fcc3
019002d3-48c0-7f22-9a9a-a7d1a9c80f66	019002d3-48c0-70f9-95f4-3b43327c9f9c	1	7caa59b1-1799-4bcf-bbc8-05121fce975c
019002d3-48c0-7f8f-9586-ee96a46ba14b	019002d3-48c0-70f9-95f4-3b43327c9f9c	1	3d12586e-7d07-446b-8f06-968282e85a2f
019002d3-48c0-7731-90d7-d38cb4b9a6e2	019002d3-48c0-70f9-95f4-3b43327c9f9c	1	f9f2466f-c712-48ca-9bda-5586e5beb914
019002d4-dcec-7ec1-9b49-85e7ef2f6638	019002d4-dcec-7c92-b6a6-1db1f9282c57	1	419163a7-10f2-4925-96a8-ced828b99949
019002d4-dcec-7c8c-9f50-f53a62e474e7	019002d4-dcec-7c92-b6a6-1db1f9282c57	1	49f9846a-616a-4fc9-8f65-fb638d425601
019002d4-dcec-780c-bacd-d3d53bb0061b	019002d4-dcec-7c92-b6a6-1db1f9282c57	1	dc0aec70-343f-4b0a-85cd-f1f44c78fcc3
019002d4-dcec-7a28-8f42-5aa8041f5365	019002d4-dcec-7c92-b6a6-1db1f9282c57	1	7caa59b1-1799-4bcf-bbc8-05121fce975c
019002d4-dcec-7ab6-9b62-8482d7bb7bae	019002d4-dcec-7c92-b6a6-1db1f9282c57	1	3d12586e-7d07-446b-8f06-968282e85a2f
019002d4-dcec-7562-917f-5e5c3457efc3	019002d4-dcec-7c92-b6a6-1db1f9282c57	1	f9f2466f-c712-48ca-9bda-5586e5beb914
01900396-bbe2-714f-9fbc-99156793c44c	01900396-bbe2-75ff-a5e6-15300ead2278	1	419163a7-10f2-4925-96a8-ced828b99949
01900396-bbe2-7ed1-8bb6-e3884b2c71a3	01900396-bbe2-75ff-a5e6-15300ead2278	1	49f9846a-616a-4fc9-8f65-fb638d425601
01900396-bbe2-7a56-88cd-45622f524953	01900396-bbe2-75ff-a5e6-15300ead2278	1	dc0aec70-343f-4b0a-85cd-f1f44c78fcc3
01900396-bbe2-78de-bd6e-969dc62907d5	01900396-bbe2-75ff-a5e6-15300ead2278	1	7caa59b1-1799-4bcf-bbc8-05121fce975c
01900396-bbe2-7758-8270-f1664872d1da	01900396-bbe2-75ff-a5e6-15300ead2278	1	3d12586e-7d07-446b-8f06-968282e85a2f
01900396-bbe2-79de-a5aa-78e2e7b89f3b	01900396-bbe2-75ff-a5e6-15300ead2278	1	f9f2466f-c712-48ca-9bda-5586e5beb914
01900397-f15d-7ae3-a929-6dd246c7e4d9	01900397-f15d-7f05-b0a0-2f0322430064	1	419163a7-10f2-4925-96a8-ced828b99949
01900397-f15d-7758-9626-22d67fc44390	01900397-f15d-7f05-b0a0-2f0322430064	1	49f9846a-616a-4fc9-8f65-fb638d425601
01900397-f15d-7289-8ff2-54d142323a67	01900397-f15d-7f05-b0a0-2f0322430064	1	dc0aec70-343f-4b0a-85cd-f1f44c78fcc3
01900397-f15d-76ec-a365-7766ec9ad625	01900397-f15d-7f05-b0a0-2f0322430064	1	7caa59b1-1799-4bcf-bbc8-05121fce975c
01900397-f15d-7d3a-b6d8-f65fecd16eb0	01900397-f15d-7f05-b0a0-2f0322430064	1	3d12586e-7d07-446b-8f06-968282e85a2f
01900397-f15d-7932-8abd-8b1ebc11ced1	01900397-f15d-7f05-b0a0-2f0322430064	1	f9f2466f-c712-48ca-9bda-5586e5beb914
01900722-258f-7d56-b487-58844c0446c3	01900722-258e-7896-b7da-ba4159a4e507	1	419163a7-10f2-4925-96a8-ced828b99949
01900722-258f-76ac-a990-61d9a1145dc5	01900722-258e-7896-b7da-ba4159a4e507	1	49f9846a-616a-4fc9-8f65-fb638d425601
01900722-258f-7eb0-985e-68c9d6409fcc	01900722-258e-7896-b7da-ba4159a4e507	1	dc0aec70-343f-4b0a-85cd-f1f44c78fcc3
01900722-258f-7fb7-8f40-bca2f2619a4c	01900722-258e-7896-b7da-ba4159a4e507	1	7caa59b1-1799-4bcf-bbc8-05121fce975c
01900722-2591-7181-88c1-9c39ef43d357	01900722-258e-7896-b7da-ba4159a4e507	1	3d12586e-7d07-446b-8f06-968282e85a2f
01900722-2591-7834-8327-d7ef05c51fde	01900722-258e-7896-b7da-ba4159a4e507	1	f9f2466f-c712-48ca-9bda-5586e5beb914
01900739-9e66-76e5-9cf5-3f573855174d	01900739-9e66-7c8d-904a-d140e0ba127c	1	419163a7-10f2-4925-96a8-ced828b99949
01900739-9e66-72a9-af44-8efedd9d056d	01900739-9e66-7c8d-904a-d140e0ba127c	1	49f9846a-616a-4fc9-8f65-fb638d425601
01900739-9e66-7ab6-986b-47b4fdef392a	01900739-9e66-7c8d-904a-d140e0ba127c	1	dc0aec70-343f-4b0a-85cd-f1f44c78fcc3
01900739-9e66-7ed9-bc56-3ea6460a480f	01900739-9e66-7c8d-904a-d140e0ba127c	1	7caa59b1-1799-4bcf-bbc8-05121fce975c
01900739-9e66-7ee4-bfe8-58c2a96b1599	01900739-9e66-7c8d-904a-d140e0ba127c	1	3d12586e-7d07-446b-8f06-968282e85a2f
01900739-9e67-7b85-a879-964e7c3150c6	01900739-9e66-7c8d-904a-d140e0ba127c	1	f9f2466f-c712-48ca-9bda-5586e5beb914
0190073a-513a-774d-911f-0e0a4682b5d3	0190073a-513a-7a73-b49e-37d8c8a15ef5	1	419163a7-10f2-4925-96a8-ced828b99949
0190073a-513a-74a1-9816-a305e42bf422	0190073a-513a-7a73-b49e-37d8c8a15ef5	1	49f9846a-616a-4fc9-8f65-fb638d425601
0190073a-513a-747f-aad4-9a2f43614ae8	0190073a-513a-7a73-b49e-37d8c8a15ef5	1	dc0aec70-343f-4b0a-85cd-f1f44c78fcc3
0190073a-513a-719b-a826-13c6d9cfef1e	0190073a-513a-7a73-b49e-37d8c8a15ef5	1	7caa59b1-1799-4bcf-bbc8-05121fce975c
0190073a-513a-7266-9fd2-ef5820a20934	0190073a-513a-7a73-b49e-37d8c8a15ef5	1	3d12586e-7d07-446b-8f06-968282e85a2f
0190073a-513a-724b-931f-06eef3e06e68	0190073a-513a-7a73-b49e-37d8c8a15ef5	1	f9f2466f-c712-48ca-9bda-5586e5beb914
0190073b-e7d1-7452-9dd2-d928dcb04c02	0190073b-e7d1-7d65-8a0f-f7e34e3ee1d0	1	419163a7-10f2-4925-96a8-ced828b99949
0190073b-e7d1-7ffb-a681-510fc467286f	0190073b-e7d1-7d65-8a0f-f7e34e3ee1d0	1	49f9846a-616a-4fc9-8f65-fb638d425601
0190073b-e7d1-7abd-9992-796c1e30289e	0190073b-e7d1-7d65-8a0f-f7e34e3ee1d0	1	dc0aec70-343f-4b0a-85cd-f1f44c78fcc3
0190073b-e7d1-7a5c-a79c-b3e3355a0df1	0190073b-e7d1-7d65-8a0f-f7e34e3ee1d0	1	7caa59b1-1799-4bcf-bbc8-05121fce975c
0190073b-e7d1-7e04-b95d-f6f8d154611f	0190073b-e7d1-7d65-8a0f-f7e34e3ee1d0	1	3d12586e-7d07-446b-8f06-968282e85a2f
0190073b-e7d1-72a4-9c59-d6b6a74f3a94	0190073b-e7d1-7d65-8a0f-f7e34e3ee1d0	1	f9f2466f-c712-48ca-9bda-5586e5beb914
0190074b-e1a6-7597-bdeb-0401cc00d7c8	0190074b-e1a6-759f-8b09-5ee77a6ea0f0	1	419163a7-10f2-4925-96a8-ced828b99949
0190074b-e1a6-7df5-85a9-206ed683aa2a	0190074b-e1a6-759f-8b09-5ee77a6ea0f0	1	49f9846a-616a-4fc9-8f65-fb638d425601
0190074b-e1a6-7b01-b9c3-f5b06894ca7b	0190074b-e1a6-759f-8b09-5ee77a6ea0f0	1	dc0aec70-343f-4b0a-85cd-f1f44c78fcc3
0190074b-e1a6-795e-b25d-194f0b8e6180	0190074b-e1a6-759f-8b09-5ee77a6ea0f0	1	7caa59b1-1799-4bcf-bbc8-05121fce975c
0190074b-e1a6-76c9-8d4f-db1a09da4d77	0190074b-e1a6-759f-8b09-5ee77a6ea0f0	1	3d12586e-7d07-446b-8f06-968282e85a2f
0190074b-e1a6-7b1a-bb62-36fff5fc82c7	0190074b-e1a6-759f-8b09-5ee77a6ea0f0	1	f9f2466f-c712-48ca-9bda-5586e5beb914
01900770-c6f4-7f86-87c3-65b3bdb8ce5a	01900770-c6f4-77b9-aa92-412c22edb73b	1	419163a7-10f2-4925-96a8-ced828b99949
01900770-c6f5-7686-abd3-2fc0d887a6a0	01900770-c6f4-77b9-aa92-412c22edb73b	1	49f9846a-616a-4fc9-8f65-fb638d425601
01900770-c6f5-7a43-b64e-6e24b5e06274	01900770-c6f4-77b9-aa92-412c22edb73b	1	dc0aec70-343f-4b0a-85cd-f1f44c78fcc3
01900770-c6f5-78be-a13b-d9c9ebc7a5c4	01900770-c6f4-77b9-aa92-412c22edb73b	1	7caa59b1-1799-4bcf-bbc8-05121fce975c
01900770-c6f5-7f93-92af-fbda0267ab61	01900770-c6f4-77b9-aa92-412c22edb73b	1	3d12586e-7d07-446b-8f06-968282e85a2f
01900770-c6f5-7f1b-81c8-491c0df49038	01900770-c6f4-77b9-aa92-412c22edb73b	1	f9f2466f-c712-48ca-9bda-5586e5beb914
\.


--
-- Data for Name: woningblok_duration_changelog; Type: TABLE DATA; Schema: diwi_testset; Owner: ali
--

COPY diwi_testset.woningblok_duration_changelog (id, woningblok_id, start_milestone_id, end_milestone_id, create_user_id, change_start_date, change_end_date, change_user_id) FROM stdin;
c8aa5543-734e-4282-8d00-c2ece87503d3	16dbf29e-bd3e-419e-9b2c-0bfd834c0d19	ee3cbe15-7a5d-42c6-a807-0a7593a24d4f	342887ab-2106-45c4-9565-a4b83f4d3362	2122426c-6e70-419c-a054-f51dd24d798b	2024-03-21 17:31:19.898845+01	\N	\N
f34ba231-b2cf-41d8-abb8-306d511e7b9d	7f402e53-7faf-4e1f-a5a9-2249682eef7c	7c6bfe67-6618-4a6a-9507-2cd15f88c11f	342887ab-2106-45c4-9565-a4b83f4d3362	2122426c-6e70-419c-a054-f51dd24d798b	2024-03-21 17:31:19.992657+01	\N	\N
c9e8c4e7-7d1b-44b0-87dc-67f74683a864	19950bd0-163d-421f-8022-a967edefef5c	ee3cbe15-7a5d-42c6-a807-0a7593a24d4f	13fcd006-456a-48c3-883d-da89113e3f17	2122426c-6e70-419c-a054-f51dd24d798b	2024-03-21 17:31:20.006714+01	\N	\N
018e620d-0fb3-7f8f-bd3e-2678b4cd1fcc	018e620d-0fb3-77fb-9a8d-aac310b3dadb	018e620d-0fa7-7103-b305-ef6e06e5900b	018e61e1-d225-712d-8838-a08bd94a89a9	018e61da-976d-7fca-9165-3e872014d47f	2024-03-21 18:26:46.963319+01	\N	\N
018e6217-1ef9-78ad-93fa-94c484369845	018e6217-1ef9-7fb3-b48b-0536320f4e5f	018e6217-1ef4-71a2-8655-341334c4f1c0	018e61e1-d225-712d-8838-a08bd94a89a9	018e61da-976d-7fca-9165-3e872014d47f	2024-03-21 18:37:46.23328+01	\N	\N
018e655d-7c9d-7303-ad88-93ff1b279c33	018e655d-7c9d-710c-84e9-a7b23c952ec7	018e655d-7c92-7b0e-a18a-7ee5b867571d	018e655d-7c9d-7dcd-ade9-5185df48e587	018e61da-976d-7fca-9165-3e872014d47f	2024-03-22 09:53:29.373208+01	\N	\N
018e6560-758e-7631-8d7b-3863dc779bdc	018e6560-758e-7ef9-868c-0d5eacea66d2	018e6560-758e-7bea-99c5-848191ed520a	018e6560-758e-7e35-beca-f8b54703c83a	018e61da-976d-7fca-9165-3e872014d47f	2024-03-22 09:56:44.174739+01	\N	\N
018e6567-5cc6-78d9-9b15-502972d32a00	018e6567-5cc6-759b-88c1-3fdeb9563668	018e6567-5cc5-7681-85b8-a0a1e974d2ba	018e6567-5cc6-7d13-b704-f7658a9f9a65	018e61da-976d-7fca-9165-3e872014d47f	2024-03-22 10:04:16.582177+01	\N	\N
018e657a-109d-7c91-b65b-b360eca5be6d	018e657a-109d-79d2-a0e5-d55504eb0424	018e656d-591d-7f2f-b8da-35cdf53a3eba	018e657a-109d-7df3-aa26-0ea1c02f0de7	018e61da-976d-7fca-9165-3e872014d47f	2024-03-22 10:24:42.26973+01	\N	\N
018e65d5-2dc4-7d79-8f9b-5ee2ed78bcaa	018e65d5-2dc4-76b6-840c-52294fc96553	018e6594-726b-7285-9c34-e426816b3939	018e65d5-2dc4-7b76-bb24-5dd79a0b905b	018e61da-976d-7fca-9165-3e872014d47f	2024-03-22 12:04:13.508521+01	\N	\N
018e6a88-d65f-7eb0-868e-6c4098587cfb	018e6a88-d65e-7cc7-9743-a542c02437df	018e6a88-d65e-73af-85a5-0b5b048702c8	018e6a88-d65e-73a1-a14a-0e6a0eb6a745	018e61da-976d-7fca-9165-3e872014d47f	2024-03-23 09:58:56.478706+01	\N	\N
018e6ab6-e64a-705e-a458-e2f17723c671	018e6ab6-e64a-78b6-b35d-96d6058294f7	018e6ab6-e64a-7966-8edc-79fbd8efd7ad	018e6ab6-e64a-77d6-94a9-fd51afd4a342	018e61da-976d-7fca-9165-3e872014d47f	2024-03-23 10:49:15.210581+01	\N	\N
018e6abb-06de-7fbd-9585-2ec3198b23b8	018e6abb-06de-708c-842b-ea1594eebc57	018e6aba-aead-721a-bb81-ae4f10bf38fc	018e6abb-06de-7b80-a40f-e43678785876	018e61da-976d-7fca-9165-3e872014d47f	2024-03-23 10:53:45.694492+01	\N	\N
018e6abd-c474-787d-ae99-60a663e2c9e4	018e6abd-c474-7580-b55b-d2e059bd65dc	018e6abd-c474-72f4-befc-6869a12436e8	018e6abd-c474-7702-b07f-073985a5d416	018e61da-976d-7fca-9165-3e872014d47f	2024-03-23 10:56:45.300788+01	\N	\N
018e6aca-379b-7e47-9af1-f04d2993fdb7	018e6aca-379a-7599-b741-1fc99f25cca3	018e6aca-379a-7459-a74a-694d231c0161	018e6aca-379a-7357-978e-8c236cfbd21b	018e61da-976d-7fca-9165-3e872014d47f	2024-03-23 11:10:21.210915+01	\N	\N
018e7b00-5468-78f0-8bd2-b3ff4ab5d2bc	018e7b00-5468-71d6-85cf-802ec4493ba7	018e7b00-5467-7943-9bbf-1e60aae63e7f	018e7b00-5468-7f88-a5e5-6e7d42899c0c	018e61da-976d-7fca-9165-3e872014d47f	2024-03-26 14:43:22.984141+01	\N	\N
018e7b12-6b60-7004-9095-d1dd0c37198a	018e7b12-6b60-7d7b-8901-9a94147d7794	018e7b12-6b60-7f03-9f6d-c1700af2c043	018e7b12-6b60-7138-8e4c-984f121fb240	018e61da-976d-7fca-9165-3e872014d47f	2024-03-26 15:03:08.512499+01	\N	\N
018e7f38-5675-7266-bd1e-52c1ee327da0	018e7f38-5675-7a43-ab3f-da43561b9f00	018e7f38-5675-7c01-9ca1-d384678dbffc	018e7f38-5675-7449-9d79-f2cb15b6fb81	018e61da-976d-7fca-9165-3e872014d47f	2024-03-27 10:23:02.389368+01	\N	\N
018e7f7a-5d16-7deb-b66a-c9c1ee17305b	018e7f7a-5d16-715c-b193-6e49588c5d26	018e7f38-5675-7c01-9ca1-d384678dbffc	018e7f38-5675-7449-9d79-f2cb15b6fb81	018e61da-976d-7fca-9165-3e872014d47f	2024-03-27 11:35:09.462233+01	\N	\N
018e7f8d-8e37-7a8e-ab92-b3b37d8fe731	018e7f8d-8e37-7a66-8af4-50152e0c112f	018e7f8d-8e36-77fa-82a3-792654f6b67d	018e7f8d-8e37-7551-9b72-63fcedaac440	018e61da-976d-7fca-9165-3e872014d47f	2024-03-27 11:56:07.223445+01	\N	\N
018e7f9e-3f4c-72a1-ac66-6a67e1f1af67	018e7f9e-3f4c-794f-8d9c-e85f24d96699	018e7f9e-3f4c-7945-831a-73bacabeec76	018e7f9e-3f4c-7762-9717-b7c92126962c	018e61da-976d-7fca-9165-3e872014d47f	2024-03-27 12:14:21.132722+01	\N	\N
018e7f9f-08dc-7dd2-be5a-7118f5c73c23	018e7f9f-08dc-7f2e-aa79-5748fdeec979	018e7f9e-3f4c-7945-831a-73bacabeec76	018e7f9e-3f4c-7762-9717-b7c92126962c	018e61da-976d-7fca-9165-3e872014d47f	2024-03-27 12:15:12.731984+01	\N	\N
018e7f9f-b66f-78dd-ba1c-d1595cc4e871	018e7f9f-b66f-7914-80b9-dfaa52ed52c8	018e7f9e-3f4c-7945-831a-73bacabeec76	018e7f9e-3f4c-7762-9717-b7c92126962c	018e61da-976d-7fca-9165-3e872014d47f	2024-03-27 12:15:57.167626+01	\N	\N
018e8562-6994-709d-9655-19fcc57a61b8	018e8562-6994-7721-945b-24804a15d293	018e8562-6993-7280-9a0e-699fa2d3d1aa	018e8562-6993-7025-8a49-d8daa6bbad69	018e61da-976d-7fca-9165-3e872014d47f	2024-03-28 15:06:43.091965+01	\N	\N
018e8581-a869-7eb5-abe2-7e8d791bf98b	018e8581-a868-7836-889d-cd0aeaca1cce	018e8581-a868-7b73-9d5c-bb33172894ee	018e8581-a868-767d-ae3e-d8cae764ddd6	018e61da-976d-7fca-9165-3e872014d47f	2024-03-28 15:40:50.792609+01	\N	\N
018e8583-ba18-7ad8-be21-0576a782fdd9	018e8583-ba18-79be-83d0-0de6fa254e5b	018e8583-ba17-7254-9666-95587ce3e88b	018e8583-ba18-75eb-b6af-95cc7bce8857	018e61da-976d-7fca-9165-3e872014d47f	2024-03-28 15:43:06.392112+01	2024-03-29 08:44:37.803507+01	018e61da-976d-7fca-9165-3e872014d47f
018e892a-f655-7a98-81ca-afa49419218c	018e8583-ba18-79be-83d0-0de6fa254e5b	018e892a-f5b6-70b1-9ac6-9bd4eb9498c4	018e892a-f640-7b45-8a80-8fde2832099f	018e61da-976d-7fca-9165-3e872014d47f	2024-03-29 08:44:37.939365+01	\N	\N
018e892a-f5dc-7628-b127-97d859c9c065	018e8583-ba18-79be-83d0-0de6fa254e5b	018e892a-f5b6-70b1-9ac6-9bd4eb9498c4	018e8583-ba18-75eb-b6af-95cc7bce8857	018e61da-976d-7fca-9165-3e872014d47f	2024-03-29 08:44:37.803507+01	2024-03-29 08:44:37.939365+01	018e61da-976d-7fca-9165-3e872014d47f
018e8ac2-479c-7c5f-9269-03aa4f508d26	018e8ac2-479a-7062-b4ff-1f512a9d36ef	018e8ac2-0bb9-7b24-9487-c2ff0ccb8fe8	018e8ac2-0bc4-7288-8a93-2ce056c11e3b	018e61da-976d-7fca-9165-3e872014d47f	2024-03-29 16:09:31.929923+01	\N	\N
018e8ad3-8b3e-7aca-8f24-9c3d84632310	018e8ad3-8b3d-7163-9eb5-5281683b8bdd	018e8ad3-8b3c-7928-b96f-ac3ad1abc2d2	018e8ad3-8b3d-76cd-acd7-5e792350a2cd	018e61da-976d-7fca-9165-3e872014d47f	2024-03-29 16:28:23.357175+01	\N	\N
018e8afb-87aa-7e40-8b31-d0fb3e02cb56	018e8afb-87aa-7618-877d-89762b73b7af	018e8afb-87a8-7c37-9cb9-c92b3d8dd223	018e8afb-87a9-7a2a-a227-19fef97c26bb	018e61da-976d-7fca-9165-3e872014d47f	2024-03-29 17:12:03.882029+01	\N	\N
018e8afc-dc65-70bd-9b97-4de609ff554f	018e8afc-dc65-7b6c-bdaf-d02c2caa7f4c	018e8afc-dc64-7d12-970c-2b90d288804e	018e8afb-87a9-7a2a-a227-19fef97c26bb	018e61da-976d-7fca-9165-3e872014d47f	2024-03-29 17:13:31.109228+01	\N	\N
018e8afd-fbe6-710f-8a44-2d35e47eef9d	018e8afd-fbe6-785e-9c0f-5213256d5128	018e8afd-8bd7-7eb6-8eca-8201421b2953	018e8afd-8bd7-71d9-b8cb-4dfb9629b8f3	018e61da-976d-7fca-9165-3e872014d47f	2024-03-29 17:14:44.710417+01	\N	\N
018e8afe-5e4a-76c9-9b30-b6029737facc	018e8afe-5e4a-79bc-8aaf-0194ec5ed8b7	018e8afd-8bd7-7eb6-8eca-8201421b2953	018e8afd-8bd7-71d9-b8cb-4dfb9629b8f3	018e61da-976d-7fca-9165-3e872014d47f	2024-03-29 17:15:09.89833+01	\N	\N
018e8b04-a754-777e-a992-dbc225e657e8	018e8b04-a754-7819-b721-501b0e59ab98	018e8b04-a753-7825-95fd-eb85e7e0ab71	018e8afd-8bd7-71d9-b8cb-4dfb9629b8f3	018e61da-976d-7fca-9165-3e872014d47f	2024-03-29 17:22:01.812043+01	\N	\N
018e8b05-5e8d-7cd4-82bc-c1dfbc17ca78	018e8b05-5e8d-79d5-94b6-a76c8fa176e2	018e8b04-a753-7825-95fd-eb85e7e0ab71	018e8afd-8bd7-71d9-b8cb-4dfb9629b8f3	018e61da-976d-7fca-9165-3e872014d47f	2024-03-29 17:22:48.716475+01	\N	\N
018e8b0b-1058-7e70-b285-4954b4705199	018e8b0b-1058-7530-a5f8-3bf0a0ca6436	018e8afd-8bd7-7eb6-8eca-8201421b2953	018e8b0b-1058-723d-8674-884ceff6ea04	018e61da-976d-7fca-9165-3e872014d47f	2024-03-29 17:29:01.912376+01	\N	\N
018e8b0b-969d-70e7-a49e-80ebc023be21	018e8b0b-969d-749b-8327-e5793146cf98	018e8afd-8bd7-7eb6-8eca-8201421b2953	018e8b0b-1058-723d-8674-884ceff6ea04	018e61da-976d-7fca-9165-3e872014d47f	2024-03-29 17:29:36.285256+01	\N	\N
018f4e5f-ee8f-70b5-9236-24df268a086c	018f4e5f-ee8e-70c6-8eaa-8bc318c31e21	018e8abf-3936-7b9b-88af-f02cf4a28bf7	018e8abf-3936-76e6-9cd1-c96b976320ef	018e61da-976d-7fca-9165-3e872014d47f	2024-05-06 16:47:40.942496+02	\N	\N
0190022b-734c-72f0-9f2b-5bcb16c04a7d	0190022b-734b-7081-a43f-6181d03a3794	0190021f-55fa-7e92-bf7d-5828e8adec6c	0190021f-55fa-7cde-8f03-ac35f9d99ea9	018e61da-976d-7fca-9165-3e872014d47f	2024-06-10 14:42:00.39581+02	\N	\N
01900231-e884-78d1-ac2c-38427ec6c2b2	01900231-e884-7a0b-88e7-2daf4320cf35	01900231-c01d-7608-8bfc-953aab2933fa	01900231-c01d-7cbc-991d-291b604242b6	018e61da-976d-7fca-9165-3e872014d47f	2024-06-10 14:49:03.620378+02	\N	\N
01900232-99fb-72bc-bb62-a872d11cd343	01900232-99fb-7c37-be0d-92ecbf6fb716	01900232-5bf2-7721-86b2-1886149a9f6a	01900232-5bf2-7dda-a25a-490fd391a4cf	018e61da-976d-7fca-9165-3e872014d47f	2024-06-10 14:49:49.051223+02	\N	\N
0190023b-e8d1-7a7f-b0cb-0c83d4129257	0190023b-e8d1-7a5f-9e1b-b5bf36e973ad	0190023b-c131-7ab1-acb7-bcb70d47e6a0	0190023b-c131-7953-be79-98eed72b10a9	018e61da-976d-7fca-9165-3e872014d47f	2024-06-10 14:59:59.05723+02	\N	\N
01900243-afc4-7193-ad34-2da861d98677	01900243-afc4-738d-9eb3-811a0f575ba8	01900243-87f4-7ce5-a3e6-6859ce3f57ef	01900243-87f4-7f73-80d6-3837a993a75d	018e61da-976d-7fca-9165-3e872014d47f	2024-06-10 15:08:28.740652+02	\N	\N
01900244-eb8f-7495-b329-e117d4c67dfb	01900244-eb8f-7d63-9b6b-ba00ca1ccea1	01900244-c2e1-75fc-8b55-c32627e04991	01900244-c2e1-7bd7-85ea-132c3f1c63c1	018e61da-976d-7fca-9165-3e872014d47f	2024-06-10 15:09:49.583809+02	\N	\N
019002d0-9b28-7dbb-8cac-834be8c6880f	019002d0-9b28-75e5-9da0-84aebec5a5d9	019002d0-5bf1-74dc-ada9-e0660d7c4317	019002d0-5bf1-7e8c-8ec8-acf5b4ca6c57	018e61da-976d-7fca-9165-3e872014d47f	2024-06-10 17:42:24.040404+02	\N	\N
019002d3-48c0-7a57-95a9-117022aa3937	019002d3-48c0-785b-bc2c-2771bae1e3ad	019002d3-0ce8-7afc-8901-8f7333598585	019002d3-0ce8-781c-a8fc-b01925c826dd	018e61da-976d-7fca-9165-3e872014d47f	2024-06-10 17:45:19.552064+02	\N	\N
019002d4-dceb-7c0e-89e7-7c84a224ef63	019002d4-dceb-77b6-bd11-92253519de89	019002d4-a001-7bd3-91ee-c84b409325cd	019002d4-a001-723a-b300-9be7be1a2388	018e61da-976d-7fca-9165-3e872014d47f	2024-06-10 17:47:03.019603+02	\N	\N
01900396-bbe0-73bf-9e9f-f1d40a20446c	01900396-bbdf-7bf8-9b13-c427efed4b5a	01900396-85e8-7c9e-8cb6-55121b2c71ca	01900396-85e8-7c96-b65f-d28fbcc818c5	018e61da-976d-7fca-9165-3e872014d47f	2024-06-10 21:18:48.542858+02	\N	\N
01900397-f15b-71d9-bf07-8e215e0455b8	01900397-f15b-792e-9d8f-f2ffacc24b56	01900397-bbc5-73d7-8f31-ecdac84693b3	01900397-bbc5-79c9-8649-2aa88b80c0ad	018e61da-976d-7fca-9165-3e872014d47f	2024-06-10 21:20:07.771131+02	\N	\N
01900722-2583-74dc-91d4-d8e32785cbc0	01900722-2582-7e23-9746-adccf379c7b1	01900721-ea95-7f92-96a8-a0cb207afe90	01900721-ea96-7813-b35c-953fddb9cf94	018e61da-976d-7fca-9165-3e872014d47f	2024-06-11 13:49:56.738131+02	\N	\N
01900739-9e66-7144-85e1-a2ef7352c838	01900739-9e65-7577-88f6-072daa804517	01900739-7129-7015-a838-424d222b9387	01900739-7129-7cbf-b230-fcf393986e6d	018e61da-976d-7fca-9165-3e872014d47f	2024-06-11 14:15:35.013825+02	\N	\N
0190073a-5139-709f-b944-99ee3fc1964e	0190073a-5139-7a19-8b57-58f07fcbcf48	0190073a-0fb2-7b3c-a8c7-09ff305da4c0	0190073a-0fb2-70cc-ab49-14bcd488266d	018e61da-976d-7fca-9165-3e872014d47f	2024-06-11 14:16:20.792897+02	\N	\N
0190073b-e7cf-778e-8e3f-bd71fd7d4eba	0190073b-e7cf-7d04-b562-e1e2c211ee62	0190073b-bed9-7c59-a922-c188b71b346a	0190073b-bed9-7144-a2b1-e14c1bf8738f	018e61da-976d-7fca-9165-3e872014d47f	2024-06-11 14:18:04.878941+02	\N	\N
0190074b-e1a5-783d-a14d-44ad1ad54e37	0190074b-e1a5-7064-bdfa-fccaa801509d	0190074b-9ef5-76b8-ba40-4f58e452d3fd	0190074b-9ef5-77d8-a5a2-f023c68ac578	018e61da-976d-7fca-9165-3e872014d47f	2024-06-11 14:35:31.877545+02	\N	\N
01900770-c6f4-7b67-aad7-98cfa5741383	01900770-c6f4-7b6d-8f5a-8293f1e8ff8f	01900770-9bec-7315-8de0-ec01bfea203e	01900770-9bec-77f8-89ca-41b649267114	018e61da-976d-7fca-9165-3e872014d47f	2024-06-11 15:15:49.876097+02	\N	\N
\.


--
-- Data for Name: woningblok_eigendom_en_waarde_changelog; Type: TABLE DATA; Schema: diwi_testset; Owner: ali
--

COPY diwi_testset.woningblok_eigendom_en_waarde_changelog (id, woningblok_id, start_milestone_id, end_milestone_id, create_user_id, change_start_date, change_end_date, waarde_value_type, waarde_value, huurbedrag_value_type, huurbedrag_value, change_user_id, amount, eigendom_soort, waarde_value_range, huurbedrag_value_range) FROM stdin;
018f4e5f-ee8f-7c6b-bc26-0902887d0387	018f4e5f-ee8e-70c6-8eaa-8bc318c31e21	018e8abf-3936-7b9b-88af-f02cf4a28bf7	018e8abf-3936-76e6-9cd1-c96b976320ef	018e61da-976d-7fca-9165-3e872014d47f	2024-05-06 16:47:40.942496+02	\N	SINGLE_VALUE	25000000	SINGLE_VALUE	0	\N	4	KOOPWONING	\N	\N
0190022b-734d-7755-b775-322812ed8366	0190022b-734b-7081-a43f-6181d03a3794	0190021f-55fa-7e92-bf7d-5828e8adec6c	0190021f-55fa-7cde-8f03-ac35f9d99ea9	018e61da-976d-7fca-9165-3e872014d47f	2024-06-10 14:42:00.39581+02	\N	SINGLE_VALUE	100000000	SINGLE_VALUE	50000	\N	1	KOOPWONING	\N	\N
018e655d-7c9e-7cab-8a13-d3a7d295c439	018e655d-7c9d-710c-84e9-a7b23c952ec7	018e655d-7c92-7b0e-a18a-7ee5b867571d	018e655d-7c9d-7dcd-ade9-5185df48e587	018e61da-976d-7fca-9165-3e872014d47f	2024-03-22 09:53:29.373208+01	\N	\N	\N	\N	\N	\N	1	KOOPWONING	\N	\N
018e655d-7c9e-7998-aace-11fe552c78e6	018e655d-7c9d-710c-84e9-a7b23c952ec7	018e655d-7c92-7b0e-a18a-7ee5b867571d	018e655d-7c9d-7dcd-ade9-5185df48e587	018e61da-976d-7fca-9165-3e872014d47f	2024-03-22 09:53:29.373208+01	\N	\N	\N	\N	\N	\N	1	HUURWONING_PARTICULIERE_VERHUURDER	\N	\N
018e655d-7c9f-7365-9d80-9b44287ab424	018e655d-7c9d-710c-84e9-a7b23c952ec7	018e655d-7c92-7b0e-a18a-7ee5b867571d	018e655d-7c9d-7dcd-ade9-5185df48e587	018e61da-976d-7fca-9165-3e872014d47f	2024-03-22 09:53:29.373208+01	\N	\N	\N	\N	\N	\N	1	HUURWONING_WONINGCORPORATIE	\N	\N
018e6560-758f-7d94-a0b7-d54825552dc7	018e6560-758e-7ef9-868c-0d5eacea66d2	018e6560-758e-7bea-99c5-848191ed520a	018e6560-758e-7e35-beca-f8b54703c83a	018e61da-976d-7fca-9165-3e872014d47f	2024-03-22 09:56:44.174739+01	\N	\N	\N	\N	\N	\N	1	KOOPWONING	\N	\N
018e6560-758f-74e3-ae4a-63528152e185	018e6560-758e-7ef9-868c-0d5eacea66d2	018e6560-758e-7bea-99c5-848191ed520a	018e6560-758e-7e35-beca-f8b54703c83a	018e61da-976d-7fca-9165-3e872014d47f	2024-03-22 09:56:44.174739+01	\N	\N	\N	\N	\N	\N	1	HUURWONING_PARTICULIERE_VERHUURDER	\N	\N
018e6560-758f-7091-8e55-3b9851bc4841	018e6560-758e-7ef9-868c-0d5eacea66d2	018e6560-758e-7bea-99c5-848191ed520a	018e6560-758e-7e35-beca-f8b54703c83a	018e61da-976d-7fca-9165-3e872014d47f	2024-03-22 09:56:44.174739+01	\N	\N	\N	\N	\N	\N	1	HUURWONING_WONINGCORPORATIE	\N	\N
0190023b-e8d1-7dd7-897e-d042889e4d9b	0190023b-e8d1-7a5f-9e1b-b5bf36e973ad	0190023b-c131-7ab1-acb7-bcb70d47e6a0	0190023b-c131-7953-be79-98eed72b10a9	018e61da-976d-7fca-9165-3e872014d47f	2024-06-10 14:59:59.05723+02	\N	SINGLE_VALUE	10000000	SINGLE_VALUE	50000	\N	1	KOOPWONING	\N	\N
019002d0-9b28-7664-a0c0-72b657c4b3b1	019002d0-9b28-75e5-9da0-84aebec5a5d9	019002d0-5bf1-74dc-ada9-e0660d7c4317	019002d0-5bf1-7e8c-8ec8-acf5b4ca6c57	018e61da-976d-7fca-9165-3e872014d47f	2024-06-10 17:42:24.040404+02	\N	SINGLE_VALUE	10000000	SINGLE_VALUE	50000	\N	1	KOOPWONING	\N	\N
01900396-bbe1-7f22-ac38-a4fcb7b9aade	01900396-bbdf-7bf8-9b13-c427efed4b5a	01900396-85e8-7c9e-8cb6-55121b2c71ca	01900396-85e8-7c96-b65f-d28fbcc818c5	018e61da-976d-7fca-9165-3e872014d47f	2024-06-10 21:18:48.542858+02	\N	SINGLE_VALUE	10000000	SINGLE_VALUE	50000	\N	1	KOOPWONING	\N	\N
018e657a-109e-79b8-b769-e8c5ba0951d0	018e657a-109d-79d2-a0e5-d55504eb0424	018e656d-591d-7f2f-b8da-35cdf53a3eba	018e657a-109d-7df3-aa26-0ea1c02f0de7	018e61da-976d-7fca-9165-3e872014d47f	2024-03-22 10:24:42.26973+01	\N	\N	\N	\N	\N	\N	1	KOOPWONING	\N	\N
018e657a-109e-728e-89cc-9e9791109d3a	018e657a-109d-79d2-a0e5-d55504eb0424	018e656d-591d-7f2f-b8da-35cdf53a3eba	018e657a-109d-7df3-aa26-0ea1c02f0de7	018e61da-976d-7fca-9165-3e872014d47f	2024-03-22 10:24:42.26973+01	\N	\N	\N	\N	\N	\N	1	HUURWONING_PARTICULIERE_VERHUURDER	\N	\N
018e657a-109e-7b83-af2d-bc29ab6a1988	018e657a-109d-79d2-a0e5-d55504eb0424	018e656d-591d-7f2f-b8da-35cdf53a3eba	018e657a-109d-7df3-aa26-0ea1c02f0de7	018e61da-976d-7fca-9165-3e872014d47f	2024-03-22 10:24:42.26973+01	\N	\N	\N	\N	\N	\N	1	HUURWONING_WONINGCORPORATIE	\N	\N
018e65d5-2dc4-77aa-bd79-2ba1067be16c	018e65d5-2dc4-76b6-840c-52294fc96553	018e6594-726b-7285-9c34-e426816b3939	018e65d5-2dc4-7b76-bb24-5dd79a0b905b	018e61da-976d-7fca-9165-3e872014d47f	2024-03-22 12:04:13.508521+01	\N	\N	\N	\N	\N	\N	1	KOOPWONING	\N	\N
018e65d5-2dc4-74f4-acfd-345ac08341a6	018e65d5-2dc4-76b6-840c-52294fc96553	018e6594-726b-7285-9c34-e426816b3939	018e65d5-2dc4-7b76-bb24-5dd79a0b905b	018e61da-976d-7fca-9165-3e872014d47f	2024-03-22 12:04:13.508521+01	\N	\N	\N	\N	\N	\N	1	HUURWONING_PARTICULIERE_VERHUURDER	\N	\N
018e65d5-2dc4-79b7-b3fa-bafa5f4a7745	018e65d5-2dc4-76b6-840c-52294fc96553	018e6594-726b-7285-9c34-e426816b3939	018e65d5-2dc4-7b76-bb24-5dd79a0b905b	018e61da-976d-7fca-9165-3e872014d47f	2024-03-22 12:04:13.508521+01	\N	\N	\N	\N	\N	\N	1	HUURWONING_WONINGCORPORATIE	\N	\N
018e6217-1ef9-74b7-a4fb-654e3cc8913d	018e6217-1ef9-7fb3-b48b-0536320f4e5f	018e6217-1ef4-71a2-8655-341334c4f1c0	018e61e1-d225-712d-8838-a08bd94a89a9	018e61da-976d-7fca-9165-3e872014d47f	2024-03-21 18:37:46.23328+01	2024-03-22 12:18:21.759922+01	\N	\N	\N	\N	018e61da-976d-7fca-9165-3e872014d47f	0	KOOPWONING	\N	\N
018e6217-1ef9-7fd1-a5e6-c00ea04519db	018e6217-1ef9-7fb3-b48b-0536320f4e5f	018e6217-1ef4-71a2-8655-341334c4f1c0	018e61e1-d225-712d-8838-a08bd94a89a9	018e61da-976d-7fca-9165-3e872014d47f	2024-03-21 18:37:46.23328+01	2024-03-22 12:18:21.761268+01	\N	\N	\N	\N	018e61da-976d-7fca-9165-3e872014d47f	0	HUURWONING_PARTICULIERE_VERHUURDER	\N	\N
018e6217-1ef9-7a13-8b98-11a62be6baa3	018e6217-1ef9-7fb3-b48b-0536320f4e5f	018e6217-1ef4-71a2-8655-341334c4f1c0	018e61e1-d225-712d-8838-a08bd94a89a9	018e61da-976d-7fca-9165-3e872014d47f	2024-03-21 18:37:46.23328+01	2024-03-22 12:18:21.761436+01	\N	\N	\N	\N	018e61da-976d-7fca-9165-3e872014d47f	0	HUURWONING_WONINGCORPORATIE	\N	\N
01900722-2587-76f8-81e2-6c0d9f89adac	01900722-2582-7e23-9746-adccf379c7b1	01900721-ea95-7f92-96a8-a0cb207afe90	01900721-ea96-7813-b35c-953fddb9cf94	018e61da-976d-7fca-9165-3e872014d47f	2024-06-11 13:49:56.738131+02	\N	SINGLE_VALUE	10000000	SINGLE_VALUE	50000	\N	1	KOOPWONING	\N	\N
018e661a-1f87-74bc-892a-48b6179c964f	018e620d-0fb3-77fb-9a8d-aac310b3dadb	018e620d-0fa7-7103-b305-ef6e06e5900b	018e6594-726b-7285-9c34-e426816b3939	018e61da-976d-7fca-9165-3e872014d47f	2024-03-22 13:19:31.845133+01	\N	\N	\N	\N	\N	\N	0	HUURWONING_PARTICULIERE_VERHUURDER	\N	\N
018e661a-1f88-7a6f-84c5-f5e54c68954e	018e620d-0fb3-77fb-9a8d-aac310b3dadb	018e620d-0fa7-7103-b305-ef6e06e5900b	018e6594-726b-7285-9c34-e426816b3939	018e61da-976d-7fca-9165-3e872014d47f	2024-03-22 13:19:31.847866+01	\N	\N	\N	\N	\N	\N	0	HUURWONING_WONINGCORPORATIE	\N	\N
018e661a-1f88-7441-852e-1e649b9bd89a	018e620d-0fb3-77fb-9a8d-aac310b3dadb	018e620d-0fa7-7103-b305-ef6e06e5900b	018e6594-726b-7285-9c34-e426816b3939	018e61da-976d-7fca-9165-3e872014d47f	2024-03-22 13:19:31.848162+01	\N	\N	\N	\N	\N	\N	0	KOOPWONING	\N	\N
018e620d-0fb4-7e3b-a502-69a57f994df7	018e620d-0fb3-77fb-9a8d-aac310b3dadb	018e620d-0fa7-7103-b305-ef6e06e5900b	018e61e1-d225-712d-8838-a08bd94a89a9	018e61da-976d-7fca-9165-3e872014d47f	2024-03-21 18:26:46.963319+01	2024-03-22 13:19:31.848162+01	\N	\N	\N	\N	018e61da-976d-7fca-9165-3e872014d47f	0	KOOPWONING	\N	\N
018e620d-0fb4-7b01-9491-0329efab3389	018e620d-0fb3-77fb-9a8d-aac310b3dadb	018e620d-0fa7-7103-b305-ef6e06e5900b	018e61e1-d225-712d-8838-a08bd94a89a9	018e61da-976d-7fca-9165-3e872014d47f	2024-03-21 18:26:46.963319+01	2024-03-22 13:19:31.845133+01	\N	\N	\N	\N	018e61da-976d-7fca-9165-3e872014d47f	0	HUURWONING_PARTICULIERE_VERHUURDER	\N	\N
018e620d-0fb4-7974-a238-c54700255ee0	018e620d-0fb3-77fb-9a8d-aac310b3dadb	018e620d-0fa7-7103-b305-ef6e06e5900b	018e61e1-d225-712d-8838-a08bd94a89a9	018e61da-976d-7fca-9165-3e872014d47f	2024-03-21 18:26:46.963319+01	2024-03-22 13:19:31.847866+01	\N	\N	\N	\N	018e61da-976d-7fca-9165-3e872014d47f	0	HUURWONING_WONINGCORPORATIE	\N	\N
018e65e2-1f41-7b54-a390-ba63f449cc52	018e6217-1ef9-7fb3-b48b-0536320f4e5f	018e6217-1ef4-71a2-8655-341334c4f1c0	018e61e1-d225-712d-8838-a08bd94a89a9	018e61da-976d-7fca-9165-3e872014d47f	2024-03-22 12:18:21.759922+01	2024-03-23 13:50:34.519112+01	SINGLE_VALUE	\N	SINGLE_VALUE	\N	018e61da-976d-7fca-9165-3e872014d47f	1	KOOPWONING	\N	\N
018e65e2-1f41-7f18-baa6-f61675999e63	018e6217-1ef9-7fb3-b48b-0536320f4e5f	018e6217-1ef4-71a2-8655-341334c4f1c0	018e61e1-d225-712d-8838-a08bd94a89a9	018e61da-976d-7fca-9165-3e872014d47f	2024-03-22 12:18:21.761268+01	2024-03-23 13:50:34.530504+01	SINGLE_VALUE	\N	SINGLE_VALUE	\N	018e61da-976d-7fca-9165-3e872014d47f	1	HUURWONING_PARTICULIERE_VERHUURDER	\N	\N
018e65e2-1f41-7f8f-9330-ae87971e460b	018e6217-1ef9-7fb3-b48b-0536320f4e5f	018e6217-1ef4-71a2-8655-341334c4f1c0	018e61e1-d225-712d-8838-a08bd94a89a9	018e61da-976d-7fca-9165-3e872014d47f	2024-03-22 12:18:21.761436+01	2024-03-23 13:50:34.5307+01	SINGLE_VALUE	\N	SINGLE_VALUE	\N	018e61da-976d-7fca-9165-3e872014d47f	1	HUURWONING_WONINGCORPORATIE	\N	\N
01900231-e885-7e06-a73b-cd589c5a61d3	01900231-e884-7a0b-88e7-2daf4320cf35	01900231-c01d-7608-8bfc-953aab2933fa	01900231-c01d-7cbc-991d-291b604242b6	018e61da-976d-7fca-9165-3e872014d47f	2024-06-10 14:49:03.620378+02	\N	SINGLE_VALUE	10000000	SINGLE_VALUE	50000	\N	1	KOOPWONING	\N	\N
01900243-afc4-7039-801a-f8aa5364308e	01900243-afc4-738d-9eb3-811a0f575ba8	01900243-87f4-7ce5-a3e6-6859ce3f57ef	01900243-87f4-7f73-80d6-3837a993a75d	018e61da-976d-7fca-9165-3e872014d47f	2024-06-10 15:08:28.740652+02	\N	SINGLE_VALUE	10000000	SINGLE_VALUE	50000	\N	1	KOOPWONING	\N	\N
019002d3-48c0-7e4a-a874-bcaab13826ed	019002d3-48c0-785b-bc2c-2771bae1e3ad	019002d3-0ce8-7afc-8901-8f7333598585	019002d3-0ce8-781c-a8fc-b01925c826dd	018e61da-976d-7fca-9165-3e872014d47f	2024-06-10 17:45:19.552064+02	\N	SINGLE_VALUE	10000000	SINGLE_VALUE	50000	\N	1	KOOPWONING	\N	\N
01900397-f15b-7c39-ac60-7fd5d0f2fc31	01900397-f15b-792e-9d8f-f2ffacc24b56	01900397-bbc5-73d7-8f31-ecdac84693b3	01900397-bbc5-79c9-8649-2aa88b80c0ad	018e61da-976d-7fca-9165-3e872014d47f	2024-06-10 21:20:07.771131+02	\N	SINGLE_VALUE	10000000	SINGLE_VALUE	50000	\N	1	KOOPWONING	\N	\N
01900739-9e66-74ff-9fa0-1d7d4d3f68ab	01900739-9e65-7577-88f6-072daa804517	01900739-7129-7015-a838-424d222b9387	01900739-7129-7cbf-b230-fcf393986e6d	018e61da-976d-7fca-9165-3e872014d47f	2024-06-11 14:15:35.013825+02	\N	SINGLE_VALUE	10000000	SINGLE_VALUE	50000	\N	1	KOOPWONING	\N	\N
0190073a-5139-72c9-9414-0baa57036015	0190073a-5139-7a19-8b57-58f07fcbcf48	0190073a-0fb2-7b3c-a8c7-09ff305da4c0	0190073a-0fb2-70cc-ab49-14bcd488266d	018e61da-976d-7fca-9165-3e872014d47f	2024-06-11 14:16:20.792897+02	\N	SINGLE_VALUE	10000000	SINGLE_VALUE	50000	\N	1	KOOPWONING	\N	\N
018e6567-5cc6-72a7-b50f-10a232962d8c	018e6567-5cc6-759b-88c1-3fdeb9563668	018e6567-5cc5-7681-85b8-a0a1e974d2ba	018e6567-5cc6-7d13-b704-f7658a9f9a65	018e61da-976d-7fca-9165-3e872014d47f	2024-03-22 10:04:16.582177+01	\N	\N	\N	SINGLE_VALUE	80000	\N	1	HUURWONING_PARTICULIERE_VERHUURDER	\N	\N
018e6567-5cc6-7c81-a517-bbbcc0bdd813	018e6567-5cc6-759b-88c1-3fdeb9563668	018e6567-5cc5-7681-85b8-a0a1e974d2ba	018e6567-5cc6-7d13-b704-f7658a9f9a65	018e61da-976d-7fca-9165-3e872014d47f	2024-03-22 10:04:16.582177+01	\N	\N	\N	SINGLE_VALUE	55000	\N	1	HUURWONING_WONINGCORPORATIE	\N	\N
018e6567-5cc6-7b4c-9864-9e39494bedd1	018e6567-5cc6-759b-88c1-3fdeb9563668	018e6567-5cc5-7681-85b8-a0a1e974d2ba	018e6567-5cc6-7d13-b704-f7658a9f9a65	018e61da-976d-7fca-9165-3e872014d47f	2024-03-22 10:04:16.582177+01	\N	SINGLE_VALUE	43000000	SINGLE_VALUE	185000	\N	1	KOOPWONING	\N	\N
018e661a-1f87-7bd4-9703-b08825168ca5	018e620d-0fb3-77fb-9a8d-aac310b3dadb	018e6594-726b-7285-9c34-e426816b3939	018e61e1-d225-712d-8838-a08bd94a89a9	018e61da-976d-7fca-9165-3e872014d47f	2024-03-22 13:19:31.845133+01	\N	SINGLE_VALUE	0	SINGLE_VALUE	55000	\N	1	HUURWONING_PARTICULIERE_VERHUURDER	\N	\N
018e6b5c-e7a2-73e5-9cf7-d78a8abdec97	018e6217-1ef9-7fb3-b48b-0536320f4e5f	018e6217-1ef4-71a2-8655-341334c4f1c0	018e61e1-d225-712d-8838-a08bd94a89a9	018e61da-976d-7fca-9165-3e872014d47f	2024-03-23 13:50:34.530504+01	\N	SINGLE_VALUE	\N	SINGLE_VALUE	50000	\N	1	HUURWONING_PARTICULIERE_VERHUURDER	\N	\N
018e6b5c-e7a2-7636-b08a-ff383ac801bf	018e6217-1ef9-7fb3-b48b-0536320f4e5f	018e6217-1ef4-71a2-8655-341334c4f1c0	018e61e1-d225-712d-8838-a08bd94a89a9	018e61da-976d-7fca-9165-3e872014d47f	2024-03-23 13:50:34.5307+01	\N	SINGLE_VALUE	\N	SINGLE_VALUE	85000	\N	1	HUURWONING_WONINGCORPORATIE	\N	\N
aecc55e0-a560-41fe-b829-f3b2e099a0a7	16dbf29e-bd3e-419e-9b2c-0bfd834c0d19	ee3cbe15-7a5d-42c6-a807-0a7593a24d4f	342887ab-2106-45c4-9565-a4b83f4d3362	2122426c-6e70-419c-a054-f51dd24d798b	2024-03-21 17:31:19.98322+01	\N	SINGLE_VALUE	1000	SINGLE_VALUE	2000	\N	5	KOOPWONING	\N	\N
018e6a88-d661-7f24-98bb-067d42ddd84b	018e6a88-d65e-7cc7-9743-a542c02437df	018e6a88-d65e-73af-85a5-0b5b048702c8	018e6a88-d65e-73a1-a14a-0e6a0eb6a745	018e61da-976d-7fca-9165-3e872014d47f	2024-03-23 09:58:56.478706+01	\N	SINGLE_VALUE	0	SINGLE_VALUE	48000	\N	1	HUURWONING_PARTICULIERE_VERHUURDER	\N	\N
018e6ab6-e64a-7559-966f-599bbe9f4bc3	018e6ab6-e64a-78b6-b35d-96d6058294f7	018e6ab6-e64a-7966-8edc-79fbd8efd7ad	018e6ab6-e64a-77d6-94a9-fd51afd4a342	018e61da-976d-7fca-9165-3e872014d47f	2024-03-23 10:49:15.210581+01	\N	SINGLE_VALUE	12000000	SINGLE_VALUE	60000	\N	1	KOOPWONING	\N	\N
018e6abb-06df-7410-83bc-4eeec9057af8	018e6abb-06de-708c-842b-ea1594eebc57	018e6aba-aead-721a-bb81-ae4f10bf38fc	018e6abb-06de-7b80-a40f-e43678785876	018e61da-976d-7fca-9165-3e872014d47f	2024-03-23 10:53:45.694492+01	\N	SINGLE_VALUE	0	SINGLE_VALUE	0	\N	1	KOOPWONING	\N	\N
018e6abd-c475-72b0-98d9-98c63213b777	018e6abd-c474-7580-b55b-d2e059bd65dc	018e6abd-c474-72f4-befc-6869a12436e8	018e6abd-c474-7702-b07f-073985a5d416	018e61da-976d-7fca-9165-3e872014d47f	2024-03-23 10:56:45.300788+01	\N	SINGLE_VALUE	0	SINGLE_VALUE	100	\N	1	KOOPWONING	\N	\N
018e6abd-c475-747e-b3d8-ec0b592a4832	018e6abd-c474-7580-b55b-d2e059bd65dc	018e6abd-c474-72f4-befc-6869a12436e8	018e6abd-c474-7702-b07f-073985a5d416	018e61da-976d-7fca-9165-3e872014d47f	2024-03-23 10:56:45.300788+01	\N	SINGLE_VALUE	0	SINGLE_VALUE	100	\N	1	HUURWONING_PARTICULIERE_VERHUURDER	\N	\N
018e6abd-c475-7b0a-b320-fd6dca1f0e6a	018e6abd-c474-7580-b55b-d2e059bd65dc	018e6abd-c474-72f4-befc-6869a12436e8	018e6abd-c474-7702-b07f-073985a5d416	018e61da-976d-7fca-9165-3e872014d47f	2024-03-23 10:56:45.300788+01	\N	SINGLE_VALUE	0	SINGLE_VALUE	100	\N	1	HUURWONING_WONINGCORPORATIE	\N	\N
018e6aca-379b-75c5-b790-e2c9a79c59de	018e6aca-379a-7599-b741-1fc99f25cca3	018e6aca-379a-7459-a74a-694d231c0161	018e6aca-379a-7357-978e-8c236cfbd21b	018e61da-976d-7fca-9165-3e872014d47f	2024-03-23 11:10:21.210915+01	\N	SINGLE_VALUE	25000000	SINGLE_VALUE	60000	\N	1	KOOPWONING	\N	\N
018e7b00-546a-7846-8081-e4903c047b1f	018e7b00-5468-71d6-85cf-802ec4493ba7	018e7b00-5467-7943-9bbf-1e60aae63e7f	018e7b00-5468-7f88-a5e5-6e7d42899c0c	018e61da-976d-7fca-9165-3e872014d47f	2024-03-26 14:43:22.984141+01	\N	SINGLE_VALUE	1200000	SINGLE_VALUE	10000	\N	1	KOOPWONING	\N	\N
018e7f7a-5d16-715c-a5d1-17734b742031	018e7f7a-5d16-715c-b193-6e49588c5d26	018e7f38-5675-7c01-9ca1-d384678dbffc	018e7f38-5675-7449-9d79-f2cb15b6fb81	018e61da-976d-7fca-9165-3e872014d47f	2024-03-27 11:35:09.462233+01	\N	SINGLE_VALUE	12000000	SINGLE_VALUE	0	\N	1	KOOPWONING	\N	\N
018e7f8d-8e38-7a41-aca4-e0907c743fb2	018e7f8d-8e37-7a66-8af4-50152e0c112f	018e7f8d-8e36-77fa-82a3-792654f6b67d	018e7f8d-8e37-7551-9b72-63fcedaac440	018e61da-976d-7fca-9165-3e872014d47f	2024-03-27 11:56:07.223445+01	\N	SINGLE_VALUE	25000000	SINGLE_VALUE	62000	\N	1	KOOPWONING	\N	\N
018e7f9e-3f4c-7e63-bbea-755ce0511a13	018e7f9e-3f4c-794f-8d9c-e85f24d96699	018e7f9e-3f4c-7945-831a-73bacabeec76	018e7f9e-3f4c-7762-9717-b7c92126962c	018e61da-976d-7fca-9165-3e872014d47f	2024-03-27 12:14:21.132722+01	\N	SINGLE_VALUE	50000000	SINGLE_VALUE	0	\N	1	KOOPWONING	\N	\N
018e7f9f-08dc-7cac-9ae3-6497187ef29b	018e7f9f-08dc-7f2e-aa79-5748fdeec979	018e7f9e-3f4c-7945-831a-73bacabeec76	018e7f9e-3f4c-7762-9717-b7c92126962c	018e61da-976d-7fca-9165-3e872014d47f	2024-03-27 12:15:12.731984+01	\N	SINGLE_VALUE	0	SINGLE_VALUE	0	\N	1	KOOPWONING	\N	\N
018e7f9f-b670-7305-af14-d95b401b707a	018e7f9f-b66f-7914-80b9-dfaa52ed52c8	018e7f9e-3f4c-7945-831a-73bacabeec76	018e7f9e-3f4c-7762-9717-b7c92126962c	018e61da-976d-7fca-9165-3e872014d47f	2024-03-27 12:15:57.167626+01	\N	SINGLE_VALUE	0	SINGLE_VALUE	0	\N	1	KOOPWONING	\N	\N
018e8562-6995-7f10-ae90-0ed49b3eb22e	018e8562-6994-7721-945b-24804a15d293	018e8562-6993-7280-9a0e-699fa2d3d1aa	018e8562-6993-7025-8a49-d8daa6bbad69	018e61da-976d-7fca-9165-3e872014d47f	2024-03-28 15:06:43.091965+01	\N	SINGLE_VALUE	10000000	SINGLE_VALUE	0	\N	1	KOOPWONING	\N	\N
018e8581-a869-7e6d-bc51-d07b50666793	018e8581-a868-7836-889d-cd0aeaca1cce	018e8581-a868-7b73-9d5c-bb33172894ee	018e8581-a868-767d-ae3e-d8cae764ddd6	018e61da-976d-7fca-9165-3e872014d47f	2024-03-28 15:40:50.792609+01	\N	SINGLE_VALUE	0	SINGLE_VALUE	0	\N	1	KOOPWONING	\N	\N
018e8583-ba19-7414-ad7b-6f5710bd6d17	018e8583-ba18-79be-83d0-0de6fa254e5b	018e8583-ba17-7254-9666-95587ce3e88b	018e8583-ba18-75eb-b6af-95cc7bce8857	018e61da-976d-7fca-9165-3e872014d47f	2024-03-28 15:43:06.392112+01	2024-03-29 08:44:37.713614+01	SINGLE_VALUE	100	SINGLE_VALUE	100	018e61da-976d-7fca-9165-3e872014d47f	1	KOOPWONING	\N	\N
018e892a-f5d9-7d75-99bc-0b7452f2cb5d	018e8583-ba18-79be-83d0-0de6fa254e5b	018e892a-f5b6-70b1-9ac6-9bd4eb9498c4	018e892a-f551-7786-9ad7-f0f43de46e19	018e61da-976d-7fca-9165-3e872014d47f	2024-03-29 08:44:37.803507+01	\N	SINGLE_VALUE	100	SINGLE_VALUE	100	\N	1	KOOPWONING	\N	\N
018e892a-f552-7524-8dbf-a1a88aa2629f	018e8583-ba18-79be-83d0-0de6fa254e5b	018e8583-ba17-7254-9666-95587ce3e88b	018e892a-f551-7786-9ad7-f0f43de46e19	018e61da-976d-7fca-9165-3e872014d47f	2024-03-29 08:44:37.713614+01	2024-03-29 08:44:37.803507+01	SINGLE_VALUE	100	SINGLE_VALUE	100	018e61da-976d-7fca-9165-3e872014d47f	1	KOOPWONING	\N	\N
018e8ac2-47a2-7c17-8260-c25f31d3eebf	018e8ac2-479a-7062-b4ff-1f512a9d36ef	018e8ac2-0bb9-7b24-9487-c2ff0ccb8fe8	018e8ac2-0bc4-7288-8a93-2ce056c11e3b	018e61da-976d-7fca-9165-3e872014d47f	2024-03-29 16:09:31.929923+01	\N	SINGLE_VALUE	0	SINGLE_VALUE	0	\N	1	KOOPWONING	\N	\N
018e8ad3-8b3e-79b7-8bf3-043cdf36cd8e	018e8ad3-8b3d-7163-9eb5-5281683b8bdd	018e8ad3-8b3c-7928-b96f-ac3ad1abc2d2	018e8ad3-8b3d-76cd-acd7-5e792350a2cd	018e61da-976d-7fca-9165-3e872014d47f	2024-03-29 16:28:23.357175+01	\N	SINGLE_VALUE	0	SINGLE_VALUE	0	\N	1	KOOPWONING	\N	\N
018e8afb-87ab-739a-b8cb-d3acc76c551d	018e8afb-87aa-7618-877d-89762b73b7af	018e8afb-87a8-7c37-9cb9-c92b3d8dd223	018e8afb-87a9-7a2a-a227-19fef97c26bb	018e61da-976d-7fca-9165-3e872014d47f	2024-03-29 17:12:03.882029+01	\N	SINGLE_VALUE	0	SINGLE_VALUE	0	\N	1	KOOPWONING	\N	\N
018e8afc-dc66-7820-ae71-2f3fd8771b3e	018e8afc-dc65-7b6c-bdaf-d02c2caa7f4c	018e8afc-dc64-7d12-970c-2b90d288804e	018e8afb-87a9-7a2a-a227-19fef97c26bb	018e61da-976d-7fca-9165-3e872014d47f	2024-03-29 17:13:31.109228+01	\N	SINGLE_VALUE	0	SINGLE_VALUE	0	\N	1	KOOPWONING	\N	\N
018e8afd-fbe7-78e4-8e60-c6fea022d800	018e8afd-fbe6-785e-9c0f-5213256d5128	018e8afd-8bd7-7eb6-8eca-8201421b2953	018e8afd-8bd7-71d9-b8cb-4dfb9629b8f3	018e61da-976d-7fca-9165-3e872014d47f	2024-03-29 17:14:44.710417+01	\N	SINGLE_VALUE	0	SINGLE_VALUE	0	\N	1	KOOPWONING	\N	\N
018e8afe-5e4a-7eac-b073-14b6f2246d3e	018e8afe-5e4a-79bc-8aaf-0194ec5ed8b7	018e8afd-8bd7-7eb6-8eca-8201421b2953	018e8afd-8bd7-71d9-b8cb-4dfb9629b8f3	018e61da-976d-7fca-9165-3e872014d47f	2024-03-29 17:15:09.89833+01	\N	SINGLE_VALUE	0	SINGLE_VALUE	0	\N	2	KOOPWONING	\N	\N
018e8b04-a754-75b9-9c8f-14cb1ace64bd	018e8b04-a754-7819-b721-501b0e59ab98	018e8b04-a753-7825-95fd-eb85e7e0ab71	018e8afd-8bd7-71d9-b8cb-4dfb9629b8f3	018e61da-976d-7fca-9165-3e872014d47f	2024-03-29 17:22:01.812043+01	\N	SINGLE_VALUE	0	SINGLE_VALUE	0	\N	1	KOOPWONING	\N	\N
018e8b05-5e8f-763c-a723-ce4fe9dcf73f	018e8b05-5e8d-79d5-94b6-a76c8fa176e2	018e8b04-a753-7825-95fd-eb85e7e0ab71	018e8afd-8bd7-71d9-b8cb-4dfb9629b8f3	018e61da-976d-7fca-9165-3e872014d47f	2024-03-29 17:22:48.716475+01	\N	SINGLE_VALUE	0	SINGLE_VALUE	0	\N	1	KOOPWONING	\N	\N
018e8b0b-1058-7bca-ba29-61ac8006400e	018e8b0b-1058-7530-a5f8-3bf0a0ca6436	018e8afd-8bd7-7eb6-8eca-8201421b2953	018e8b0b-1058-723d-8674-884ceff6ea04	018e61da-976d-7fca-9165-3e872014d47f	2024-03-29 17:29:01.912376+01	\N	SINGLE_VALUE	0	SINGLE_VALUE	0	\N	1	KOOPWONING	\N	\N
018e8b0b-969d-7d5a-a533-0f89b1818ac0	018e8b0b-969d-749b-8327-e5793146cf98	018e8afd-8bd7-7eb6-8eca-8201421b2953	018e8b0b-1058-723d-8674-884ceff6ea04	018e61da-976d-7fca-9165-3e872014d47f	2024-03-29 17:29:36.285256+01	\N	SINGLE_VALUE	0	SINGLE_VALUE	0	\N	1	KOOPWONING	\N	\N
018e6a88-d661-7795-9beb-041760d5d37a	018e6a88-d65e-7cc7-9743-a542c02437df	018e6a88-d65e-73af-85a5-0b5b048702c8	018e6a88-d65e-73a1-a14a-0e6a0eb6a745	018e61da-976d-7fca-9165-3e872014d47f	2024-03-23 09:58:56.478706+01	\N	\N	\N	SINGLE_VALUE	65000	\N	2	KOOPWONING	[28500000,35000101)	\N
018e661a-1f87-7c33-9b19-b5700938d55b	018e620d-0fb3-77fb-9a8d-aac310b3dadb	018e6594-726b-7285-9c34-e426816b3939	018e61e1-d225-712d-8838-a08bd94a89a9	018e61da-976d-7fca-9165-3e872014d47f	2024-03-22 13:19:31.847866+01	\N	SINGLE_VALUE	0	RANGE	\N	\N	1	HUURWONING_WONINGCORPORATIE	\N	[60000,75101)
018e6a88-d661-7700-9772-dfb8e5910e8c	018e6a88-d65e-7cc7-9743-a542c02437df	018e6a88-d65e-73af-85a5-0b5b048702c8	018e6a88-d65e-73a1-a14a-0e6a0eb6a745	018e61da-976d-7fca-9165-3e872014d47f	2024-03-23 09:58:56.478706+01	\N	SINGLE_VALUE	0	\N	\N	\N	1	HUURWONING_WONINGCORPORATIE	\N	[70000,85101)
018e892a-f653-7a83-8266-63271b7c3892	018e8583-ba18-79be-83d0-0de6fa254e5b	018e892a-f551-7786-9ad7-f0f43de46e19	018e892a-f640-7b45-8a80-8fde2832099f	018e61da-976d-7fca-9165-3e872014d47f	2024-03-29 08:44:37.939365+01	\N	SINGLE_VALUE	35000000	RANGE	\N	\N	2	KOOPWONING	\N	[65000,85101)
018e892a-f551-73ea-9e5b-45439bc6c174	018e8583-ba18-79be-83d0-0de6fa254e5b	018e892a-f551-7786-9ad7-f0f43de46e19	018e8583-ba18-75eb-b6af-95cc7bce8857	018e61da-976d-7fca-9165-3e872014d47f	2024-03-29 08:44:37.713614+01	2024-03-29 08:44:37.939365+01	SINGLE_VALUE	35000000	RANGE	\N	018e61da-976d-7fca-9165-3e872014d47f	2	KOOPWONING	\N	[65000,85101)
90530dc3-e1de-47fb-8308-3ae3bdced0a9	16dbf29e-bd3e-419e-9b2c-0bfd834c0d19	ee3cbe15-7a5d-42c6-a807-0a7593a24d4f	342887ab-2106-45c4-9565-a4b83f4d3362	2122426c-6e70-419c-a054-f51dd24d798b	2024-03-21 17:31:19.98688+01	\N	RANGE	\N	RANGE	\N	\N	5	HUURWONING_WONINGCORPORATIE	[1000,1301)	[800,1001)
018e661a-1f88-7160-81d0-50298160509f	018e620d-0fb3-77fb-9a8d-aac310b3dadb	018e6594-726b-7285-9c34-e426816b3939	018e61e1-d225-712d-8838-a08bd94a89a9	018e61da-976d-7fca-9165-3e872014d47f	2024-03-22 13:19:31.848162+01	\N	RANGE	\N	RANGE	\N	\N	1	KOOPWONING	[20000000,35000101)	[60000,85101)
018e6b5c-e7a2-7665-8aa5-fa6b543f595d	018e6217-1ef9-7fb3-b48b-0536320f4e5f	018e6217-1ef4-71a2-8655-341334c4f1c0	018e61e1-d225-712d-8838-a08bd94a89a9	018e61da-976d-7fca-9165-3e872014d47f	2024-03-23 13:50:34.519112+01	\N	RANGE	\N	RANGE	\N	\N	1	KOOPWONING	[18000000,25000101)	[60000,80101)
018e7b12-6b60-7920-b3d8-49e7bb008f94	018e7b12-6b60-7d7b-8901-9a94147d7794	018e7b12-6b60-7f03-9f6d-c1700af2c043	018e7b12-6b60-7138-8e4c-984f121fb240	018e61da-976d-7fca-9165-3e872014d47f	2024-03-26 15:03:08.512499+01	\N	\N	\N	\N	\N	\N	15	KOOPWONING	[21000000,38000101)	[55000,95101)
018e7f38-5676-7456-80ef-6f361472baf6	018e7f38-5675-7a43-ab3f-da43561b9f00	018e7f38-5675-7c01-9ca1-d384678dbffc	018e7f38-5675-7449-9d79-f2cb15b6fb81	018e61da-976d-7fca-9165-3e872014d47f	2024-03-27 10:23:02.389368+01	\N	\N	\N	\N	\N	\N	2	KOOPWONING	[6500000,12000101)	[45000,75101)
01900232-99fb-7cc0-bbce-145bb4559544	01900232-99fb-7c37-be0d-92ecbf6fb716	01900232-5bf2-7721-86b2-1886149a9f6a	01900232-5bf2-7dda-a25a-490fd391a4cf	018e61da-976d-7fca-9165-3e872014d47f	2024-06-10 14:49:49.051223+02	\N	SINGLE_VALUE	10000000	SINGLE_VALUE	50000	\N	1	KOOPWONING	\N	\N
01900244-eb90-7c26-a7b6-26a16498cf25	01900244-eb8f-7d63-9b6b-ba00ca1ccea1	01900244-c2e1-75fc-8b55-c32627e04991	01900244-c2e1-7bd7-85ea-132c3f1c63c1	018e61da-976d-7fca-9165-3e872014d47f	2024-06-10 15:09:49.583809+02	\N	SINGLE_VALUE	10000000	SINGLE_VALUE	50000	\N	1	KOOPWONING	\N	\N
019002d4-dceb-7b14-8454-e85a6ddcdc7a	019002d4-dceb-77b6-bd11-92253519de89	019002d4-a001-7bd3-91ee-c84b409325cd	019002d4-a001-723a-b300-9be7be1a2388	018e61da-976d-7fca-9165-3e872014d47f	2024-06-10 17:47:03.019603+02	\N	SINGLE_VALUE	10000000	SINGLE_VALUE	50000	\N	1	KOOPWONING	\N	\N
0190073b-e7d0-7eb4-ab8a-d464f7a6bf30	0190073b-e7cf-7d04-b562-e1e2c211ee62	0190073b-bed9-7c59-a922-c188b71b346a	0190073b-bed9-7144-a2b1-e14c1bf8738f	018e61da-976d-7fca-9165-3e872014d47f	2024-06-11 14:18:04.878941+02	\N	SINGLE_VALUE	10000000	SINGLE_VALUE	50000	\N	1	KOOPWONING	\N	\N
0190074b-e1a6-73ef-9da1-3b63086ad277	0190074b-e1a5-7064-bdfa-fccaa801509d	0190074b-9ef5-76b8-ba40-4f58e452d3fd	0190074b-9ef5-77d8-a5a2-f023c68ac578	018e61da-976d-7fca-9165-3e872014d47f	2024-06-11 14:35:31.877545+02	\N	SINGLE_VALUE	10000000	SINGLE_VALUE	50000	\N	1	KOOPWONING	\N	\N
01900770-c6f4-7202-a37b-73fe8f7c63ce	01900770-c6f4-7b6d-8f5a-8293f1e8ff8f	01900770-9bec-7315-8de0-ec01bfea203e	01900770-9bec-77f8-89ca-41b649267114	018e61da-976d-7fca-9165-3e872014d47f	2024-06-11 15:15:49.876097+02	\N	SINGLE_VALUE	10000000	SINGLE_VALUE	50000	\N	1	KOOPWONING	\N	\N
\.


--
-- Data for Name: woningblok_grondpositie_changelog; Type: TABLE DATA; Schema: diwi_testset; Owner: ali
--

COPY diwi_testset.woningblok_grondpositie_changelog (id, woningblok_id, start_milestone_id, end_milestone_id, create_user_id, change_start_date, change_end_date, change_user_id) FROM stdin;
be6b2f40-1199-458a-9883-ed8dd9164dfc	16dbf29e-bd3e-419e-9b2c-0bfd834c0d19	ee3cbe15-7a5d-42c6-a807-0a7593a24d4f	342887ab-2106-45c4-9565-a4b83f4d3362	2122426c-6e70-419c-a054-f51dd24d798b	2024-03-21 17:31:19.919029+01	\N	\N
018e6583-3d17-764a-b454-048706fc0e2c	018e6567-5cc6-759b-88c1-3fdeb9563668	018e656d-591d-7f2f-b8da-35cdf53a3eba	018e6567-5cc6-7d13-b704-f7658a9f9a65	018e61da-976d-7fca-9165-3e872014d47f	2024-03-22 10:34:43.474045+01	\N	\N
018e6a88-d660-773d-bb94-8f849a1e41d2	018e6a88-d65e-7cc7-9743-a542c02437df	018e6a88-d65e-73af-85a5-0b5b048702c8	018e6a88-d65e-73a1-a14a-0e6a0eb6a745	018e61da-976d-7fca-9165-3e872014d47f	2024-03-23 09:58:56.478706+01	\N	\N
018e8583-ba19-789e-a988-db9ddbddfadd	018e8583-ba18-79be-83d0-0de6fa254e5b	018e8583-ba17-7254-9666-95587ce3e88b	018e8583-ba18-75eb-b6af-95cc7bce8857	018e61da-976d-7fca-9165-3e872014d47f	2024-03-28 15:43:06.392112+01	2024-03-29 08:44:37.803507+01	018e61da-976d-7fca-9165-3e872014d47f
018e892a-f645-7941-90ca-501300f6ce10	018e8583-ba18-79be-83d0-0de6fa254e5b	018e892a-f5b6-70b1-9ac6-9bd4eb9498c4	018e892a-f640-7b45-8a80-8fde2832099f	018e61da-976d-7fca-9165-3e872014d47f	2024-03-29 08:44:37.939365+01	\N	\N
018e892a-f5c6-7774-9e40-907e3a6a86df	018e8583-ba18-79be-83d0-0de6fa254e5b	018e892a-f5b6-70b1-9ac6-9bd4eb9498c4	018e8583-ba18-75eb-b6af-95cc7bce8857	018e61da-976d-7fca-9165-3e872014d47f	2024-03-29 08:44:37.803507+01	2024-03-29 08:44:37.939365+01	018e61da-976d-7fca-9165-3e872014d47f
01900231-e884-75d7-aaa8-63093e4e793f	01900231-e884-7a0b-88e7-2daf4320cf35	01900231-c01d-7608-8bfc-953aab2933fa	01900231-c01d-7cbc-991d-291b604242b6	018e61da-976d-7fca-9165-3e872014d47f	2024-06-10 14:49:03.620378+02	\N	\N
01900232-99fb-72da-ad3f-666412967c41	01900232-99fb-7c37-be0d-92ecbf6fb716	01900232-5bf2-7721-86b2-1886149a9f6a	01900232-5bf2-7dda-a25a-490fd391a4cf	018e61da-976d-7fca-9165-3e872014d47f	2024-06-10 14:49:49.051223+02	\N	\N
0190023b-e8d1-7f75-9ea5-1603d1751557	0190023b-e8d1-7a5f-9e1b-b5bf36e973ad	0190023b-c131-7ab1-acb7-bcb70d47e6a0	0190023b-c131-7953-be79-98eed72b10a9	018e61da-976d-7fca-9165-3e872014d47f	2024-06-10 14:59:59.05723+02	\N	\N
01900243-afc4-7988-a0a1-cd2a7b6db810	01900243-afc4-738d-9eb3-811a0f575ba8	01900243-87f4-7ce5-a3e6-6859ce3f57ef	01900243-87f4-7f73-80d6-3837a993a75d	018e61da-976d-7fca-9165-3e872014d47f	2024-06-10 15:08:28.740652+02	\N	\N
01900244-eb8f-78b8-b0b9-2a6528a72aea	01900244-eb8f-7d63-9b6b-ba00ca1ccea1	01900244-c2e1-75fc-8b55-c32627e04991	01900244-c2e1-7bd7-85ea-132c3f1c63c1	018e61da-976d-7fca-9165-3e872014d47f	2024-06-10 15:09:49.583809+02	\N	\N
019002d0-9b28-7458-bb4f-21cf270e3922	019002d0-9b28-75e5-9da0-84aebec5a5d9	019002d0-5bf1-74dc-ada9-e0660d7c4317	019002d0-5bf1-7e8c-8ec8-acf5b4ca6c57	018e61da-976d-7fca-9165-3e872014d47f	2024-06-10 17:42:24.040404+02	\N	\N
019002d3-48c0-7428-a30e-f5bb2f6b9c12	019002d3-48c0-785b-bc2c-2771bae1e3ad	019002d3-0ce8-7afc-8901-8f7333598585	019002d3-0ce8-781c-a8fc-b01925c826dd	018e61da-976d-7fca-9165-3e872014d47f	2024-06-10 17:45:19.552064+02	\N	\N
019002d4-dceb-76c1-bb17-fef4b1327e61	019002d4-dceb-77b6-bd11-92253519de89	019002d4-a001-7bd3-91ee-c84b409325cd	019002d4-a001-723a-b300-9be7be1a2388	018e61da-976d-7fca-9165-3e872014d47f	2024-06-10 17:47:03.019603+02	\N	\N
01900396-bbe0-7a33-b918-7340524695ac	01900396-bbdf-7bf8-9b13-c427efed4b5a	01900396-85e8-7c9e-8cb6-55121b2c71ca	01900396-85e8-7c96-b65f-d28fbcc818c5	018e61da-976d-7fca-9165-3e872014d47f	2024-06-10 21:18:48.542858+02	\N	\N
01900397-f15b-782b-9669-f141f4356d71	01900397-f15b-792e-9d8f-f2ffacc24b56	01900397-bbc5-73d7-8f31-ecdac84693b3	01900397-bbc5-79c9-8649-2aa88b80c0ad	018e61da-976d-7fca-9165-3e872014d47f	2024-06-10 21:20:07.771131+02	\N	\N
01900722-2584-7d73-9fe2-d94117a09e21	01900722-2582-7e23-9746-adccf379c7b1	01900721-ea95-7f92-96a8-a0cb207afe90	01900721-ea96-7813-b35c-953fddb9cf94	018e61da-976d-7fca-9165-3e872014d47f	2024-06-11 13:49:56.738131+02	\N	\N
01900739-9e66-72eb-9d9e-d7fc9e668758	01900739-9e65-7577-88f6-072daa804517	01900739-7129-7015-a838-424d222b9387	01900739-7129-7cbf-b230-fcf393986e6d	018e61da-976d-7fca-9165-3e872014d47f	2024-06-11 14:15:35.013825+02	\N	\N
0190073a-5139-718b-abb4-02d6d6adef76	0190073a-5139-7a19-8b57-58f07fcbcf48	0190073a-0fb2-7b3c-a8c7-09ff305da4c0	0190073a-0fb2-70cc-ab49-14bcd488266d	018e61da-976d-7fca-9165-3e872014d47f	2024-06-11 14:16:20.792897+02	\N	\N
0190073b-e7d0-7e98-8ff6-2adaa0333686	0190073b-e7cf-7d04-b562-e1e2c211ee62	0190073b-bed9-7c59-a922-c188b71b346a	0190073b-bed9-7144-a2b1-e14c1bf8738f	018e61da-976d-7fca-9165-3e872014d47f	2024-06-11 14:18:04.878941+02	\N	\N
0190074b-e1a6-7394-bb01-dc1ca07ae92f	0190074b-e1a5-7064-bdfa-fccaa801509d	0190074b-9ef5-76b8-ba40-4f58e452d3fd	0190074b-9ef5-77d8-a5a2-f023c68ac578	018e61da-976d-7fca-9165-3e872014d47f	2024-06-11 14:35:31.877545+02	\N	\N
01900770-c6f4-7b19-be83-c96796272bd2	01900770-c6f4-7b6d-8f5a-8293f1e8ff8f	01900770-9bec-7315-8de0-ec01bfea203e	01900770-9bec-77f8-89ca-41b649267114	018e61da-976d-7fca-9165-3e872014d47f	2024-06-11 15:15:49.876097+02	\N	\N
\.


--
-- Data for Name: woningblok_grondpositie_changelog_value; Type: TABLE DATA; Schema: diwi_testset; Owner: ali
--

COPY diwi_testset.woningblok_grondpositie_changelog_value (id, woningblok_grondpositie_changelog_id, grondpositie, amount) FROM stdin;
a6fdef4f-c862-4602-9be3-c1b534bef78f	be6b2f40-1199-458a-9883-ed8dd9164dfc	FORMELE_TOESTEMMING_GRONDEIGENAAR	10
6bc189e8-6aad-4d4e-ac8f-190ef0fe6adb	be6b2f40-1199-458a-9883-ed8dd9164dfc	INTENTIE_MEDEWERKING_GRONDEIGENAAR	20
8e065a2e-51ac-461e-bc2b-b66f77ac31dd	be6b2f40-1199-458a-9883-ed8dd9164dfc	GEEN_TOESTEMMING_GRONDEIGENAAR	30
018e6583-3d17-7427-a891-c241f607ebe6	018e6583-3d17-764a-b454-048706fc0e2c	GEEN_TOESTEMMING_GRONDEIGENAAR	1
018e6583-3d18-74f0-9895-d905e5f20894	018e6583-3d17-764a-b454-048706fc0e2c	INTENTIE_MEDEWERKING_GRONDEIGENAAR	1
018e6a88-d660-7ff9-960a-80159e035dc3	018e6a88-d660-773d-bb94-8f849a1e41d2	FORMELE_TOESTEMMING_GRONDEIGENAAR	1
018e6a88-d660-7033-8800-2307d1b5d274	018e6a88-d660-773d-bb94-8f849a1e41d2	INTENTIE_MEDEWERKING_GRONDEIGENAAR	1
018e6a88-d660-7101-8688-5c898480187b	018e6a88-d660-773d-bb94-8f849a1e41d2	GEEN_TOESTEMMING_GRONDEIGENAAR	1
018e8583-ba19-7cd6-97b9-ef7e0e4b54e6	018e8583-ba19-789e-a988-db9ddbddfadd	FORMELE_TOESTEMMING_GRONDEIGENAAR	1
018e8583-ba19-7f6e-b21e-62faf1c63611	018e8583-ba19-789e-a988-db9ddbddfadd	INTENTIE_MEDEWERKING_GRONDEIGENAAR	1
018e8583-ba19-7db4-b505-f521879c6415	018e8583-ba19-789e-a988-db9ddbddfadd	GEEN_TOESTEMMING_GRONDEIGENAAR	1
018e892a-f5c6-7724-9470-5ec71199637f	018e892a-f5c6-7774-9e40-907e3a6a86df	FORMELE_TOESTEMMING_GRONDEIGENAAR	1
018e892a-f5c7-7e75-b9ae-6c7fc803bb64	018e892a-f5c6-7774-9e40-907e3a6a86df	INTENTIE_MEDEWERKING_GRONDEIGENAAR	1
018e892a-f5c7-7f1b-aad6-68c4e523a914	018e892a-f5c6-7774-9e40-907e3a6a86df	GEEN_TOESTEMMING_GRONDEIGENAAR	1
018e892a-f645-7f2a-9445-e31f884c7ba5	018e892a-f645-7941-90ca-501300f6ce10	FORMELE_TOESTEMMING_GRONDEIGENAAR	1
018e892a-f645-755a-9f36-113909ecfb23	018e892a-f645-7941-90ca-501300f6ce10	INTENTIE_MEDEWERKING_GRONDEIGENAAR	1
018e892a-f645-79e2-886b-514ad871c4c1	018e892a-f645-7941-90ca-501300f6ce10	GEEN_TOESTEMMING_GRONDEIGENAAR	1
01900231-e885-7bd9-9792-e51d3ce4336a	01900231-e884-75d7-aaa8-63093e4e793f	FORMELE_TOESTEMMING_GRONDEIGENAAR	1
01900231-e885-7b18-9c0d-35d6cc97cf27	01900231-e884-75d7-aaa8-63093e4e793f	INTENTIE_MEDEWERKING_GRONDEIGENAAR	1
01900231-e885-70a3-9781-4efae61c18c2	01900231-e884-75d7-aaa8-63093e4e793f	GEEN_TOESTEMMING_GRONDEIGENAAR	1
01900232-99fb-72ad-914e-6a5732271b67	01900232-99fb-72da-ad3f-666412967c41	FORMELE_TOESTEMMING_GRONDEIGENAAR	1
01900232-99fb-71e2-b89b-84af38847f1e	01900232-99fb-72da-ad3f-666412967c41	INTENTIE_MEDEWERKING_GRONDEIGENAAR	1
01900232-99fb-748f-987a-378f842cee05	01900232-99fb-72da-ad3f-666412967c41	GEEN_TOESTEMMING_GRONDEIGENAAR	1
0190023b-e8d1-7732-a02c-d45021a6c4de	0190023b-e8d1-7f75-9ea5-1603d1751557	FORMELE_TOESTEMMING_GRONDEIGENAAR	1
0190023b-e8d1-7a14-9313-53150ee41673	0190023b-e8d1-7f75-9ea5-1603d1751557	INTENTIE_MEDEWERKING_GRONDEIGENAAR	1
0190023b-e8d1-7f85-8acb-f925b73e4c65	0190023b-e8d1-7f75-9ea5-1603d1751557	GEEN_TOESTEMMING_GRONDEIGENAAR	1
01900243-afc4-78b2-9ee3-7a136bd05710	01900243-afc4-7988-a0a1-cd2a7b6db810	FORMELE_TOESTEMMING_GRONDEIGENAAR	1
01900243-afc4-7953-a60a-4b9b57496895	01900243-afc4-7988-a0a1-cd2a7b6db810	INTENTIE_MEDEWERKING_GRONDEIGENAAR	1
01900243-afc4-71fb-8876-d9079171d20a	01900243-afc4-7988-a0a1-cd2a7b6db810	GEEN_TOESTEMMING_GRONDEIGENAAR	1
01900244-eb8f-7cf5-a887-c37f1cee6487	01900244-eb8f-78b8-b0b9-2a6528a72aea	FORMELE_TOESTEMMING_GRONDEIGENAAR	1
01900244-eb8f-7204-9cef-6d03a5e54740	01900244-eb8f-78b8-b0b9-2a6528a72aea	INTENTIE_MEDEWERKING_GRONDEIGENAAR	1
01900244-eb90-706d-b9fc-41482edf9bec	01900244-eb8f-78b8-b0b9-2a6528a72aea	GEEN_TOESTEMMING_GRONDEIGENAAR	1
019002d0-9b28-7609-9252-0963ace22dca	019002d0-9b28-7458-bb4f-21cf270e3922	FORMELE_TOESTEMMING_GRONDEIGENAAR	1
019002d0-9b28-7a92-9f20-661d88f246fa	019002d0-9b28-7458-bb4f-21cf270e3922	INTENTIE_MEDEWERKING_GRONDEIGENAAR	1
019002d0-9b28-751f-8bc9-b6fc0bd1565c	019002d0-9b28-7458-bb4f-21cf270e3922	GEEN_TOESTEMMING_GRONDEIGENAAR	1
019002d3-48c0-7168-97bb-a4f0b982a0b6	019002d3-48c0-7428-a30e-f5bb2f6b9c12	FORMELE_TOESTEMMING_GRONDEIGENAAR	1
019002d3-48c0-7d01-8ace-8e85a3c489ab	019002d3-48c0-7428-a30e-f5bb2f6b9c12	INTENTIE_MEDEWERKING_GRONDEIGENAAR	1
019002d3-48c0-70c8-991e-b07ad16abb9b	019002d3-48c0-7428-a30e-f5bb2f6b9c12	GEEN_TOESTEMMING_GRONDEIGENAAR	1
019002d4-dceb-72aa-bf5a-206b089b83a3	019002d4-dceb-76c1-bb17-fef4b1327e61	FORMELE_TOESTEMMING_GRONDEIGENAAR	1
019002d4-dceb-7e67-adb0-cbfa5b5992a3	019002d4-dceb-76c1-bb17-fef4b1327e61	INTENTIE_MEDEWERKING_GRONDEIGENAAR	1
019002d4-dceb-7ac7-985f-33beaf85f50e	019002d4-dceb-76c1-bb17-fef4b1327e61	GEEN_TOESTEMMING_GRONDEIGENAAR	1
01900396-bbe0-7aea-bc45-8ef189fdece0	01900396-bbe0-7a33-b918-7340524695ac	FORMELE_TOESTEMMING_GRONDEIGENAAR	1
01900396-bbe0-7af6-a016-99e042970c32	01900396-bbe0-7a33-b918-7340524695ac	INTENTIE_MEDEWERKING_GRONDEIGENAAR	1
01900396-bbe0-7d1d-b380-2bef57c5c4f3	01900396-bbe0-7a33-b918-7340524695ac	GEEN_TOESTEMMING_GRONDEIGENAAR	1
01900397-f15b-76af-b810-ae4e3d7b4050	01900397-f15b-782b-9669-f141f4356d71	FORMELE_TOESTEMMING_GRONDEIGENAAR	1
01900397-f15b-7cef-bab9-39e758c71821	01900397-f15b-782b-9669-f141f4356d71	INTENTIE_MEDEWERKING_GRONDEIGENAAR	1
01900397-f15b-7783-bf2c-0895e5af1d54	01900397-f15b-782b-9669-f141f4356d71	GEEN_TOESTEMMING_GRONDEIGENAAR	1
01900722-2585-77d6-a258-07410432f622	01900722-2584-7d73-9fe2-d94117a09e21	FORMELE_TOESTEMMING_GRONDEIGENAAR	1
01900722-2585-724b-b9be-b3e27a916bd9	01900722-2584-7d73-9fe2-d94117a09e21	INTENTIE_MEDEWERKING_GRONDEIGENAAR	1
01900722-2585-76be-9002-1a445b5d5389	01900722-2584-7d73-9fe2-d94117a09e21	GEEN_TOESTEMMING_GRONDEIGENAAR	1
01900739-9e66-7214-b3af-63cbc3dfac40	01900739-9e66-72eb-9d9e-d7fc9e668758	FORMELE_TOESTEMMING_GRONDEIGENAAR	1
01900739-9e66-7644-a4d6-1722b41ed5dd	01900739-9e66-72eb-9d9e-d7fc9e668758	INTENTIE_MEDEWERKING_GRONDEIGENAAR	1
01900739-9e66-74c2-99fb-eda916bc41ff	01900739-9e66-72eb-9d9e-d7fc9e668758	GEEN_TOESTEMMING_GRONDEIGENAAR	1
0190073a-5139-7aec-91ad-41ba0d0fb25c	0190073a-5139-718b-abb4-02d6d6adef76	FORMELE_TOESTEMMING_GRONDEIGENAAR	1
0190073a-5139-794e-b736-e47b97cb5857	0190073a-5139-718b-abb4-02d6d6adef76	INTENTIE_MEDEWERKING_GRONDEIGENAAR	1
0190073a-5139-7164-9d97-1c58c8cb1688	0190073a-5139-718b-abb4-02d6d6adef76	GEEN_TOESTEMMING_GRONDEIGENAAR	1
0190073b-e7d0-7121-b44b-ca46baf2fae4	0190073b-e7d0-7e98-8ff6-2adaa0333686	FORMELE_TOESTEMMING_GRONDEIGENAAR	1
0190073b-e7d0-760c-8245-80c2d1132d90	0190073b-e7d0-7e98-8ff6-2adaa0333686	INTENTIE_MEDEWERKING_GRONDEIGENAAR	1
0190073b-e7d0-78d8-ac3e-b3a67bfa7642	0190073b-e7d0-7e98-8ff6-2adaa0333686	GEEN_TOESTEMMING_GRONDEIGENAAR	1
0190074b-e1a6-7400-a40e-1c479766ff56	0190074b-e1a6-7394-bb01-dc1ca07ae92f	FORMELE_TOESTEMMING_GRONDEIGENAAR	1
0190074b-e1a6-73f9-81af-36b9badfb72a	0190074b-e1a6-7394-bb01-dc1ca07ae92f	INTENTIE_MEDEWERKING_GRONDEIGENAAR	1
0190074b-e1a6-7267-b9aa-bedde6ae8aa3	0190074b-e1a6-7394-bb01-dc1ca07ae92f	GEEN_TOESTEMMING_GRONDEIGENAAR	1
01900770-c6f4-7e70-8a4d-247978262cd2	01900770-c6f4-7b19-be83-c96796272bd2	FORMELE_TOESTEMMING_GRONDEIGENAAR	1
01900770-c6f4-71ff-934a-fb4e67878f9e	01900770-c6f4-7b19-be83-c96796272bd2	INTENTIE_MEDEWERKING_GRONDEIGENAAR	1
01900770-c6f4-7a9b-a402-985decbc8fe7	01900770-c6f4-7b19-be83-c96796272bd2	GEEN_TOESTEMMING_GRONDEIGENAAR	1
\.


--
-- Data for Name: woningblok_grootte_changelog; Type: TABLE DATA; Schema: diwi_testset; Owner: ali
--

COPY diwi_testset.woningblok_grootte_changelog (id, woningblok_id, start_milestone_id, end_milestone_id, create_user_id, change_start_date, change_end_date, value, value_range, value_type, change_user_id) FROM stdin;
f03e3d29-c8bf-44d4-816a-cb9de50af790	16dbf29e-bd3e-419e-9b2c-0bfd834c0d19	ee3cbe15-7a5d-42c6-a807-0a7593a24d4f	342887ab-2106-45c4-9565-a4b83f4d3362	2122426c-6e70-419c-a054-f51dd24d798b	2024-03-21 17:31:19.979488+01	\N	\N	[11.1,22.2]	RANGE	\N
018e656e-4922-7b67-84ff-e84ee1640526	018e6567-5cc6-759b-88c1-3fdeb9563668	018e656d-591d-7f2f-b8da-35cdf53a3eba	018e6567-5cc6-7d13-b704-f7658a9f9a65	018e61da-976d-7fca-9165-3e872014d47f	2024-03-22 10:11:50.303317+01	\N	120	\N	SINGLE_VALUE	\N
018e65d5-2dc4-7d6f-becd-50011eafdd0f	018e65d5-2dc4-76b6-840c-52294fc96553	018e6594-726b-7285-9c34-e426816b3939	018e65d5-2dc4-7b76-bb24-5dd79a0b905b	018e61da-976d-7fca-9165-3e872014d47f	2024-03-22 12:04:13.508521+01	2024-03-22 12:04:31.052939+01	\N	[120,150]	RANGE	018e61da-976d-7fca-9165-3e872014d47f
018e65d5-d198-7fff-b0ac-29ae45cf29ef	018e65d5-2dc4-76b6-840c-52294fc96553	018e6594-726b-7285-9c34-e426816b3939	018e65d5-2dc4-7b76-bb24-5dd79a0b905b	018e61da-976d-7fca-9165-3e872014d47f	2024-03-22 12:04:55.443956+01	\N	\N	[150,160]	RANGE	\N
018e65d5-7251-7469-9c40-8756c87c91d7	018e65d5-2dc4-76b6-840c-52294fc96553	018e6594-726b-7285-9c34-e426816b3939	018e65d5-2dc4-7b76-bb24-5dd79a0b905b	018e61da-976d-7fca-9165-3e872014d47f	2024-03-22 12:04:31.052939+01	2024-03-22 12:04:55.443956+01	150	\N	SINGLE_VALUE	018e61da-976d-7fca-9165-3e872014d47f
018e65e2-1f43-772a-836b-81fd4f1dfa0c	018e6217-1ef9-7fb3-b48b-0536320f4e5f	018e6217-1ef4-71a2-8655-341334c4f1c0	018e61e1-d225-712d-8838-a08bd94a89a9	018e61da-976d-7fca-9165-3e872014d47f	2024-03-22 12:18:21.76155+01	\N	\N	[100,120]	RANGE	\N
018e65f5-3f08-7c0e-8b76-51bde4ca174f	018e620d-0fb3-77fb-9a8d-aac310b3dadb	018e6594-726b-7285-9c34-e426816b3939	018e61e1-d225-712d-8838-a08bd94a89a9	018e61da-976d-7fca-9165-3e872014d47f	2024-03-22 12:39:15.074317+01	\N	\N	[160,258]	RANGE	\N
018e65e2-7037-7143-80e2-dbefc2bb6030	018e620d-0fb3-77fb-9a8d-aac310b3dadb	018e6594-726b-7285-9c34-e426816b3939	018e61e1-d225-712d-8838-a08bd94a89a9	018e61da-976d-7fca-9165-3e872014d47f	2024-03-22 12:18:42.479031+01	2024-03-22 12:39:15.074317+01	160	\N	SINGLE_VALUE	018e61da-976d-7fca-9165-3e872014d47f
018e6a88-d65f-7a61-a55c-9bb17860e02d	018e6a88-d65e-7cc7-9743-a542c02437df	018e6a88-d65e-73af-85a5-0b5b048702c8	018e6a88-d65e-73a1-a14a-0e6a0eb6a745	018e61da-976d-7fca-9165-3e872014d47f	2024-03-23 09:58:56.478706+01	\N	300	\N	SINGLE_VALUE	\N
018e6ab6-e64a-7355-834a-6948c8d3513a	018e6ab6-e64a-78b6-b35d-96d6058294f7	018e6ab6-e64a-7966-8edc-79fbd8efd7ad	018e6ab6-e64a-77d6-94a9-fd51afd4a342	018e61da-976d-7fca-9165-3e872014d47f	2024-03-23 10:49:15.210581+01	\N	0	\N	SINGLE_VALUE	\N
018e6abb-06de-79de-9222-70e74f6c2f90	018e6abb-06de-708c-842b-ea1594eebc57	018e6aba-aead-721a-bb81-ae4f10bf38fc	018e6abb-06de-7b80-a40f-e43678785876	018e61da-976d-7fca-9165-3e872014d47f	2024-03-23 10:53:45.694492+01	\N	0	\N	SINGLE_VALUE	\N
018e6abd-c475-7a96-bc81-6bf5fc6f63a3	018e6abd-c474-7580-b55b-d2e059bd65dc	018e6abd-c474-72f4-befc-6869a12436e8	018e6abd-c474-7702-b07f-073985a5d416	018e61da-976d-7fca-9165-3e872014d47f	2024-03-23 10:56:45.300788+01	\N	1	\N	SINGLE_VALUE	\N
018e6aca-379b-77a0-9d31-f7dff85c27d7	018e6aca-379a-7599-b741-1fc99f25cca3	018e6aca-379a-7459-a74a-694d231c0161	018e6aca-379a-7357-978e-8c236cfbd21b	018e61da-976d-7fca-9165-3e872014d47f	2024-03-23 11:10:21.210915+01	\N	0	\N	SINGLE_VALUE	\N
018e7b00-5469-795f-b2f4-b72c8bc79538	018e7b00-5468-71d6-85cf-802ec4493ba7	018e7b00-5467-7943-9bbf-1e60aae63e7f	018e7b00-5468-7f88-a5e5-6e7d42899c0c	018e61da-976d-7fca-9165-3e872014d47f	2024-03-26 14:43:22.984141+01	\N	30	\N	SINGLE_VALUE	\N
018e7b12-6b60-7161-a52f-d81e824e57e9	018e7b12-6b60-7d7b-8901-9a94147d7794	018e7b12-6b60-7f03-9f6d-c1700af2c043	018e7b12-6b60-7138-8e4c-984f121fb240	018e61da-976d-7fca-9165-3e872014d47f	2024-03-26 15:03:08.512499+01	\N	350	\N	SINGLE_VALUE	\N
018e7f38-5675-7be2-8bcb-a9acfac57d74	018e7f38-5675-7a43-ab3f-da43561b9f00	018e7f38-5675-7c01-9ca1-d384678dbffc	018e7f38-5675-7449-9d79-f2cb15b6fb81	018e61da-976d-7fca-9165-3e872014d47f	2024-03-27 10:23:02.389368+01	\N	60	\N	SINGLE_VALUE	\N
018e7f7a-5d16-7a69-86fe-8244556274f9	018e7f7a-5d16-715c-b193-6e49588c5d26	018e7f38-5675-7c01-9ca1-d384678dbffc	018e7f38-5675-7449-9d79-f2cb15b6fb81	018e61da-976d-7fca-9165-3e872014d47f	2024-03-27 11:35:09.462233+01	\N	0	\N	SINGLE_VALUE	\N
018e7f8d-8e37-77e9-a7ad-fe9cc6783b1b	018e7f8d-8e37-7a66-8af4-50152e0c112f	018e7f8d-8e36-77fa-82a3-792654f6b67d	018e7f8d-8e37-7551-9b72-63fcedaac440	018e61da-976d-7fca-9165-3e872014d47f	2024-03-27 11:56:07.223445+01	\N	0	\N	SINGLE_VALUE	\N
018e7f9e-3f4c-7459-a97e-9eab91aec8e0	018e7f9e-3f4c-794f-8d9c-e85f24d96699	018e7f9e-3f4c-7945-831a-73bacabeec76	018e7f9e-3f4c-7762-9717-b7c92126962c	018e61da-976d-7fca-9165-3e872014d47f	2024-03-27 12:14:21.132722+01	\N	0	\N	SINGLE_VALUE	\N
018e7f9f-08dc-77dc-83fa-f39e20b04fb0	018e7f9f-08dc-7f2e-aa79-5748fdeec979	018e7f9e-3f4c-7945-831a-73bacabeec76	018e7f9e-3f4c-7762-9717-b7c92126962c	018e61da-976d-7fca-9165-3e872014d47f	2024-03-27 12:15:12.731984+01	\N	0	\N	SINGLE_VALUE	\N
018e7f9f-b66f-7994-a901-1e27154f6555	018e7f9f-b66f-7914-80b9-dfaa52ed52c8	018e7f9e-3f4c-7945-831a-73bacabeec76	018e7f9e-3f4c-7762-9717-b7c92126962c	018e61da-976d-7fca-9165-3e872014d47f	2024-03-27 12:15:57.167626+01	\N	0	\N	SINGLE_VALUE	\N
018e8562-6994-757f-907d-869b46641efd	018e8562-6994-7721-945b-24804a15d293	018e8562-6993-7280-9a0e-699fa2d3d1aa	018e8562-6993-7025-8a49-d8daa6bbad69	018e61da-976d-7fca-9165-3e872014d47f	2024-03-28 15:06:43.091965+01	\N	0	\N	SINGLE_VALUE	\N
018e8581-a869-7f73-bfe0-61dd1470edb2	018e8581-a868-7836-889d-cd0aeaca1cce	018e8581-a868-7b73-9d5c-bb33172894ee	018e8581-a868-767d-ae3e-d8cae764ddd6	018e61da-976d-7fca-9165-3e872014d47f	2024-03-28 15:40:50.792609+01	\N	0	\N	SINGLE_VALUE	\N
018e8583-ba18-7dfc-896a-23accd4c822c	018e8583-ba18-79be-83d0-0de6fa254e5b	018e8583-ba17-7254-9666-95587ce3e88b	018e8583-ba18-75eb-b6af-95cc7bce8857	018e61da-976d-7fca-9165-3e872014d47f	2024-03-28 15:43:06.392112+01	2024-03-29 08:44:37.71409+01	300	\N	SINGLE_VALUE	018e61da-976d-7fca-9165-3e872014d47f
018e892a-f5ea-7d08-b4b0-9482ac285f4c	018e8583-ba18-79be-83d0-0de6fa254e5b	018e892a-f5b6-70b1-9ac6-9bd4eb9498c4	018e892a-f553-7142-9c34-25c884be6354	018e61da-976d-7fca-9165-3e872014d47f	2024-03-29 08:44:37.803507+01	\N	300	\N	SINGLE_VALUE	\N
018e892a-f554-7f0b-8d79-d24965d3ef12	018e8583-ba18-79be-83d0-0de6fa254e5b	018e8583-ba17-7254-9666-95587ce3e88b	018e892a-f553-7142-9c34-25c884be6354	018e61da-976d-7fca-9165-3e872014d47f	2024-03-29 08:44:37.71409+01	2024-03-29 08:44:37.803507+01	300	\N	SINGLE_VALUE	018e61da-976d-7fca-9165-3e872014d47f
018e892a-f65f-7af4-a016-80b286b94304	018e8583-ba18-79be-83d0-0de6fa254e5b	018e892a-f553-7142-9c34-25c884be6354	018e892a-f640-7b45-8a80-8fde2832099f	018e61da-976d-7fca-9165-3e872014d47f	2024-03-29 08:44:37.939365+01	\N	180	\N	SINGLE_VALUE	\N
018e892a-f554-7aad-8b25-035df85fab37	018e8583-ba18-79be-83d0-0de6fa254e5b	018e892a-f553-7142-9c34-25c884be6354	018e8583-ba18-75eb-b6af-95cc7bce8857	018e61da-976d-7fca-9165-3e872014d47f	2024-03-29 08:44:37.71409+01	2024-03-29 08:44:37.939365+01	180	\N	SINGLE_VALUE	018e61da-976d-7fca-9165-3e872014d47f
018e8ac2-479e-7ac5-b0a2-2eb24c27e246	018e8ac2-479a-7062-b4ff-1f512a9d36ef	018e8ac2-0bb9-7b24-9487-c2ff0ccb8fe8	018e8ac2-0bc4-7288-8a93-2ce056c11e3b	018e61da-976d-7fca-9165-3e872014d47f	2024-03-29 16:09:31.929923+01	\N	0	\N	SINGLE_VALUE	\N
018e8ad3-8b3e-733c-80a6-95daa6e7055c	018e8ad3-8b3d-7163-9eb5-5281683b8bdd	018e8ad3-8b3c-7928-b96f-ac3ad1abc2d2	018e8ad3-8b3d-76cd-acd7-5e792350a2cd	018e61da-976d-7fca-9165-3e872014d47f	2024-03-29 16:28:23.357175+01	\N	0	\N	SINGLE_VALUE	\N
018e8afb-87aa-7be8-af85-41a9b2c92540	018e8afb-87aa-7618-877d-89762b73b7af	018e8afb-87a8-7c37-9cb9-c92b3d8dd223	018e8afb-87a9-7a2a-a227-19fef97c26bb	018e61da-976d-7fca-9165-3e872014d47f	2024-03-29 17:12:03.882029+01	\N	0	\N	SINGLE_VALUE	\N
018e8afc-dc65-7e3c-8e74-d67fe5e4b920	018e8afc-dc65-7b6c-bdaf-d02c2caa7f4c	018e8afc-dc64-7d12-970c-2b90d288804e	018e8afb-87a9-7a2a-a227-19fef97c26bb	018e61da-976d-7fca-9165-3e872014d47f	2024-03-29 17:13:31.109228+01	\N	0	\N	SINGLE_VALUE	\N
018e8afd-fbe7-7fe5-8601-48b142c00534	018e8afd-fbe6-785e-9c0f-5213256d5128	018e8afd-8bd7-7eb6-8eca-8201421b2953	018e8afd-8bd7-71d9-b8cb-4dfb9629b8f3	018e61da-976d-7fca-9165-3e872014d47f	2024-03-29 17:14:44.710417+01	\N	0	\N	SINGLE_VALUE	\N
018e8afe-5e4a-72e4-a9b3-c7c96915815c	018e8afe-5e4a-79bc-8aaf-0194ec5ed8b7	018e8afd-8bd7-7eb6-8eca-8201421b2953	018e8afd-8bd7-71d9-b8cb-4dfb9629b8f3	018e61da-976d-7fca-9165-3e872014d47f	2024-03-29 17:15:09.89833+01	\N	0	\N	SINGLE_VALUE	\N
018e8b04-a754-7fb4-a41c-3edbf609e52f	018e8b04-a754-7819-b721-501b0e59ab98	018e8b04-a753-7825-95fd-eb85e7e0ab71	018e8afd-8bd7-71d9-b8cb-4dfb9629b8f3	018e61da-976d-7fca-9165-3e872014d47f	2024-03-29 17:22:01.812043+01	\N	0	\N	SINGLE_VALUE	\N
018e8b05-5e8e-7f54-9ff9-bc6a266eff8b	018e8b05-5e8d-79d5-94b6-a76c8fa176e2	018e8b04-a753-7825-95fd-eb85e7e0ab71	018e8afd-8bd7-71d9-b8cb-4dfb9629b8f3	018e61da-976d-7fca-9165-3e872014d47f	2024-03-29 17:22:48.716475+01	\N	0	\N	SINGLE_VALUE	\N
018e8b0b-1058-742c-acf3-13fcd530dd2e	018e8b0b-1058-7530-a5f8-3bf0a0ca6436	018e8afd-8bd7-7eb6-8eca-8201421b2953	018e8b0b-1058-723d-8674-884ceff6ea04	018e61da-976d-7fca-9165-3e872014d47f	2024-03-29 17:29:01.912376+01	\N	1	\N	SINGLE_VALUE	\N
018e8b0b-969d-7a4d-941f-0c03580d22f3	018e8b0b-969d-749b-8327-e5793146cf98	018e8afd-8bd7-7eb6-8eca-8201421b2953	018e8b0b-1058-723d-8674-884ceff6ea04	018e61da-976d-7fca-9165-3e872014d47f	2024-03-29 17:29:36.285256+01	\N	1	\N	SINGLE_VALUE	\N
018f4e5f-ee8f-7f62-91ce-eecb876805fc	018f4e5f-ee8e-70c6-8eaa-8bc318c31e21	018e8abf-3936-7b9b-88af-f02cf4a28bf7	018e8abf-3936-76e6-9cd1-c96b976320ef	018e61da-976d-7fca-9165-3e872014d47f	2024-05-06 16:47:40.942496+02	\N	12	\N	SINGLE_VALUE	\N
0190022b-734d-7411-9408-557dcdb980d0	0190022b-734b-7081-a43f-6181d03a3794	0190021f-55fa-7e92-bf7d-5828e8adec6c	0190021f-55fa-7cde-8f03-ac35f9d99ea9	018e61da-976d-7fca-9165-3e872014d47f	2024-06-10 14:42:00.39581+02	\N	1	\N	SINGLE_VALUE	\N
01900231-e884-776b-99a0-81b3f3066bdd	01900231-e884-7a0b-88e7-2daf4320cf35	01900231-c01d-7608-8bfc-953aab2933fa	01900231-c01d-7cbc-991d-291b604242b6	018e61da-976d-7fca-9165-3e872014d47f	2024-06-10 14:49:03.620378+02	\N	100	\N	SINGLE_VALUE	\N
01900232-99fb-7bc6-b853-8b34ed7822f2	01900232-99fb-7c37-be0d-92ecbf6fb716	01900232-5bf2-7721-86b2-1886149a9f6a	01900232-5bf2-7dda-a25a-490fd391a4cf	018e61da-976d-7fca-9165-3e872014d47f	2024-06-10 14:49:49.051223+02	\N	100	\N	SINGLE_VALUE	\N
0190023b-e8d1-764a-8c51-40a27e762791	0190023b-e8d1-7a5f-9e1b-b5bf36e973ad	0190023b-c131-7ab1-acb7-bcb70d47e6a0	0190023b-c131-7953-be79-98eed72b10a9	018e61da-976d-7fca-9165-3e872014d47f	2024-06-10 14:59:59.05723+02	\N	100	\N	SINGLE_VALUE	\N
01900243-afc4-7285-8127-09913f1a9a25	01900243-afc4-738d-9eb3-811a0f575ba8	01900243-87f4-7ce5-a3e6-6859ce3f57ef	01900243-87f4-7f73-80d6-3837a993a75d	018e61da-976d-7fca-9165-3e872014d47f	2024-06-10 15:08:28.740652+02	\N	100	\N	SINGLE_VALUE	\N
01900244-eb8f-7da4-87bf-cb94e98144d5	01900244-eb8f-7d63-9b6b-ba00ca1ccea1	01900244-c2e1-75fc-8b55-c32627e04991	01900244-c2e1-7bd7-85ea-132c3f1c63c1	018e61da-976d-7fca-9165-3e872014d47f	2024-06-10 15:09:49.583809+02	\N	100	\N	SINGLE_VALUE	\N
019002d0-9b28-7b57-9e1f-584bc5ea0e34	019002d0-9b28-75e5-9da0-84aebec5a5d9	019002d0-5bf1-74dc-ada9-e0660d7c4317	019002d0-5bf1-7e8c-8ec8-acf5b4ca6c57	018e61da-976d-7fca-9165-3e872014d47f	2024-06-10 17:42:24.040404+02	\N	100	\N	SINGLE_VALUE	\N
019002d3-48c0-7b8b-8769-9848b64e2c21	019002d3-48c0-785b-bc2c-2771bae1e3ad	019002d3-0ce8-7afc-8901-8f7333598585	019002d3-0ce8-781c-a8fc-b01925c826dd	018e61da-976d-7fca-9165-3e872014d47f	2024-06-10 17:45:19.552064+02	\N	100	\N	SINGLE_VALUE	\N
019002d4-dceb-7762-9e15-0025db6716a1	019002d4-dceb-77b6-bd11-92253519de89	019002d4-a001-7bd3-91ee-c84b409325cd	019002d4-a001-723a-b300-9be7be1a2388	018e61da-976d-7fca-9165-3e872014d47f	2024-06-10 17:47:03.019603+02	\N	100	\N	SINGLE_VALUE	\N
01900396-bbe0-777e-8d3b-5329708c8c47	01900396-bbdf-7bf8-9b13-c427efed4b5a	01900396-85e8-7c9e-8cb6-55121b2c71ca	01900396-85e8-7c96-b65f-d28fbcc818c5	018e61da-976d-7fca-9165-3e872014d47f	2024-06-10 21:18:48.542858+02	\N	100	\N	SINGLE_VALUE	\N
01900397-f15b-7e85-bcd8-f86bcf2664ae	01900397-f15b-792e-9d8f-f2ffacc24b56	01900397-bbc5-73d7-8f31-ecdac84693b3	01900397-bbc5-79c9-8649-2aa88b80c0ad	018e61da-976d-7fca-9165-3e872014d47f	2024-06-10 21:20:07.771131+02	\N	100	\N	SINGLE_VALUE	\N
01900722-2584-7845-b7bb-caaee766e2f3	01900722-2582-7e23-9746-adccf379c7b1	01900721-ea95-7f92-96a8-a0cb207afe90	01900721-ea96-7813-b35c-953fddb9cf94	018e61da-976d-7fca-9165-3e872014d47f	2024-06-11 13:49:56.738131+02	\N	100	\N	SINGLE_VALUE	\N
01900739-9e66-7ab4-8720-f6f424aead40	01900739-9e65-7577-88f6-072daa804517	01900739-7129-7015-a838-424d222b9387	01900739-7129-7cbf-b230-fcf393986e6d	018e61da-976d-7fca-9165-3e872014d47f	2024-06-11 14:15:35.013825+02	\N	100	\N	SINGLE_VALUE	\N
0190073a-5139-7dc6-a809-b6593def3ca8	0190073a-5139-7a19-8b57-58f07fcbcf48	0190073a-0fb2-7b3c-a8c7-09ff305da4c0	0190073a-0fb2-70cc-ab49-14bcd488266d	018e61da-976d-7fca-9165-3e872014d47f	2024-06-11 14:16:20.792897+02	\N	100	\N	SINGLE_VALUE	\N
0190073b-e7d0-7df8-af12-db088247dc63	0190073b-e7cf-7d04-b562-e1e2c211ee62	0190073b-bed9-7c59-a922-c188b71b346a	0190073b-bed9-7144-a2b1-e14c1bf8738f	018e61da-976d-7fca-9165-3e872014d47f	2024-06-11 14:18:04.878941+02	\N	100	\N	SINGLE_VALUE	\N
0190074b-e1a5-7353-bda4-88922eaab8a5	0190074b-e1a5-7064-bdfa-fccaa801509d	0190074b-9ef5-76b8-ba40-4f58e452d3fd	0190074b-9ef5-77d8-a5a2-f023c68ac578	018e61da-976d-7fca-9165-3e872014d47f	2024-06-11 14:35:31.877545+02	\N	100	\N	SINGLE_VALUE	\N
01900770-c6f4-7f9d-9851-c578b88119c4	01900770-c6f4-7b6d-8f5a-8293f1e8ff8f	01900770-9bec-7315-8de0-ec01bfea203e	01900770-9bec-77f8-89ca-41b649267114	018e61da-976d-7fca-9165-3e872014d47f	2024-06-11 15:15:49.876097+02	\N	100	\N	SINGLE_VALUE	\N
\.


--
-- Data for Name: woningblok_maatwerk_boolean_changelog; Type: TABLE DATA; Schema: diwi_testset; Owner: ali
--

COPY diwi_testset.woningblok_maatwerk_boolean_changelog (id, start_milestone_id, end_milestone_id, woningblok_id, value, create_user_id, change_start_date, change_end_date, eigenschap_id, change_user_id) FROM stdin;
018e85ba-c163-7154-9509-61bb903dd5fb	018e8581-f92a-7047-b00a-5bdd5365a12f	018e8581-a868-767d-ae3e-d8cae764ddd6	018e8581-a868-7836-889d-cd0aeaca1cce	t	018e61da-976d-7fca-9165-3e872014d47f	2024-03-28 16:43:12.733049+01	\N	018e7b14-cdc9-7909-b6d6-61bd061ac7cd	\N
018e892b-584d-7333-8008-ea94eaa3e77b	018e892a-f542-784c-9097-e5d5c830a820	018e892a-f640-7b45-8a80-8fde2832099f	018e8583-ba18-79be-83d0-0de6fa254e5b	f	018e61da-976d-7fca-9165-3e872014d47f	2024-03-29 08:45:03.046024+01	\N	018e7b14-cdc9-7909-b6d6-61bd061ac7cd	\N
018e8aee-753b-7a80-9d82-d40fb450bb24	018e6217-1ef4-71a2-8655-341334c4f1c0	018e61e1-d225-712d-8838-a08bd94a89a9	018e6217-1ef9-7fb3-b48b-0536320f4e5f	f	018e61da-976d-7fca-9165-3e872014d47f	2024-03-29 16:57:47.183308+01	\N	018e7b14-cdc9-7909-b6d6-61bd061ac7cd	\N
018e8af0-08c9-7c5b-9911-324d2f0e9211	018e6594-726b-7285-9c34-e426816b3939	018e65d5-2dc4-7b76-bb24-5dd79a0b905b	018e65d5-2dc4-76b6-840c-52294fc96553	f	018e61da-976d-7fca-9165-3e872014d47f	2024-03-29 16:59:30.496118+01	\N	018e7b14-cdc9-7909-b6d6-61bd061ac7cd	\N
018e7f55-0556-7d39-9223-f1d111d93fb7	018e6594-726b-7285-9c34-e426816b3939	018e65d5-2dc4-7b76-bb24-5dd79a0b905b	018e65d5-2dc4-76b6-840c-52294fc96553	t	018e61da-976d-7fca-9165-3e872014d47f	2024-03-27 10:54:22.161127+01	2024-03-29 16:59:30.496118+01	018e7b14-cdc9-7909-b6d6-61bd061ac7cd	018e61da-976d-7fca-9165-3e872014d47f
018e8af5-d81a-7790-aea4-7d363273a875	018e6217-1ef4-71a2-8655-341334c4f1c0	018e61e1-d225-712d-8838-a08bd94a89a9	018e620d-0fb3-77fb-9a8d-aac310b3dadb	f	018e61da-976d-7fca-9165-3e872014d47f	2024-03-29 17:05:51.252108+01	\N	018e7b14-cdc9-7909-b6d6-61bd061ac7cd	\N
018e8af5-d81a-7b59-811e-4cdd488ecdd4	018e7ac1-9254-710b-a380-63ec67014fd4	018e6217-1ef4-71a2-8655-341334c4f1c0	018e620d-0fb3-77fb-9a8d-aac310b3dadb	t	018e61da-976d-7fca-9165-3e872014d47f	2024-03-29 17:05:51.252108+01	\N	018e7b14-cdc9-7909-b6d6-61bd061ac7cd	\N
018e7b15-ca88-7df5-b1c2-93d4e711152c	018e7ac1-9254-710b-a380-63ec67014fd4	018e61e1-d225-712d-8838-a08bd94a89a9	018e620d-0fb3-77fb-9a8d-aac310b3dadb	t	018e61da-976d-7fca-9165-3e872014d47f	2024-03-26 15:06:49.470747+01	2024-03-29 17:05:51.252108+01	018e7b14-cdc9-7909-b6d6-61bd061ac7cd	018e61da-976d-7fca-9165-3e872014d47f
018e8b0b-3ec5-77a4-af87-8399c0f6813c	018e8b0b-1058-723d-8674-884ceff6ea04	018e8b0b-1058-723d-8674-884ceff6ea04	018e8b0b-1058-7530-a5f8-3bf0a0ca6436	t	018e61da-976d-7fca-9165-3e872014d47f	2024-03-29 17:29:13.794672+01	\N	018e7b14-cdc9-7909-b6d6-61bd061ac7cd	\N
018f4e5f-ef07-72ac-a5fe-68b051f414cb	018f4e5f-ef07-7303-a3a5-4087a4d6a7f8	018e8abf-3936-76e6-9cd1-c96b976320ef	018f4e5f-ee8e-70c6-8eaa-8bc318c31e21	f	018e61da-976d-7fca-9165-3e872014d47f	2024-05-06 16:47:41.062076+02	\N	018e7b14-cdc9-7909-b6d6-61bd061ac7cd	\N
0190022b-73e0-7652-be50-ebdf7bb8ae1d	0190021f-562e-72e7-a20d-5fc6d38f6f58	0190021f-55fa-7cde-8f03-ac35f9d99ea9	0190022b-734b-7081-a43f-6181d03a3794	t	018e61da-976d-7fca-9165-3e872014d47f	2024-06-10 14:42:00.543556+02	\N	018e7b14-cdc9-7909-b6d6-61bd061ac7cd	\N
01900231-e8ca-7420-82b8-d9c5467cb886	01900231-c076-79cb-9f2d-61981c45d59e	01900231-c01d-7cbc-991d-291b604242b6	01900231-e884-7a0b-88e7-2daf4320cf35	f	018e61da-976d-7fca-9165-3e872014d47f	2024-06-10 14:49:03.689305+02	\N	018e7b14-cdc9-7909-b6d6-61bd061ac7cd	\N
01900232-9a73-74cf-97ab-60ff63086daa	01900232-5c33-76fb-8d14-64c7f830dbf6	01900232-5bf2-7dda-a25a-490fd391a4cf	01900232-99fb-7c37-be0d-92ecbf6fb716	f	018e61da-976d-7fca-9165-3e872014d47f	2024-06-10 14:49:49.170623+02	\N	018e7b14-cdc9-7909-b6d6-61bd061ac7cd	\N
0190023b-e932-7ce0-a53b-7dba4b8bd135	0190023b-c19c-7d59-9aca-50cc099f958f	0190023b-c131-7953-be79-98eed72b10a9	0190023b-e8d1-7a5f-9e1b-b5bf36e973ad	f	018e61da-976d-7fca-9165-3e872014d47f	2024-06-10 14:59:59.15146+02	\N	018e7b14-cdc9-7909-b6d6-61bd061ac7cd	\N
01900243-b00e-79dc-9abf-ec195c1fb38b	01900243-8877-7459-9e8a-3e925b24a5b4	01900243-87f4-7f73-80d6-3837a993a75d	01900243-afc4-738d-9eb3-811a0f575ba8	f	018e61da-976d-7fca-9165-3e872014d47f	2024-06-10 15:08:28.813745+02	\N	018e7b14-cdc9-7909-b6d6-61bd061ac7cd	\N
01900244-ec34-7538-bc13-7b38312da373	01900244-c33c-75a3-a18e-29dcb918c5ad	01900244-c2e1-7bd7-85ea-132c3f1c63c1	01900244-eb8f-7d63-9b6b-ba00ca1ccea1	f	018e61da-976d-7fca-9165-3e872014d47f	2024-06-10 15:09:49.747074+02	\N	018e7b14-cdc9-7909-b6d6-61bd061ac7cd	\N
019002d0-9b6c-7056-86b7-a98168267a02	019002d0-5c24-7432-9fb6-cbe0fe002cdd	019002d0-5bf1-7e8c-8ec8-acf5b4ca6c57	019002d0-9b28-75e5-9da0-84aebec5a5d9	f	018e61da-976d-7fca-9165-3e872014d47f	2024-06-10 17:42:24.106414+02	\N	018e7b14-cdc9-7909-b6d6-61bd061ac7cd	\N
019002d3-4901-708d-99f4-5d7daed61a57	019002d3-0d19-71b7-974c-8712ab90bba8	019002d3-0ce8-781c-a8fc-b01925c826dd	019002d3-48c0-785b-bc2c-2771bae1e3ad	f	018e61da-976d-7fca-9165-3e872014d47f	2024-06-10 17:45:19.61671+02	\N	018e7b14-cdc9-7909-b6d6-61bd061ac7cd	\N
019002d4-dd29-7ce0-9903-94f7b38f4128	019002d4-a02c-70e2-962d-de05831102ba	019002d4-a001-723a-b300-9be7be1a2388	019002d4-dceb-77b6-bd11-92253519de89	f	018e61da-976d-7fca-9165-3e872014d47f	2024-06-10 17:47:03.080001+02	\N	018e7b14-cdc9-7909-b6d6-61bd061ac7cd	\N
01900396-bc44-737d-ab9d-db43f377df2c	01900396-868e-789c-a4be-f4a14c635dd2	01900396-85e8-7c96-b65f-d28fbcc818c5	01900396-bbdf-7bf8-9b13-c427efed4b5a	f	018e61da-976d-7fca-9165-3e872014d47f	2024-06-10 21:18:48.641656+02	\N	018e7b14-cdc9-7909-b6d6-61bd061ac7cd	\N
01900397-f1ab-7632-a7e9-4daddcbf15ed	01900397-bc07-7041-824a-f58c5f2a3fcf	01900397-bbc5-79c9-8649-2aa88b80c0ad	01900397-f15b-792e-9d8f-f2ffacc24b56	f	018e61da-976d-7fca-9165-3e872014d47f	2024-06-10 21:20:07.846797+02	\N	018e7b14-cdc9-7909-b6d6-61bd061ac7cd	\N
01900722-2673-7d7d-97b6-e0e91728962a	01900721-eae9-7b35-9661-a2e2ee438969	01900721-ea96-7813-b35c-953fddb9cf94	01900722-2582-7e23-9746-adccf379c7b1	f	018e61da-976d-7fca-9165-3e872014d47f	2024-06-11 13:49:56.97762+02	\N	018e7b14-cdc9-7909-b6d6-61bd061ac7cd	\N
01900739-9ea7-7a99-9bb1-7603c9a5ae7b	01900739-715e-76ab-bdb7-441ecfa6cab0	01900739-7129-7cbf-b230-fcf393986e6d	01900739-9e65-7577-88f6-072daa804517	f	018e61da-976d-7fca-9165-3e872014d47f	2024-06-11 14:15:35.077991+02	\N	018e7b14-cdc9-7909-b6d6-61bd061ac7cd	\N
0190073a-5189-768b-ace0-e3299867443b	0190073a-0fe0-7f69-b239-e03cdbf1cd00	0190073a-0fb2-70cc-ab49-14bcd488266d	0190073a-5139-7a19-8b57-58f07fcbcf48	f	018e61da-976d-7fca-9165-3e872014d47f	2024-06-11 14:16:20.871158+02	\N	018e7b14-cdc9-7909-b6d6-61bd061ac7cd	\N
0190073b-e80b-76f1-9437-8864c50d3287	0190073b-bef9-7fa7-a336-9314061fcd69	0190073b-bed9-7144-a2b1-e14c1bf8738f	0190073b-e7cf-7d04-b562-e1e2c211ee62	f	018e61da-976d-7fca-9165-3e872014d47f	2024-06-11 14:18:04.939286+02	\N	018e7b14-cdc9-7909-b6d6-61bd061ac7cd	\N
0190074b-e1e1-792e-a269-8742d18f047e	0190074b-9f1a-7f40-9f07-aa535541f365	0190074b-9ef5-77d8-a5a2-f023c68ac578	0190074b-e1a5-7064-bdfa-fccaa801509d	f	018e61da-976d-7fca-9165-3e872014d47f	2024-06-11 14:35:31.9368+02	\N	018e7b14-cdc9-7909-b6d6-61bd061ac7cd	\N
01900770-c713-7cc0-8938-bfb378df221c	01900770-9c42-7d17-8c5e-7388de47125c	01900770-9bec-77f8-89ca-41b649267114	01900770-c6f4-7b6d-8f5a-8293f1e8ff8f	f	018e61da-976d-7fca-9165-3e872014d47f	2024-06-11 15:15:49.906237+02	\N	018e7b14-cdc9-7909-b6d6-61bd061ac7cd	\N
\.


--
-- Data for Name: woningblok_maatwerk_categorie_changelog; Type: TABLE DATA; Schema: diwi_testset; Owner: ali
--

COPY diwi_testset.woningblok_maatwerk_categorie_changelog (id, start_milestone_id, end_milestone_id, woningblok_id, create_user_id, change_start_date, change_end_date, change_user_id, eigenschap_id) FROM stdin;
018e7f55-0556-7e2d-9e6e-3b0f955215eb	018e6594-726b-7285-9c34-e426816b3939	018e65d5-2dc4-7b76-bb24-5dd79a0b905b	018e65d5-2dc4-76b6-840c-52294fc96553	018e61da-976d-7fca-9165-3e872014d47f	2024-03-27 10:54:22.161433+01	2024-03-27 12:28:56.219343+01	018e61da-976d-7fca-9165-3e872014d47f	018e7b14-639a-7e3b-9302-ab733d887bc4
018e7fab-999e-71e5-aa11-a3082a15466d	018e6594-726b-7285-9c34-e426816b3939	018e65d5-2dc4-7b76-bb24-5dd79a0b905b	018e65d5-2dc4-76b6-840c-52294fc96553	018e61da-976d-7fca-9165-3e872014d47f	2024-03-27 12:28:56.219343+01	2024-03-27 12:29:48.464343+01	018e61da-976d-7fca-9165-3e872014d47f	018e7b14-639a-7e3b-9302-ab733d887bc4
018e892b-584d-7d6d-a8a4-2bb01810ba1b	018e892a-f542-784c-9097-e5d5c830a820	018e892a-f640-7b45-8a80-8fde2832099f	018e8583-ba18-79be-83d0-0de6fa254e5b	018e61da-976d-7fca-9165-3e872014d47f	2024-03-29 08:45:03.046024+01	\N	\N	018e7b14-639a-7e3b-9302-ab733d887bc4
018e8aee-7519-752b-a8eb-0adb01fc8528	018e6217-1ef4-71a2-8655-341334c4f1c0	018e61e1-d225-712d-8838-a08bd94a89a9	018e6217-1ef9-7fb3-b48b-0536320f4e5f	018e61da-976d-7fca-9165-3e872014d47f	2024-03-29 16:57:47.156723+01	\N	\N	018e7b14-639a-7e3b-9302-ab733d887bc4
018e8af0-08c9-7bf8-bc19-54828fe4ac61	018e6594-726b-7285-9c34-e426816b3939	018e65d5-2dc4-7b76-bb24-5dd79a0b905b	018e65d5-2dc4-76b6-840c-52294fc96553	018e61da-976d-7fca-9165-3e872014d47f	2024-03-29 16:59:30.496119+01	\N	\N	018e7b14-639a-7e3b-9302-ab733d887bc4
018e7fac-65b5-77a4-8e64-d4d9dcc57f8e	018e6594-726b-7285-9c34-e426816b3939	018e65d5-2dc4-7b76-bb24-5dd79a0b905b	018e65d5-2dc4-76b6-840c-52294fc96553	018e61da-976d-7fca-9165-3e872014d47f	2024-03-27 12:29:48.464343+01	2024-03-29 16:59:30.496119+01	018e61da-976d-7fca-9165-3e872014d47f	018e7b14-639a-7e3b-9302-ab733d887bc4
018e8af5-d82d-7523-b3ae-17062a99e2d2	018e6217-1ef4-71a2-8655-341334c4f1c0	018e61e1-d225-712d-8838-a08bd94a89a9	018e620d-0fb3-77fb-9a8d-aac310b3dadb	018e61da-976d-7fca-9165-3e872014d47f	2024-03-29 17:05:51.254517+01	\N	\N	018e7b14-639a-7e3b-9302-ab733d887bc4
018e8af5-d83b-7198-b9ae-4b621f3bc67e	018e7ac1-9254-710b-a380-63ec67014fd4	018e6217-1ef4-71a2-8655-341334c4f1c0	018e620d-0fb3-77fb-9a8d-aac310b3dadb	018e61da-976d-7fca-9165-3e872014d47f	2024-03-29 17:05:51.254517+01	\N	\N	018e7b14-639a-7e3b-9302-ab733d887bc4
018e7b15-ca87-7bb0-8b21-e30264dfd2b9	018e7ac1-9254-710b-a380-63ec67014fd4	018e61e1-d225-712d-8838-a08bd94a89a9	018e620d-0fb3-77fb-9a8d-aac310b3dadb	018e61da-976d-7fca-9165-3e872014d47f	2024-03-26 15:06:49.468703+01	2024-03-29 17:05:51.254517+01	018e61da-976d-7fca-9165-3e872014d47f	018e7b14-639a-7e3b-9302-ab733d887bc4
018e8b0b-3ec6-7e45-9352-4bade6600792	018e8b0b-1058-723d-8674-884ceff6ea04	018e8b0b-1058-723d-8674-884ceff6ea04	018e8b0b-1058-7530-a5f8-3bf0a0ca6436	018e61da-976d-7fca-9165-3e872014d47f	2024-03-29 17:29:13.795494+01	\N	\N	018e7b14-639a-7e3b-9302-ab733d887bc4
018ee09c-2a9c-7e57-9ae2-a55ad27c0070	018e8581-f92a-7047-b00a-5bdd5365a12f	018e8581-a868-767d-ae3e-d8cae764ddd6	018e8581-a868-7836-889d-cd0aeaca1cce	018e61da-976d-7fca-9165-3e872014d47f	2024-04-15 09:15:14.713764+02	\N	\N	018e7b14-639a-7e3b-9302-ab733d887bc4
018e85ba-c166-7050-a32b-50c96ec19e08	018e8581-f92a-7047-b00a-5bdd5365a12f	018e8581-a868-767d-ae3e-d8cae764ddd6	018e8581-a868-7836-889d-cd0aeaca1cce	018e61da-976d-7fca-9165-3e872014d47f	2024-03-28 16:43:12.733016+01	2024-04-15 09:15:14.713764+02	018e61da-976d-7fca-9165-3e872014d47f	018e7b14-639a-7e3b-9302-ab733d887bc4
018f4e5f-ef07-70dd-b208-72e41d637e54	018f4e5f-ef07-7462-8ff3-e53fa26d1e9d	018e8abf-3936-76e6-9cd1-c96b976320ef	018f4e5f-ee8e-70c6-8eaa-8bc318c31e21	018e61da-976d-7fca-9165-3e872014d47f	2024-05-06 16:47:41.062076+02	\N	\N	018e7b14-639a-7e3b-9302-ab733d887bc4
0190022b-73e0-75ad-834f-70f6ebd9c8ec	0190021f-562e-72e7-a20d-5fc6d38f6f58	0190021f-55fa-7cde-8f03-ac35f9d99ea9	0190022b-734b-7081-a43f-6181d03a3794	018e61da-976d-7fca-9165-3e872014d47f	2024-06-10 14:42:00.543493+02	\N	\N	018e7b14-639a-7e3b-9302-ab733d887bc4
01900231-e8ca-71f7-b936-d096635afcd6	01900231-c076-79cb-9f2d-61981c45d59e	01900231-c01d-7cbc-991d-291b604242b6	01900231-e884-7a0b-88e7-2daf4320cf35	018e61da-976d-7fca-9165-3e872014d47f	2024-06-10 14:49:03.689305+02	\N	\N	018e7b14-639a-7e3b-9302-ab733d887bc4
01900232-9a7f-7f21-b460-2053fba3d642	01900232-5c33-76fb-8d14-64c7f830dbf6	01900232-5bf2-7dda-a25a-490fd391a4cf	01900232-99fb-7c37-be0d-92ecbf6fb716	018e61da-976d-7fca-9165-3e872014d47f	2024-06-10 14:49:49.178423+02	\N	\N	018e7b14-639a-7e3b-9302-ab733d887bc4
0190023b-e932-7f66-b22b-dd602c12b09e	0190023b-c19c-7d59-9aca-50cc099f958f	0190023b-c131-7953-be79-98eed72b10a9	0190023b-e8d1-7a5f-9e1b-b5bf36e973ad	018e61da-976d-7fca-9165-3e872014d47f	2024-06-10 14:59:59.15146+02	\N	\N	018e7b14-639a-7e3b-9302-ab733d887bc4
01900243-b00d-76aa-8a1a-dde779edc6a5	01900243-8877-7459-9e8a-3e925b24a5b4	01900243-87f4-7f73-80d6-3837a993a75d	01900243-afc4-738d-9eb3-811a0f575ba8	018e61da-976d-7fca-9165-3e872014d47f	2024-06-10 15:08:28.812584+02	\N	\N	018e7b14-639a-7e3b-9302-ab733d887bc4
01900244-ec32-7fdf-85f1-0d52da59e2a9	01900244-c33c-75a3-a18e-29dcb918c5ad	01900244-c2e1-7bd7-85ea-132c3f1c63c1	01900244-eb8f-7d63-9b6b-ba00ca1ccea1	018e61da-976d-7fca-9165-3e872014d47f	2024-06-10 15:09:49.745948+02	\N	\N	018e7b14-639a-7e3b-9302-ab733d887bc4
019002d0-9b6c-71e5-a13a-359fc0e70dfc	019002d0-5c24-7432-9fb6-cbe0fe002cdd	019002d0-5bf1-7e8c-8ec8-acf5b4ca6c57	019002d0-9b28-75e5-9da0-84aebec5a5d9	018e61da-976d-7fca-9165-3e872014d47f	2024-06-10 17:42:24.106414+02	\N	\N	018e7b14-639a-7e3b-9302-ab733d887bc4
019002d3-4901-71cc-9e25-b5591fd048cf	019002d3-0d19-71b7-974c-8712ab90bba8	019002d3-0ce8-781c-a8fc-b01925c826dd	019002d3-48c0-785b-bc2c-2771bae1e3ad	018e61da-976d-7fca-9165-3e872014d47f	2024-06-10 17:45:19.616722+02	\N	\N	018e7b14-639a-7e3b-9302-ab733d887bc4
019002d4-dd29-7c15-a3b8-bf6e5c6dd897	019002d4-a02c-70e2-962d-de05831102ba	019002d4-a001-723a-b300-9be7be1a2388	019002d4-dceb-77b6-bd11-92253519de89	018e61da-976d-7fca-9165-3e872014d47f	2024-06-10 17:47:03.079683+02	\N	\N	018e7b14-639a-7e3b-9302-ab733d887bc4
01900396-bc46-7813-a435-a3b9ff84b23e	01900396-868e-789c-a4be-f4a14c635dd2	01900396-85e8-7c96-b65f-d28fbcc818c5	01900396-bbdf-7bf8-9b13-c427efed4b5a	018e61da-976d-7fca-9165-3e872014d47f	2024-06-10 21:18:48.644703+02	\N	\N	018e7b14-639a-7e3b-9302-ab733d887bc4
01900397-f1ab-77f9-a1db-5ce02128e2a5	01900397-bc07-7041-824a-f58c5f2a3fcf	01900397-bbc5-79c9-8649-2aa88b80c0ad	01900397-f15b-792e-9d8f-f2ffacc24b56	018e61da-976d-7fca-9165-3e872014d47f	2024-06-10 21:20:07.845907+02	\N	\N	018e7b14-639a-7e3b-9302-ab733d887bc4
01900722-2671-7154-b926-72e2226934de	01900721-eae9-7b35-9661-a2e2ee438969	01900721-ea96-7813-b35c-953fddb9cf94	01900722-2582-7e23-9746-adccf379c7b1	018e61da-976d-7fca-9165-3e872014d47f	2024-06-11 13:49:56.972916+02	\N	\N	018e7b14-639a-7e3b-9302-ab733d887bc4
01900739-9e9f-7300-8983-24a1774a751a	01900739-715e-76ab-bdb7-441ecfa6cab0	01900739-7129-7cbf-b230-fcf393986e6d	01900739-9e65-7577-88f6-072daa804517	018e61da-976d-7fca-9165-3e872014d47f	2024-06-11 14:15:35.069839+02	\N	\N	018e7b14-639a-7e3b-9302-ab733d887bc4
0190073a-518f-7611-ab0c-ea4d424e2ff7	0190073a-0fe0-7f69-b239-e03cdbf1cd00	0190073a-0fb2-70cc-ab49-14bcd488266d	0190073a-5139-7a19-8b57-58f07fcbcf48	018e61da-976d-7fca-9165-3e872014d47f	2024-06-11 14:16:20.878363+02	\N	\N	018e7b14-639a-7e3b-9302-ab733d887bc4
0190073b-e80e-7d0a-bc6c-57f7440d9aa2	0190073b-bef9-7fa7-a336-9314061fcd69	0190073b-bed9-7144-a2b1-e14c1bf8738f	0190073b-e7cf-7d04-b562-e1e2c211ee62	018e61da-976d-7fca-9165-3e872014d47f	2024-06-11 14:18:04.941604+02	\N	\N	018e7b14-639a-7e3b-9302-ab733d887bc4
0190074b-e1da-798b-a4b4-2c0acff459fa	0190074b-9f1a-7f40-9f07-aa535541f365	0190074b-9ef5-77d8-a5a2-f023c68ac578	0190074b-e1a5-7064-bdfa-fccaa801509d	018e61da-976d-7fca-9165-3e872014d47f	2024-06-11 14:35:31.929834+02	\N	\N	018e7b14-639a-7e3b-9302-ab733d887bc4
01900770-c715-7a82-b0d1-db37513fcdca	01900770-9c42-7d17-8c5e-7388de47125c	01900770-9bec-77f8-89ca-41b649267114	01900770-c6f4-7b6d-8f5a-8293f1e8ff8f	018e61da-976d-7fca-9165-3e872014d47f	2024-06-11 15:15:49.908958+02	\N	\N	018e7b14-639a-7e3b-9302-ab733d887bc4
\.


--
-- Data for Name: woningblok_maatwerk_categorie_changelog_value; Type: TABLE DATA; Schema: diwi_testset; Owner: ali
--

COPY diwi_testset.woningblok_maatwerk_categorie_changelog_value (id, woningblok_maatwerk_categorie_changelog_id, eigenschap_waarde_id) FROM stdin;
018e7b15-ca88-7a88-a423-1d3e68ee1e48	018e7b15-ca87-7bb0-8b21-e30264dfd2b9	018e7b14-639a-7de4-b149-18c3f01a4f42
018e7f55-0557-75a1-8ec3-deefb02a86d6	018e7f55-0556-7e2d-9e6e-3b0f955215eb	018e7b14-639a-7de4-b149-18c3f01a4f42
018e7fab-999e-78af-b3ad-55b2b7148a70	018e7fab-999e-71e5-aa11-a3082a15466d	018e7b14-639a-7de4-b149-18c3f01a4f42
018e7fab-999f-714c-86da-1407a313a582	018e7fab-999e-71e5-aa11-a3082a15466d	018e7b14-639b-733d-abdf-b327f9184c73
018e7fac-65b5-7088-a7ca-8bafa527e043	018e7fac-65b5-77a4-8e64-d4d9dcc57f8e	018e7b14-639a-7de4-b149-18c3f01a4f42
018e85ba-c166-75a0-a662-1d013fc8e736	018e85ba-c166-7050-a32b-50c96ec19e08	018e7b14-639a-7de4-b149-18c3f01a4f42
018e892b-584e-741c-953a-fa9c40c67b31	018e892b-584d-7d6d-a8a4-2bb01810ba1b	018e7b14-639a-7de4-b149-18c3f01a4f42
018e8aee-751a-7a2e-be5f-8958d909ad5e	018e8aee-7519-752b-a8eb-0adb01fc8528	018e7b14-639a-7de4-b149-18c3f01a4f42
018e8aee-751a-752b-aa36-94f53db175a4	018e8aee-7519-752b-a8eb-0adb01fc8528	018e7b14-639b-733d-abdf-b327f9184c73
018e8af0-08ca-7e51-9654-1603b9c58678	018e8af0-08c9-7bf8-bc19-54828fe4ac61	018e7b14-639a-7fff-99ba-0068c76feaf4
018e8af5-d82d-7b9c-b1ad-69e541328430	018e8af5-d82d-7523-b3ae-17062a99e2d2	018e7b14-639b-733d-abdf-b327f9184c73
018e8af5-d83c-74e9-8acf-db6b7a1a51f9	018e8af5-d83b-7198-b9ae-4b621f3bc67e	018e7b14-639a-7de4-b149-18c3f01a4f42
018e8b0b-3ec6-7d77-922e-a988b391cdc0	018e8b0b-3ec6-7e45-9352-4bade6600792	018e7b14-639b-733d-abdf-b327f9184c73
018ee09c-2a9c-724f-98e7-b146698d4bde	018ee09c-2a9c-7e57-9ae2-a55ad27c0070	018e7b14-639a-7de4-b149-18c3f01a4f42
018ee09c-2a9d-7a6b-a9a8-239ce5cc6ce5	018ee09c-2a9c-7e57-9ae2-a55ad27c0070	018e7b14-639a-7fff-99ba-0068c76feaf4
018f4e5f-ef08-7d62-ba85-0d3804b77f9f	018f4e5f-ef07-70dd-b208-72e41d637e54	018e7b14-639b-733d-abdf-b327f9184c73
0190022b-73e0-7cf9-b017-f71121ecc07f	0190022b-73e0-75ad-834f-70f6ebd9c8ec	018e7b14-639a-7de4-b149-18c3f01a4f42
01900231-e8ca-7184-9355-8cc50d4a8a89	01900231-e8ca-71f7-b936-d096635afcd6	018e7b14-639a-7de4-b149-18c3f01a4f42
01900232-9a7f-760a-99e6-e93a06dd041e	01900232-9a7f-7f21-b460-2053fba3d642	018e7b14-639a-7de4-b149-18c3f01a4f42
0190023b-e932-75e9-91bf-81bd11f32b45	0190023b-e932-7f66-b22b-dd602c12b09e	018e7b14-639a-7de4-b149-18c3f01a4f42
01900243-b00d-7147-9d06-d50d2bb9c46e	01900243-b00d-76aa-8a1a-dde779edc6a5	018e7b14-639a-7de4-b149-18c3f01a4f42
01900244-ec33-785d-ac48-590903206bbe	01900244-ec32-7fdf-85f1-0d52da59e2a9	018e7b14-639a-7de4-b149-18c3f01a4f42
019002d0-9b6c-7f08-8eab-3efe83e001e7	019002d0-9b6c-71e5-a13a-359fc0e70dfc	018e7b14-639a-7de4-b149-18c3f01a4f42
019002d3-4902-75de-8b9d-ed7d87dcd7f1	019002d3-4901-71cc-9e25-b5591fd048cf	018e7b14-639a-7de4-b149-18c3f01a4f42
019002d4-dd2a-7ece-bf8e-6d3df0fc9733	019002d4-dd29-7c15-a3b8-bf6e5c6dd897	018e7b14-639a-7de4-b149-18c3f01a4f42
01900396-bc47-7b03-b9d0-3a8132eecdd7	01900396-bc46-7813-a435-a3b9ff84b23e	018e7b14-639a-7de4-b149-18c3f01a4f42
01900397-f1ab-758f-8d75-b17563ddf0f8	01900397-f1ab-77f9-a1db-5ce02128e2a5	018e7b14-639a-7de4-b149-18c3f01a4f42
01900722-2671-7f46-94df-18fd3f868c01	01900722-2671-7154-b926-72e2226934de	018e7b14-639a-7de4-b149-18c3f01a4f42
01900739-9e9f-7a84-97d3-62658591b6bd	01900739-9e9f-7300-8983-24a1774a751a	018e7b14-639a-7de4-b149-18c3f01a4f42
0190073a-518f-7628-a54c-e1cca7e7d805	0190073a-518f-7611-ab0c-ea4d424e2ff7	018e7b14-639a-7de4-b149-18c3f01a4f42
0190073b-e80e-7d70-8467-8646f59d622a	0190073b-e80e-7d0a-bc6c-57f7440d9aa2	018e7b14-639a-7de4-b149-18c3f01a4f42
0190074b-e1da-7344-86af-01b361e08e21	0190074b-e1da-798b-a4b4-2c0acff459fa	018e7b14-639a-7de4-b149-18c3f01a4f42
01900770-c716-7465-8670-c352c9975fde	01900770-c715-7a82-b0d1-db37513fcdca	018e7b14-639a-7de4-b149-18c3f01a4f42
\.


--
-- Data for Name: woningblok_maatwerk_numeriek_changelog; Type: TABLE DATA; Schema: diwi_testset; Owner: ali
--

COPY diwi_testset.woningblok_maatwerk_numeriek_changelog (id, start_milestone_id, end_milestone_id, woningblok_id, value, create_user_id, change_start_date, change_end_date, eigenschap_id, value_type, value_range, change_user_id) FROM stdin;
\.


--
-- Data for Name: woningblok_maatwerk_ordinaal_changelog; Type: TABLE DATA; Schema: diwi_testset; Owner: ali
--

COPY diwi_testset.woningblok_maatwerk_ordinaal_changelog (id, start_milestone_id, end_milestone_id, woningblok_id, value_id, create_user_id, change_start_date, change_end_date, value_type, min_value_id, max_value_id, change_user_id, eigenschap_id) FROM stdin;
\.


--
-- Data for Name: woningblok_maatwerk_text_changelog; Type: TABLE DATA; Schema: diwi_testset; Owner: ali
--

COPY diwi_testset.woningblok_maatwerk_text_changelog (id, start_milestone_id, end_milestone_id, woningblok_id, value, create_user_id, change_user_id, change_start_date, change_end_date, eigenschap_id) FROM stdin;
018e7f55-0556-73e3-aca7-9bd9d948f5a8	018e6594-726b-7285-9c34-e426816b3939	018e65d5-2dc4-7b76-bb24-5dd79a0b905b	018e65d5-2dc4-76b6-840c-52294fc96553	5	018e61da-976d-7fca-9165-3e872014d47f	018e61da-976d-7fca-9165-3e872014d47f	2024-03-27 10:54:22.160242+01	2024-03-27 12:28:56.214249+01	018e7b15-11b2-7eed-8867-c874b554c54f
018e7fab-999a-74a1-8de2-c0cdbfa5bca4	018e6594-726b-7285-9c34-e426816b3939	018e65d5-2dc4-7b76-bb24-5dd79a0b905b	018e65d5-2dc4-76b6-840c-52294fc96553	test 5 more flats	018e61da-976d-7fca-9165-3e872014d47f	018e61da-976d-7fca-9165-3e872014d47f	2024-03-27 12:28:56.214249+01	2024-03-27 12:29:48.463601+01	018e7b15-11b2-7eed-8867-c874b554c54f
018e85ba-c162-7c44-9b47-c2b3032a5e4d	018e8581-f92a-7047-b00a-5bdd5365a12f	018e8581-a868-767d-ae3e-d8cae764ddd6	018e8581-a868-7836-889d-cd0aeaca1cce	test	018e61da-976d-7fca-9165-3e872014d47f	\N	2024-03-28 16:43:12.733016+01	\N	018e7b15-11b2-7eed-8867-c874b554c54f
018e892b-584d-78eb-8175-d690b1e16f5f	018e892a-f542-784c-9097-e5d5c830a820	018e892a-f640-7b45-8a80-8fde2832099f	018e8583-ba18-79be-83d0-0de6fa254e5b	test	018e61da-976d-7fca-9165-3e872014d47f	\N	2024-03-29 08:45:03.046221+01	\N	018e7b15-11b2-7eed-8867-c874b554c54f
018e8aee-752f-7f5c-a477-64906ae37208	018e6217-1ef4-71a2-8655-341334c4f1c0	018e61e1-d225-712d-8838-a08bd94a89a9	018e6217-1ef9-7fb3-b48b-0536320f4e5f	lennart	018e61da-976d-7fca-9165-3e872014d47f	\N	2024-03-29 16:57:47.178571+01	\N	018e7b15-11b2-7eed-8867-c874b554c54f
018e8af0-08d9-7059-86f8-f0d7f275f562	018e6594-726b-7285-9c34-e426816b3939	018e65d5-2dc4-7b76-bb24-5dd79a0b905b	018e65d5-2dc4-76b6-840c-52294fc96553	Ali 	018e61da-976d-7fca-9165-3e872014d47f	\N	2024-03-29 16:59:30.496118+01	\N	018e7b15-11b2-7eed-8867-c874b554c54f
018e7fac-65b4-70ae-9a95-2704bc4e75b9	018e6594-726b-7285-9c34-e426816b3939	018e65d5-2dc4-7b76-bb24-5dd79a0b905b	018e65d5-2dc4-76b6-840c-52294fc96553	tttt	018e61da-976d-7fca-9165-3e872014d47f	018e61da-976d-7fca-9165-3e872014d47f	2024-03-27 12:29:48.463601+01	2024-03-29 16:59:30.496118+01	018e7b15-11b2-7eed-8867-c874b554c54f
018e8af5-d825-7e35-a0f1-391bfd045f18	018e6217-1ef4-71a2-8655-341334c4f1c0	018e61e1-d225-712d-8838-a08bd94a89a9	018e620d-0fb3-77fb-9a8d-aac310b3dadb	Test updated	018e61da-976d-7fca-9165-3e872014d47f	\N	2024-03-29 17:05:51.254371+01	\N	018e7b15-11b2-7eed-8867-c874b554c54f
018e8af5-d825-70c6-bfab-8de63036d2e3	018e7ac1-9254-710b-a380-63ec67014fd4	018e6217-1ef4-71a2-8655-341334c4f1c0	018e620d-0fb3-77fb-9a8d-aac310b3dadb	Add 5 more flats	018e61da-976d-7fca-9165-3e872014d47f	\N	2024-03-29 17:05:51.254371+01	\N	018e7b15-11b2-7eed-8867-c874b554c54f
018e7b15-ca98-7ca7-8dae-65336282bb43	018e7ac1-9254-710b-a380-63ec67014fd4	018e61e1-d225-712d-8838-a08bd94a89a9	018e620d-0fb3-77fb-9a8d-aac310b3dadb	Add 5 more flats	018e61da-976d-7fca-9165-3e872014d47f	018e61da-976d-7fca-9165-3e872014d47f	2024-03-26 15:06:49.485647+01	2024-03-29 17:05:51.254371+01	018e7b15-11b2-7eed-8867-c874b554c54f
018e8b0b-3ec6-7421-a9fe-3754c8ace090	018e8b0b-1058-723d-8674-884ceff6ea04	018e8b0b-1058-723d-8674-884ceff6ea04	018e8b0b-1058-7530-a5f8-3bf0a0ca6436	test	018e61da-976d-7fca-9165-3e872014d47f	\N	2024-03-29 17:29:13.794672+01	\N	018e7b15-11b2-7eed-8867-c874b554c54f
018f4e5f-ef07-7fc0-b7b4-533632b49e76	018f4e5f-ef07-75c9-afb5-d242340602bf	018e8abf-3936-76e6-9cd1-c96b976320ef	018f4e5f-ee8e-70c6-8eaa-8bc318c31e21	121	018e61da-976d-7fca-9165-3e872014d47f	\N	2024-05-06 16:47:41.062771+02	\N	018e7b15-11b2-7eed-8867-c874b554c54f
0190022b-73e0-79d2-aa84-2cc82cac86dc	0190021f-562e-72e7-a20d-5fc6d38f6f58	0190021f-55fa-7cde-8f03-ac35f9d99ea9	0190022b-734b-7081-a43f-6181d03a3794	test	018e61da-976d-7fca-9165-3e872014d47f	\N	2024-06-10 14:42:00.543781+02	\N	018e7b15-11b2-7eed-8867-c874b554c54f
01900231-e8cf-7e89-94d6-89a0b6fc5797	01900231-c076-79cb-9f2d-61981c45d59e	01900231-c01d-7cbc-991d-291b604242b6	01900231-e884-7a0b-88e7-2daf4320cf35	Test	018e61da-976d-7fca-9165-3e872014d47f	\N	2024-06-10 14:49:03.6935+02	\N	018e7b15-11b2-7eed-8867-c874b554c54f
01900232-9a73-7fc0-9697-98a0c3477e10	01900232-5c33-76fb-8d14-64c7f830dbf6	01900232-5bf2-7dda-a25a-490fd391a4cf	01900232-99fb-7c37-be0d-92ecbf6fb716	Test	018e61da-976d-7fca-9165-3e872014d47f	\N	2024-06-10 14:49:49.170737+02	\N	018e7b15-11b2-7eed-8867-c874b554c54f
0190023b-e932-78f0-ba12-4b1902352681	0190023b-c19c-7d59-9aca-50cc099f958f	0190023b-c131-7953-be79-98eed72b10a9	0190023b-e8d1-7a5f-9e1b-b5bf36e973ad	Test	018e61da-976d-7fca-9165-3e872014d47f	\N	2024-06-10 14:59:59.15146+02	\N	018e7b15-11b2-7eed-8867-c874b554c54f
01900243-b00c-7bd8-89ee-78813e1cf734	01900243-8877-7459-9e8a-3e925b24a5b4	01900243-87f4-7f73-80d6-3837a993a75d	01900243-afc4-738d-9eb3-811a0f575ba8	Test	018e61da-976d-7fca-9165-3e872014d47f	\N	2024-06-10 15:08:28.812059+02	\N	018e7b15-11b2-7eed-8867-c874b554c54f
01900244-ec4c-76ca-8b63-e3b40244e744	01900244-c33c-75a3-a18e-29dcb918c5ad	01900244-c2e1-7bd7-85ea-132c3f1c63c1	01900244-eb8f-7d63-9b6b-ba00ca1ccea1	Test	018e61da-976d-7fca-9165-3e872014d47f	\N	2024-06-10 15:09:49.770596+02	\N	018e7b15-11b2-7eed-8867-c874b554c54f
019002d0-9b6c-7c67-8125-739b7761aae4	019002d0-5c24-7432-9fb6-cbe0fe002cdd	019002d0-5bf1-7e8c-8ec8-acf5b4ca6c57	019002d0-9b28-75e5-9da0-84aebec5a5d9	Test	018e61da-976d-7fca-9165-3e872014d47f	\N	2024-06-10 17:42:24.106414+02	\N	018e7b15-11b2-7eed-8867-c874b554c54f
019002d3-4901-713a-9704-270c502d1025	019002d3-0d19-71b7-974c-8712ab90bba8	019002d3-0ce8-781c-a8fc-b01925c826dd	019002d3-48c0-785b-bc2c-2771bae1e3ad	Test	018e61da-976d-7fca-9165-3e872014d47f	\N	2024-06-10 17:45:19.616626+02	\N	018e7b15-11b2-7eed-8867-c874b554c54f
019002d4-dd29-78ba-ad0c-f086b36b1f69	019002d4-a02c-70e2-962d-de05831102ba	019002d4-a001-723a-b300-9be7be1a2388	019002d4-dceb-77b6-bd11-92253519de89	Test	018e61da-976d-7fca-9165-3e872014d47f	\N	2024-06-10 17:47:03.080443+02	\N	018e7b15-11b2-7eed-8867-c874b554c54f
01900396-bc44-7926-953e-ad5016329a30	01900396-868e-789c-a4be-f4a14c635dd2	01900396-85e8-7c96-b65f-d28fbcc818c5	01900396-bbdf-7bf8-9b13-c427efed4b5a	Test	018e61da-976d-7fca-9165-3e872014d47f	\N	2024-06-10 21:18:48.641656+02	\N	018e7b15-11b2-7eed-8867-c874b554c54f
01900397-f1a7-7c1a-9b69-591f795e19c5	01900397-bc07-7041-824a-f58c5f2a3fcf	01900397-bbc5-79c9-8649-2aa88b80c0ad	01900397-f15b-792e-9d8f-f2ffacc24b56	Test	018e61da-976d-7fca-9165-3e872014d47f	\N	2024-06-10 21:20:07.842812+02	\N	018e7b15-11b2-7eed-8867-c874b554c54f
01900722-266f-7ebd-ad79-ffa709be7bc2	01900721-eae9-7b35-9661-a2e2ee438969	01900721-ea96-7813-b35c-953fddb9cf94	01900722-2582-7e23-9746-adccf379c7b1	Test	018e61da-976d-7fca-9165-3e872014d47f	\N	2024-06-11 13:49:56.973283+02	\N	018e7b15-11b2-7eed-8867-c874b554c54f
01900739-9e9f-7a52-9b9a-28ec59898cc6	01900739-715e-76ab-bdb7-441ecfa6cab0	01900739-7129-7cbf-b230-fcf393986e6d	01900739-9e65-7577-88f6-072daa804517	Test	018e61da-976d-7fca-9165-3e872014d47f	\N	2024-06-11 14:15:35.070541+02	\N	018e7b15-11b2-7eed-8867-c874b554c54f
0190073a-518b-77b2-b235-adfee2f90938	0190073a-0fe0-7f69-b239-e03cdbf1cd00	0190073a-0fb2-70cc-ab49-14bcd488266d	0190073a-5139-7a19-8b57-58f07fcbcf48	Test	018e61da-976d-7fca-9165-3e872014d47f	\N	2024-06-11 14:16:20.87054+02	\N	018e7b15-11b2-7eed-8867-c874b554c54f
0190073b-e80e-721c-9ba2-9d1aef54f815	0190073b-bef9-7fa7-a336-9314061fcd69	0190073b-bed9-7144-a2b1-e14c1bf8738f	0190073b-e7cf-7d04-b562-e1e2c211ee62	Test	018e61da-976d-7fca-9165-3e872014d47f	\N	2024-06-11 14:18:04.942072+02	\N	018e7b15-11b2-7eed-8867-c874b554c54f
0190074b-e1e2-7dcd-b199-afad8e81d01b	0190074b-9f1a-7f40-9f07-aa535541f365	0190074b-9ef5-77d8-a5a2-f023c68ac578	0190074b-e1a5-7064-bdfa-fccaa801509d	Test	018e61da-976d-7fca-9165-3e872014d47f	\N	2024-06-11 14:35:31.937601+02	\N	018e7b15-11b2-7eed-8867-c874b554c54f
01900770-c716-7362-8968-35756681de36	01900770-9c42-7d17-8c5e-7388de47125c	01900770-9bec-77f8-89ca-41b649267114	01900770-c6f4-7b6d-8f5a-8293f1e8ff8f	Test	018e61da-976d-7fca-9165-3e872014d47f	\N	2024-06-11 15:15:49.909441+02	\N	018e7b15-11b2-7eed-8867-c874b554c54f
\.


--
-- Data for Name: woningblok_mutatie_changelog; Type: TABLE DATA; Schema: diwi_testset; Owner: ali
--

COPY diwi_testset.woningblok_mutatie_changelog (id, woningblok_id, start_milestone_id, end_milestone_id, create_user_id, change_start_date, change_end_date, amount, change_user_id, mutation_kind) FROM stdin;
960095b0-a37a-4c81-a0f9-d74f759729ef	8c401741-8c23-4cfd-ab49-b3b710758be2	292414eb-4a4e-405c-954b-e01bb355bc9b	07f3a0ad-f76a-4dd9-b4c6-6eb8113968e0	2122426c-6e70-419c-a054-f51dd24d798b	2024-01-05 19:06:32+01	\N	50	\N	CONSTRUCTION
b6389bbd-3ec7-4387-8e53-96c21fb50f52	8c401741-8c23-4cfd-ab49-b3b710758be2	292414eb-4a4e-405c-954b-e01bb355bc9b	07f3a0ad-f76a-4dd9-b4c6-6eb8113968e0	2122426c-6e70-419c-a054-f51dd24d798b	2024-01-05 19:06:32+01	\N	20	\N	CONSTRUCTION
82fbe354-97d9-462d-97d0-21a9efd0fbe2	16dbf29e-bd3e-419e-9b2c-0bfd834c0d19	ee3cbe15-7a5d-42c6-a807-0a7593a24d4f	7c6bfe67-6618-4a6a-9507-2cd15f88c11f	2122426c-6e70-419c-a054-f51dd24d798b	2024-01-05 19:06:32+01	\N	25	\N	CONSTRUCTION
fec2a70e-29c8-4138-a7a4-87b14b925567	16dbf29e-bd3e-419e-9b2c-0bfd834c0d19	7c6bfe67-6618-4a6a-9507-2cd15f88c11f	342887ab-2106-45c4-9565-a4b83f4d3362	2122426c-6e70-419c-a054-f51dd24d798b	2024-01-05 19:06:32+01	\N	35	\N	CONSTRUCTION
018e6a88-d660-74d6-ba0d-fb68e47f9a01	018e6a88-d65e-7cc7-9743-a542c02437df	018e6a88-d65e-73af-85a5-0b5b048702c8	018e6a88-d65e-73a1-a14a-0e6a0eb6a745	018e61da-976d-7fca-9165-3e872014d47f	2024-03-23 09:58:56.478706+01	\N	5	\N	CONSTRUCTION
018e7ade-7846-79ad-b229-b8caf4fbd605	018e6217-1ef9-7fb3-b48b-0536320f4e5f	018e6217-1ef4-71a2-8655-341334c4f1c0	018e61e1-d225-712d-8838-a08bd94a89a9	018e61da-976d-7fca-9165-3e872014d47f	2024-03-26 14:06:23.934244+01	\N	12	\N	CONSTRUCTION
018e7adf-a20a-736b-94cc-75299e8feec5	018e620d-0fb3-77fb-9a8d-aac310b3dadb	018e7ac1-9254-710b-a380-63ec67014fd4	018e61e1-d225-712d-8838-a08bd94a89a9	018e61da-976d-7fca-9165-3e872014d47f	2024-03-26 14:07:40.163724+01	\N	2	\N	CONSTRUCTION
018e7afc-4aba-7ac6-a9ed-cc25257c922a	018e65d5-2dc4-76b6-840c-52294fc96553	018e6594-726b-7285-9c34-e426816b3939	018e65d5-2dc4-7b76-bb24-5dd79a0b905b	018e61da-976d-7fca-9165-3e872014d47f	2024-03-26 14:38:58.359373+01	\N	3	\N	CONSTRUCTION
018e7b00-5469-7c30-bdd1-37a16aeb30b9	018e7b00-5468-71d6-85cf-802ec4493ba7	018e7b00-5467-7943-9bbf-1e60aae63e7f	018e7b00-5468-7f88-a5e5-6e7d42899c0c	018e61da-976d-7fca-9165-3e872014d47f	2024-03-26 14:43:22.984141+01	\N	1	\N	CONSTRUCTION
018e7b12-6b60-77ac-99de-ab87694d7ba4	018e7b12-6b60-7d7b-8901-9a94147d7794	018e7b12-6b60-7f03-9f6d-c1700af2c043	018e7b12-6b60-7138-8e4c-984f121fb240	018e61da-976d-7fca-9165-3e872014d47f	2024-03-26 15:03:08.512499+01	\N	10	\N	CONSTRUCTION
018e7f7a-5d16-732b-b4c4-addef9395863	018e7f7a-5d16-715c-b193-6e49588c5d26	018e7f38-5675-7c01-9ca1-d384678dbffc	018e7f38-5675-7449-9d79-f2cb15b6fb81	018e61da-976d-7fca-9165-3e872014d47f	2024-03-27 11:35:09.462233+01	\N	1	\N	CONSTRUCTION
018e7f8d-8e37-7b9b-97a6-6e7f8cdfd6c1	018e7f8d-8e37-7a66-8af4-50152e0c112f	018e7f8d-8e36-77fa-82a3-792654f6b67d	018e7f8d-8e37-7551-9b72-63fcedaac440	018e61da-976d-7fca-9165-3e872014d47f	2024-03-27 11:56:07.223445+01	\N	1	\N	CONSTRUCTION
018e8583-ba18-7886-943a-cad54e38787b	018e8583-ba18-79be-83d0-0de6fa254e5b	018e8583-ba17-7254-9666-95587ce3e88b	018e8583-ba18-75eb-b6af-95cc7bce8857	018e61da-976d-7fca-9165-3e872014d47f	2024-03-28 15:43:06.392112+01	2024-03-29 08:44:37.705818+01	1	018e61da-976d-7fca-9165-3e872014d47f	CONSTRUCTION
018e892a-f5e7-747e-bd41-1f6fc374c7a4	018e8583-ba18-79be-83d0-0de6fa254e5b	018e892a-f5b6-70b1-9ac6-9bd4eb9498c4	018e892a-f54e-7826-820a-f5b3a7b2dabb	018e61da-976d-7fca-9165-3e872014d47f	2024-03-29 08:44:37.803507+01	\N	1	\N	CONSTRUCTION
018e892a-f54e-7d18-90fe-edd6d7fc3a2c	018e8583-ba18-79be-83d0-0de6fa254e5b	018e8583-ba17-7254-9666-95587ce3e88b	018e892a-f54e-7826-820a-f5b3a7b2dabb	018e61da-976d-7fca-9165-3e872014d47f	2024-03-29 08:44:37.705818+01	2024-03-29 08:44:37.803507+01	1	018e61da-976d-7fca-9165-3e872014d47f	CONSTRUCTION
018e892a-f65d-7519-a232-e04b6f35415a	018e8583-ba18-79be-83d0-0de6fa254e5b	018e892a-f54e-7826-820a-f5b3a7b2dabb	018e892a-f640-7b45-8a80-8fde2832099f	018e61da-976d-7fca-9165-3e872014d47f	2024-03-29 08:44:37.939365+01	\N	2	\N	CONSTRUCTION
018e892a-f54e-7a81-8762-f3fe4a822bbc	018e8583-ba18-79be-83d0-0de6fa254e5b	018e892a-f54e-7826-820a-f5b3a7b2dabb	018e8583-ba18-75eb-b6af-95cc7bce8857	018e61da-976d-7fca-9165-3e872014d47f	2024-03-29 08:44:37.705818+01	2024-03-29 08:44:37.939365+01	2	018e61da-976d-7fca-9165-3e872014d47f	CONSTRUCTION
018f4e61-3895-7194-9455-52c918520022	018f4e5f-ee8e-70c6-8eaa-8bc318c31e21	018f4e5f-ef07-75c9-afb5-d242340602bf	018e8abf-3936-76e6-9cd1-c96b976320ef	018e61da-976d-7fca-9165-3e872014d47f	2024-05-06 16:49:05.426684+02	\N	12	\N	CONSTRUCTION
018f4e61-3895-77d8-9d39-ec784dae0270	018f4e5f-ee8e-70c6-8eaa-8bc318c31e21	018e8abf-3936-7b9b-88af-f02cf4a28bf7	018f4e5f-ef07-75c9-afb5-d242340602bf	018e61da-976d-7fca-9165-3e872014d47f	2024-05-06 16:49:05.426684+02	\N	12	\N	DEMOLITION
018f4e5f-ee8f-7bf4-aa61-d15c4d1d1fb7	018f4e5f-ee8e-70c6-8eaa-8bc318c31e21	018e8abf-3936-7b9b-88af-f02cf4a28bf7	018e8abf-3936-76e6-9cd1-c96b976320ef	018e61da-976d-7fca-9165-3e872014d47f	2024-05-06 16:47:40.942496+02	2024-05-06 16:49:05.426684+02	12	018e61da-976d-7fca-9165-3e872014d47f	DEMOLITION
0190022b-734d-791d-af3a-25ebf4e12ddb	0190022b-734b-7081-a43f-6181d03a3794	0190021f-55fa-7e92-bf7d-5828e8adec6c	0190021f-55fa-7cde-8f03-ac35f9d99ea9	018e61da-976d-7fca-9165-3e872014d47f	2024-06-10 14:42:00.39581+02	\N	1	\N	DEMOLITION
01900231-e884-7d82-b851-e68cb83b5e49	01900231-e884-7a0b-88e7-2daf4320cf35	01900231-c01d-7608-8bfc-953aab2933fa	01900231-c01d-7cbc-991d-291b604242b6	018e61da-976d-7fca-9165-3e872014d47f	2024-06-10 14:49:03.620378+02	\N	10	\N	DEMOLITION
01900232-99fb-7fb7-a0d9-6fd063dbd46c	01900232-99fb-7c37-be0d-92ecbf6fb716	01900232-5bf2-7721-86b2-1886149a9f6a	01900232-5bf2-7dda-a25a-490fd391a4cf	018e61da-976d-7fca-9165-3e872014d47f	2024-06-10 14:49:49.051223+02	\N	10	\N	DEMOLITION
0190023b-e8d1-7f6b-af7b-cd2b223393c9	0190023b-e8d1-7a5f-9e1b-b5bf36e973ad	0190023b-c131-7ab1-acb7-bcb70d47e6a0	0190023b-c131-7953-be79-98eed72b10a9	018e61da-976d-7fca-9165-3e872014d47f	2024-06-10 14:59:59.05723+02	\N	10	\N	DEMOLITION
01900243-afc4-773d-906b-2fa38630569d	01900243-afc4-738d-9eb3-811a0f575ba8	01900243-87f4-7ce5-a3e6-6859ce3f57ef	01900243-87f4-7f73-80d6-3837a993a75d	018e61da-976d-7fca-9165-3e872014d47f	2024-06-10 15:08:28.740652+02	\N	10	\N	DEMOLITION
01900244-eb8f-79c8-9a96-17159dc63cd5	01900244-eb8f-7d63-9b6b-ba00ca1ccea1	01900244-c2e1-75fc-8b55-c32627e04991	01900244-c2e1-7bd7-85ea-132c3f1c63c1	018e61da-976d-7fca-9165-3e872014d47f	2024-06-10 15:09:49.583809+02	\N	10	\N	DEMOLITION
019002d0-9b28-7322-9fba-15d68bd28183	019002d0-9b28-75e5-9da0-84aebec5a5d9	019002d0-5bf1-74dc-ada9-e0660d7c4317	019002d0-5bf1-7e8c-8ec8-acf5b4ca6c57	018e61da-976d-7fca-9165-3e872014d47f	2024-06-10 17:42:24.040404+02	\N	10	\N	DEMOLITION
019002d3-48c0-7dce-bece-866f66188153	019002d3-48c0-785b-bc2c-2771bae1e3ad	019002d3-0ce8-7afc-8901-8f7333598585	019002d3-0ce8-781c-a8fc-b01925c826dd	018e61da-976d-7fca-9165-3e872014d47f	2024-06-10 17:45:19.552064+02	\N	10	\N	DEMOLITION
019002d4-dceb-7af5-8fae-5e1f42c5d00c	019002d4-dceb-77b6-bd11-92253519de89	019002d4-a001-7bd3-91ee-c84b409325cd	019002d4-a001-723a-b300-9be7be1a2388	018e61da-976d-7fca-9165-3e872014d47f	2024-06-10 17:47:03.019603+02	\N	10	\N	DEMOLITION
01900396-bbe0-755d-bc53-86b2f6ec05ff	01900396-bbdf-7bf8-9b13-c427efed4b5a	01900396-85e8-7c9e-8cb6-55121b2c71ca	01900396-85e8-7c96-b65f-d28fbcc818c5	018e61da-976d-7fca-9165-3e872014d47f	2024-06-10 21:18:48.542858+02	\N	10	\N	DEMOLITION
01900397-f15b-7d62-bc68-ee6720e42e86	01900397-f15b-792e-9d8f-f2ffacc24b56	01900397-bbc5-73d7-8f31-ecdac84693b3	01900397-bbc5-79c9-8649-2aa88b80c0ad	018e61da-976d-7fca-9165-3e872014d47f	2024-06-10 21:20:07.771131+02	\N	10	\N	DEMOLITION
01900722-2584-76e5-8a01-49ad778d77c5	01900722-2582-7e23-9746-adccf379c7b1	01900721-ea95-7f92-96a8-a0cb207afe90	01900721-ea96-7813-b35c-953fddb9cf94	018e61da-976d-7fca-9165-3e872014d47f	2024-06-11 13:49:56.738131+02	\N	10	\N	DEMOLITION
01900739-9e66-7b87-b3b6-af5fb2ec638c	01900739-9e65-7577-88f6-072daa804517	01900739-7129-7015-a838-424d222b9387	01900739-7129-7cbf-b230-fcf393986e6d	018e61da-976d-7fca-9165-3e872014d47f	2024-06-11 14:15:35.013825+02	\N	10	\N	DEMOLITION
0190073a-5139-7f60-bc5c-45ab95697af6	0190073a-5139-7a19-8b57-58f07fcbcf48	0190073a-0fb2-7b3c-a8c7-09ff305da4c0	0190073a-0fb2-70cc-ab49-14bcd488266d	018e61da-976d-7fca-9165-3e872014d47f	2024-06-11 14:16:20.792897+02	\N	10	\N	DEMOLITION
0190073b-e7d0-7e60-8097-c97c4b3c95bb	0190073b-e7cf-7d04-b562-e1e2c211ee62	0190073b-bed9-7c59-a922-c188b71b346a	0190073b-bed9-7144-a2b1-e14c1bf8738f	018e61da-976d-7fca-9165-3e872014d47f	2024-06-11 14:18:04.878941+02	\N	10	\N	DEMOLITION
0190074b-e1a5-78e8-afbf-d155849dc747	0190074b-e1a5-7064-bdfa-fccaa801509d	0190074b-9ef5-76b8-ba40-4f58e452d3fd	0190074b-9ef5-77d8-a5a2-f023c68ac578	018e61da-976d-7fca-9165-3e872014d47f	2024-06-11 14:35:31.877545+02	\N	10	\N	DEMOLITION
01900770-c6f4-7c35-905b-4068f9ec0b45	01900770-c6f4-7b6d-8f5a-8293f1e8ff8f	01900770-9bec-7315-8de0-ec01bfea203e	01900770-9bec-77f8-89ca-41b649267114	018e61da-976d-7fca-9165-3e872014d47f	2024-06-11 15:15:49.876097+02	\N	10	\N	DEMOLITION
\.


--
-- Data for Name: woningblok_naam_changelog; Type: TABLE DATA; Schema: diwi_testset; Owner: ali
--

COPY diwi_testset.woningblok_naam_changelog (id, woningblok_id, start_milestone_id, end_milestone_id, naam, create_user_id, change_start_date, change_end_date, change_user_id) FROM stdin;
6452192f-f978-4b68-b047-262a2e34a1f8	16dbf29e-bd3e-419e-9b2c-0bfd834c0d19	ee3cbe15-7a5d-42c6-a807-0a7593a24d4f	342887ab-2106-45c4-9565-a4b83f4d3362	Woningblok 1	2122426c-6e70-419c-a054-f51dd24d798b	2024-03-21 17:31:19.909989+01	\N	\N
8e4d8b73-5929-49b8-ade2-98ba20131e46	7f402e53-7faf-4e1f-a5a9-2249682eef7c	7c6bfe67-6618-4a6a-9507-2cd15f88c11f	342887ab-2106-45c4-9565-a4b83f4d3362	Woningblok 2	2122426c-6e70-419c-a054-f51dd24d798b	2024-03-21 17:31:19.995208+01	\N	\N
f8b7817c-ebac-4cb8-81cf-9751abf2bc43	19950bd0-163d-421f-8022-a967edefef5c	ee3cbe15-7a5d-42c6-a807-0a7593a24d4f	13fcd006-456a-48c3-883d-da89113e3f17	Woningblok 3	2122426c-6e70-419c-a054-f51dd24d798b	2024-03-21 17:31:20.009184+01	\N	\N
018e620d-0fb3-73bb-9fec-7d16f416fafb	018e620d-0fb3-77fb-9a8d-aac310b3dadb	018e620d-0fa7-7103-b305-ef6e06e5900b	018e61e1-d225-712d-8838-a08bd94a89a9	Ali House Block	018e61da-976d-7fca-9165-3e872014d47f	2024-03-21 18:26:46.963319+01	\N	\N
018e6217-1ef9-73ff-8201-7bd46dcac3d8	018e6217-1ef9-7fb3-b48b-0536320f4e5f	018e6217-1ef4-71a2-8655-341334c4f1c0	018e61e1-d225-712d-8838-a08bd94a89a9	Block-2	018e61da-976d-7fca-9165-3e872014d47f	2024-03-21 18:37:46.23328+01	\N	\N
018e655d-7c9e-79c4-85f0-2b0fd7882046	018e655d-7c9d-710c-84e9-a7b23c952ec7	018e655d-7c92-7b0e-a18a-7ee5b867571d	018e655d-7c9d-7dcd-ade9-5185df48e587	test	018e61da-976d-7fca-9165-3e872014d47f	2024-03-22 09:53:29.373208+01	\N	\N
018e6560-758e-7e60-b31a-4c81fbf7efb1	018e6560-758e-7ef9-868c-0d5eacea66d2	018e6560-758e-7bea-99c5-848191ed520a	018e6560-758e-7e35-beca-f8b54703c83a	test	018e61da-976d-7fca-9165-3e872014d47f	2024-03-22 09:56:44.174739+01	\N	\N
018e6567-5cc6-751b-a1ce-f6ec64558234	018e6567-5cc6-759b-88c1-3fdeb9563668	018e6567-5cc5-7681-85b8-a0a1e974d2ba	018e6567-5cc6-7d13-b704-f7658a9f9a65	Fix house block date	018e61da-976d-7fca-9165-3e872014d47f	2024-03-22 10:04:16.582177+01	\N	\N
018e657a-109d-7759-9807-4aabbb191be0	018e657a-109d-79d2-a0e5-d55504eb0424	018e656d-591d-7f2f-b8da-35cdf53a3eba	018e657a-109d-7df3-aa26-0ea1c02f0de7	test	018e61da-976d-7fca-9165-3e872014d47f	2024-03-22 10:24:42.26973+01	\N	\N
018e65d5-2dc4-7188-891d-f51024cdf6dd	018e65d5-2dc4-76b6-840c-52294fc96553	018e6594-726b-7285-9c34-e426816b3939	018e65d5-2dc4-7b76-bb24-5dd79a0b905b	test range	018e61da-976d-7fca-9165-3e872014d47f	2024-03-22 12:04:13.508521+01	\N	\N
018e6a88-d65f-7b5e-895a-73d6bd4ce787	018e6a88-d65e-7cc7-9743-a542c02437df	018e6a88-d65e-73af-85a5-0b5b048702c8	018e6a88-d65e-73a1-a14a-0e6a0eb6a745	Demo Block-1	018e61da-976d-7fca-9165-3e872014d47f	2024-03-23 09:58:56.478706+01	\N	\N
018e6ab6-e64a-71f6-8e8c-0d54f3b2bb17	018e6ab6-e64a-78b6-b35d-96d6058294f7	018e6ab6-e64a-7966-8edc-79fbd8efd7ad	018e6ab6-e64a-77d6-94a9-fd51afd4a342	test	018e61da-976d-7fca-9165-3e872014d47f	2024-03-23 10:49:15.210581+01	\N	\N
018e6abb-06de-7a57-bbe3-716db7187dd8	018e6abb-06de-708c-842b-ea1594eebc57	018e6aba-aead-721a-bb81-ae4f10bf38fc	018e6abb-06de-7b80-a40f-e43678785876	test	018e61da-976d-7fca-9165-3e872014d47f	2024-03-23 10:53:45.694492+01	\N	\N
018e6abd-c475-766c-92ee-570dc7a32218	018e6abd-c474-7580-b55b-d2e059bd65dc	018e6abd-c474-72f4-befc-6869a12436e8	018e6abd-c474-7702-b07f-073985a5d416	tesra	018e61da-976d-7fca-9165-3e872014d47f	2024-03-23 10:56:45.300788+01	\N	\N
018e6aca-379b-75f1-bd09-03070977a699	018e6aca-379a-7599-b741-1fc99f25cca3	018e6aca-379a-7459-a74a-694d231c0161	018e6aca-379a-7357-978e-8c236cfbd21b	fsdfdsf	018e61da-976d-7fca-9165-3e872014d47f	2024-03-23 11:10:21.210915+01	\N	\N
018e7b00-5468-7f2f-9905-0d91d56c225c	018e7b00-5468-71d6-85cf-802ec4493ba7	018e7b00-5467-7943-9bbf-1e60aae63e7f	018e7b00-5468-7f88-a5e5-6e7d42899c0c	Garfield House	018e61da-976d-7fca-9165-3e872014d47f	2024-03-26 14:43:22.984141+01	\N	\N
018e7b12-6b60-76f7-8fb2-d616cc12c7a5	018e7b12-6b60-7d7b-8901-9a94147d7794	018e7b12-6b60-7f03-9f6d-c1700af2c043	018e7b12-6b60-7138-8e4c-984f121fb240	Leiden houses	018e61da-976d-7fca-9165-3e872014d47f	2024-03-26 15:03:08.512499+01	\N	\N
018e7f38-5675-7a05-8ef4-316fec0f6375	018e7f38-5675-7a43-ab3f-da43561b9f00	018e7f38-5675-7c01-9ca1-d384678dbffc	018e7f38-5675-7449-9d79-f2cb15b6fb81	leiden blocks	018e61da-976d-7fca-9165-3e872014d47f	2024-03-27 10:23:02.389368+01	\N	\N
018e7f7a-5d16-7067-9f40-238588629548	018e7f7a-5d16-715c-b193-6e49588c5d26	018e7f38-5675-7c01-9ca1-d384678dbffc	018e7f38-5675-7449-9d79-f2cb15b6fb81	newone	018e61da-976d-7fca-9165-3e872014d47f	2024-03-27 11:35:09.462233+01	\N	\N
018e7f8d-8e37-71dd-b3bd-c572e9036e7d	018e7f8d-8e37-7a66-8af4-50152e0c112f	018e7f8d-8e36-77fa-82a3-792654f6b67d	018e7f8d-8e37-7551-9b72-63fcedaac440	tesy	018e61da-976d-7fca-9165-3e872014d47f	2024-03-27 11:56:07.223445+01	\N	\N
018e7f9e-3f4c-76d0-bae4-0ba08be4189b	018e7f9e-3f4c-794f-8d9c-e85f24d96699	018e7f9e-3f4c-7945-831a-73bacabeec76	018e7f9e-3f4c-7762-9717-b7c92126962c	demo-1	018e61da-976d-7fca-9165-3e872014d47f	2024-03-27 12:14:21.132722+01	\N	\N
018e7f9f-08dc-7ecd-b76d-f6e230ea5887	018e7f9f-08dc-7f2e-aa79-5748fdeec979	018e7f9e-3f4c-7945-831a-73bacabeec76	018e7f9e-3f4c-7762-9717-b7c92126962c	sASA	018e61da-976d-7fca-9165-3e872014d47f	2024-03-27 12:15:12.731984+01	\N	\N
018e7f9f-b66f-786f-aa27-2788f41b4858	018e7f9f-b66f-7914-80b9-dfaa52ed52c8	018e7f9e-3f4c-7945-831a-73bacabeec76	018e7f9e-3f4c-7762-9717-b7c92126962c	43242	018e61da-976d-7fca-9165-3e872014d47f	2024-03-27 12:15:57.167626+01	\N	\N
018e8562-6994-76d9-93bc-6f1862b0b618	018e8562-6994-7721-945b-24804a15d293	018e8562-6993-7280-9a0e-699fa2d3d1aa	018e8562-6993-7025-8a49-d8daa6bbad69	test12	018e61da-976d-7fca-9165-3e872014d47f	2024-03-28 15:06:43.091965+01	\N	\N
018e85b8-3c51-7a35-a874-864bd6c2f6a6	018e8581-a868-7836-889d-cd0aeaca1cce	018e8581-a868-7b73-9d5c-bb33172894ee	018e8581-f92a-7047-b00a-5bdd5365a12f	test	018e61da-976d-7fca-9165-3e872014d47f	2024-03-28 16:40:27.582323+01	\N	\N
018e8581-a869-7377-a156-263f145dbe67	018e8581-a868-7836-889d-cd0aeaca1cce	018e8581-a868-7b73-9d5c-bb33172894ee	018e8581-a868-767d-ae3e-d8cae764ddd6	test	018e61da-976d-7fca-9165-3e872014d47f	2024-03-28 15:40:50.792609+01	2024-03-28 16:40:27.582323+01	018e61da-976d-7fca-9165-3e872014d47f
018e85ba-c07c-7de9-a095-5f5bcefe8ccd	018e8581-a868-7836-889d-cd0aeaca1cce	018e8581-f92a-7047-b00a-5bdd5365a12f	018e8581-a868-767d-ae3e-d8cae764ddd6	test1212	018e61da-976d-7fca-9165-3e872014d47f	2024-03-28 16:43:12.489746+01	\N	\N
018e85b8-3c4a-7ba0-a15a-189b2628aa7f	018e8581-a868-7836-889d-cd0aeaca1cce	018e8581-f92a-7047-b00a-5bdd5365a12f	018e8581-a868-767d-ae3e-d8cae764ddd6	test12	018e61da-976d-7fca-9165-3e872014d47f	2024-03-28 16:40:27.582323+01	2024-03-28 16:43:12.489746+01	018e61da-976d-7fca-9165-3e872014d47f
018e8583-ba18-7f8c-be77-57dcde7aab90	018e8583-ba18-79be-83d0-0de6fa254e5b	018e8583-ba17-7254-9666-95587ce3e88b	018e8583-ba18-75eb-b6af-95cc7bce8857	test1542	018e61da-976d-7fca-9165-3e872014d47f	2024-03-28 15:43:06.392112+01	2024-03-29 08:44:37.684305+01	018e61da-976d-7fca-9165-3e872014d47f
018e892a-f5e0-781a-b159-ee243851fe1c	018e8583-ba18-79be-83d0-0de6fa254e5b	018e892a-f5b6-70b1-9ac6-9bd4eb9498c4	018e892a-f542-784c-9097-e5d5c830a820	test1542	018e61da-976d-7fca-9165-3e872014d47f	2024-03-29 08:44:37.803507+01	\N	\N
018e892a-f549-7df1-8898-ead684b85dcd	018e8583-ba18-79be-83d0-0de6fa254e5b	018e8583-ba17-7254-9666-95587ce3e88b	018e892a-f542-784c-9097-e5d5c830a820	test1542	018e61da-976d-7fca-9165-3e872014d47f	2024-03-29 08:44:37.684305+01	2024-03-29 08:44:37.803507+01	018e61da-976d-7fca-9165-3e872014d47f
018e892a-f658-70b0-9caf-2e752fe4a741	018e8583-ba18-79be-83d0-0de6fa254e5b	018e892a-f542-784c-9097-e5d5c830a820	018e892a-f640-7b45-8a80-8fde2832099f	NewDay	018e61da-976d-7fca-9165-3e872014d47f	2024-03-29 08:44:37.939365+01	\N	\N
018e892a-f549-7863-bba4-787c7f093048	018e8583-ba18-79be-83d0-0de6fa254e5b	018e892a-f542-784c-9097-e5d5c830a820	018e8583-ba18-75eb-b6af-95cc7bce8857	NewDay	018e61da-976d-7fca-9165-3e872014d47f	2024-03-29 08:44:37.684305+01	2024-03-29 08:44:37.939365+01	018e61da-976d-7fca-9165-3e872014d47f
018e8ac2-479e-78ba-9517-acf05f7b2c7b	018e8ac2-479a-7062-b4ff-1f512a9d36ef	018e8ac2-0bb9-7b24-9487-c2ff0ccb8fe8	018e8ac2-0bc4-7288-8a93-2ce056c11e3b	test	018e61da-976d-7fca-9165-3e872014d47f	2024-03-29 16:09:31.929923+01	\N	\N
018e8ad3-8b3e-7265-85c4-a26b2b7b0b4e	018e8ad3-8b3d-7163-9eb5-5281683b8bdd	018e8ad3-8b3c-7928-b96f-ac3ad1abc2d2	018e8ad3-8b3d-76cd-acd7-5e792350a2cd	test	018e61da-976d-7fca-9165-3e872014d47f	2024-03-29 16:28:23.357175+01	\N	\N
018e8afb-87aa-7833-ae06-7ebf78aeb1c0	018e8afb-87aa-7618-877d-89762b73b7af	018e8afb-87a8-7c37-9cb9-c92b3d8dd223	018e8afb-87a9-7a2a-a227-19fef97c26bb	tetet	018e61da-976d-7fca-9165-3e872014d47f	2024-03-29 17:12:03.882029+01	\N	\N
018e8afc-dc65-7555-a768-4e4b50037f90	018e8afc-dc65-7b6c-bdaf-d02c2caa7f4c	018e8afc-dc64-7d12-970c-2b90d288804e	018e8afb-87a9-7a2a-a227-19fef97c26bb	Lennarts buurt	018e61da-976d-7fca-9165-3e872014d47f	2024-03-29 17:13:31.109228+01	\N	\N
018e8afd-fbe7-774b-b8d0-f9792c97cfd6	018e8afd-fbe6-785e-9c0f-5213256d5128	018e8afd-8bd7-7eb6-8eca-8201421b2953	018e8afd-8bd7-71d9-b8cb-4dfb9629b8f3	Alis buurt	018e61da-976d-7fca-9165-3e872014d47f	2024-03-29 17:14:44.710417+01	\N	\N
018e8afe-5e4a-7a95-85ea-a11655837f76	018e8afe-5e4a-79bc-8aaf-0194ec5ed8b7	018e8afd-8bd7-7eb6-8eca-8201421b2953	018e8afd-8bd7-71d9-b8cb-4dfb9629b8f3	Test Ali Bew 	018e61da-976d-7fca-9165-3e872014d47f	2024-03-29 17:15:09.89833+01	\N	\N
018e8b04-a754-7f2e-9ced-60d433773e22	018e8b04-a754-7819-b721-501b0e59ab98	018e8b04-a753-7825-95fd-eb85e7e0ab71	018e8afd-8bd7-71d9-b8cb-4dfb9629b8f3	phinion	018e61da-976d-7fca-9165-3e872014d47f	2024-03-29 17:22:01.812043+01	\N	\N
018e8b05-5e8e-75da-8457-5958cb757156	018e8b05-5e8d-79d5-94b6-a76c8fa176e2	018e8b04-a753-7825-95fd-eb85e7e0ab71	018e8afd-8bd7-71d9-b8cb-4dfb9629b8f3	phinion	018e61da-976d-7fca-9165-3e872014d47f	2024-03-29 17:22:48.716475+01	\N	\N
018e8b0b-1058-7f59-9e63-ea012d342cbc	018e8b0b-1058-7530-a5f8-3bf0a0ca6436	018e8afd-8bd7-7eb6-8eca-8201421b2953	018e8b0b-1058-723d-8674-884ceff6ea04	New Phinion Project	018e61da-976d-7fca-9165-3e872014d47f	2024-03-29 17:29:01.912376+01	\N	\N
018e8b0b-969d-792d-b108-9d880e15f742	018e8b0b-969d-749b-8327-e5793146cf98	018e8afd-8bd7-7eb6-8eca-8201421b2953	018e8b0b-1058-723d-8674-884ceff6ea04	New Phinion Project	018e61da-976d-7fca-9165-3e872014d47f	2024-03-29 17:29:36.285256+01	\N	\N
018f4e5f-ee8f-7274-a040-47c2a552efc7	018f4e5f-ee8e-70c6-8eaa-8bc318c31e21	018e8abf-3936-7b9b-88af-f02cf4a28bf7	018e8abf-3936-76e6-9cd1-c96b976320ef	test	018e61da-976d-7fca-9165-3e872014d47f	2024-05-06 16:47:40.942496+02	\N	\N
0190022b-734d-701a-93c0-556211c912e3	0190022b-734b-7081-a43f-6181d03a3794	0190021f-55fa-7e92-bf7d-5828e8adec6c	0190021f-55fa-7cde-8f03-ac35f9d99ea9	test	018e61da-976d-7fca-9165-3e872014d47f	2024-06-10 14:42:00.39581+02	\N	\N
01900231-e884-7fdd-8125-e26f17476309	01900231-e884-7a0b-88e7-2daf4320cf35	01900231-c01d-7608-8bfc-953aab2933fa	01900231-c01d-7cbc-991d-291b604242b6	Test house block	018e61da-976d-7fca-9165-3e872014d47f	2024-06-10 14:49:03.620378+02	\N	\N
01900232-99fb-761d-bdaf-1c11c0df34ac	01900232-99fb-7c37-be0d-92ecbf6fb716	01900232-5bf2-7721-86b2-1886149a9f6a	01900232-5bf2-7dda-a25a-490fd391a4cf	Test house block	018e61da-976d-7fca-9165-3e872014d47f	2024-06-10 14:49:49.051223+02	\N	\N
0190023b-e8d1-7795-9902-2ead468e120b	0190023b-e8d1-7a5f-9e1b-b5bf36e973ad	0190023b-c131-7ab1-acb7-bcb70d47e6a0	0190023b-c131-7953-be79-98eed72b10a9	Test house block	018e61da-976d-7fca-9165-3e872014d47f	2024-06-10 14:59:59.05723+02	\N	\N
01900243-afc4-7ad3-ba6a-770915bcaa5a	01900243-afc4-738d-9eb3-811a0f575ba8	01900243-87f4-7ce5-a3e6-6859ce3f57ef	01900243-87f4-7f73-80d6-3837a993a75d	Test house block	018e61da-976d-7fca-9165-3e872014d47f	2024-06-10 15:08:28.740652+02	\N	\N
01900244-eb8f-759a-8226-10e35c242da4	01900244-eb8f-7d63-9b6b-ba00ca1ccea1	01900244-c2e1-75fc-8b55-c32627e04991	01900244-c2e1-7bd7-85ea-132c3f1c63c1	Test house block	018e61da-976d-7fca-9165-3e872014d47f	2024-06-10 15:09:49.583809+02	\N	\N
019002d0-9b28-7ff0-9a51-c7d52960be94	019002d0-9b28-75e5-9da0-84aebec5a5d9	019002d0-5bf1-74dc-ada9-e0660d7c4317	019002d0-5bf1-7e8c-8ec8-acf5b4ca6c57	Test house block	018e61da-976d-7fca-9165-3e872014d47f	2024-06-10 17:42:24.040404+02	\N	\N
019002d3-48c0-77cb-8bbf-1ea4dd341265	019002d3-48c0-785b-bc2c-2771bae1e3ad	019002d3-0ce8-7afc-8901-8f7333598585	019002d3-0ce8-781c-a8fc-b01925c826dd	Test house block	018e61da-976d-7fca-9165-3e872014d47f	2024-06-10 17:45:19.552064+02	\N	\N
019002d4-dceb-7d7a-8d1f-dae7cc27a5ab	019002d4-dceb-77b6-bd11-92253519de89	019002d4-a001-7bd3-91ee-c84b409325cd	019002d4-a001-723a-b300-9be7be1a2388	Test house block	018e61da-976d-7fca-9165-3e872014d47f	2024-06-10 17:47:03.019603+02	\N	\N
01900396-bbe0-7fb0-aa3a-97582d4f5800	01900396-bbdf-7bf8-9b13-c427efed4b5a	01900396-85e8-7c9e-8cb6-55121b2c71ca	01900396-85e8-7c96-b65f-d28fbcc818c5	Test house block	018e61da-976d-7fca-9165-3e872014d47f	2024-06-10 21:18:48.542858+02	\N	\N
01900397-f15b-7d15-b795-017d3d6575b1	01900397-f15b-792e-9d8f-f2ffacc24b56	01900397-bbc5-73d7-8f31-ecdac84693b3	01900397-bbc5-79c9-8649-2aa88b80c0ad	Test house block	018e61da-976d-7fca-9165-3e872014d47f	2024-06-10 21:20:07.771131+02	\N	\N
01900722-2584-7e54-b7b9-da6c0234033e	01900722-2582-7e23-9746-adccf379c7b1	01900721-ea95-7f92-96a8-a0cb207afe90	01900721-ea96-7813-b35c-953fddb9cf94	Test house block	018e61da-976d-7fca-9165-3e872014d47f	2024-06-11 13:49:56.738131+02	\N	\N
01900739-9e66-7480-8f06-f5c2540ff8e8	01900739-9e65-7577-88f6-072daa804517	01900739-7129-7015-a838-424d222b9387	01900739-7129-7cbf-b230-fcf393986e6d	Test house block	018e61da-976d-7fca-9165-3e872014d47f	2024-06-11 14:15:35.013825+02	\N	\N
0190073a-5139-712f-b394-c75237ce8893	0190073a-5139-7a19-8b57-58f07fcbcf48	0190073a-0fb2-7b3c-a8c7-09ff305da4c0	0190073a-0fb2-70cc-ab49-14bcd488266d	Test house block	018e61da-976d-7fca-9165-3e872014d47f	2024-06-11 14:16:20.792897+02	\N	\N
0190073b-e7d0-7b69-b820-314c33a60278	0190073b-e7cf-7d04-b562-e1e2c211ee62	0190073b-bed9-7c59-a922-c188b71b346a	0190073b-bed9-7144-a2b1-e14c1bf8738f	Test house block	018e61da-976d-7fca-9165-3e872014d47f	2024-06-11 14:18:04.878941+02	\N	\N
0190074b-e1a5-7476-aa19-70bd8a5da6e4	0190074b-e1a5-7064-bdfa-fccaa801509d	0190074b-9ef5-76b8-ba40-4f58e452d3fd	0190074b-9ef5-77d8-a5a2-f023c68ac578	Test house block	018e61da-976d-7fca-9165-3e872014d47f	2024-06-11 14:35:31.877545+02	\N	\N
01900770-c6f4-789f-b8ea-329f66248a3f	01900770-c6f4-7b6d-8f5a-8293f1e8ff8f	01900770-9bec-7315-8de0-ec01bfea203e	01900770-9bec-77f8-89ca-41b649267114	Test house block	018e61da-976d-7fca-9165-3e872014d47f	2024-06-11 15:15:49.876097+02	\N	\N
\.


--
-- Data for Name: woningblok_programmering_changelog; Type: TABLE DATA; Schema: diwi_testset; Owner: ali
--

COPY diwi_testset.woningblok_programmering_changelog (id, woningblok_id, start_milestone_id, end_milestone_id, create_user_id, change_start_date, change_end_date, programmering, change_user_id) FROM stdin;
61ab6cfb-54ac-4beb-9227-43207792cfa2	16dbf29e-bd3e-419e-9b2c-0bfd834c0d19	ee3cbe15-7a5d-42c6-a807-0a7593a24d4f	342887ab-2106-45c4-9565-a4b83f4d3362	2122426c-6e70-419c-a054-f51dd24d798b	2024-03-21 17:31:19.976671+01	\N	t	\N
018e6a88-d660-70a4-b94e-21e006bdf446	018e6a88-d65e-7cc7-9743-a542c02437df	018e6a88-d65e-73af-85a5-0b5b048702c8	018e6a88-d65e-73a1-a14a-0e6a0eb6a745	018e61da-976d-7fca-9165-3e872014d47f	2024-03-23 09:58:56.478706+01	\N	t	\N
018e7b12-6b60-74fa-80a0-3046bbc59e89	018e7b12-6b60-7d7b-8901-9a94147d7794	018e7b12-6b60-7f03-9f6d-c1700af2c043	018e7b12-6b60-7138-8e4c-984f121fb240	018e61da-976d-7fca-9165-3e872014d47f	2024-03-26 15:03:08.512499+01	\N	t	\N
018e8583-ba18-7f3e-95cf-8afc95c839a5	018e8583-ba18-79be-83d0-0de6fa254e5b	018e8583-ba17-7254-9666-95587ce3e88b	018e8583-ba18-75eb-b6af-95cc7bce8857	018e61da-976d-7fca-9165-3e872014d47f	2024-03-28 15:43:06.392112+01	2024-03-29 08:44:37.803507+01	t	018e61da-976d-7fca-9165-3e872014d47f
018e892a-f65a-77f7-abdd-53b40bdba28a	018e8583-ba18-79be-83d0-0de6fa254e5b	018e892a-f5b6-70b1-9ac6-9bd4eb9498c4	018e892a-f640-7b45-8a80-8fde2832099f	018e61da-976d-7fca-9165-3e872014d47f	2024-03-29 08:44:37.939365+01	\N	t	\N
018e892a-f5e3-79e5-a520-d1e5a704b8e0	018e8583-ba18-79be-83d0-0de6fa254e5b	018e892a-f5b6-70b1-9ac6-9bd4eb9498c4	018e8583-ba18-75eb-b6af-95cc7bce8857	018e61da-976d-7fca-9165-3e872014d47f	2024-03-29 08:44:37.803507+01	2024-03-29 08:44:37.939365+01	t	018e61da-976d-7fca-9165-3e872014d47f
01900231-e884-7c11-acae-5e34f6d70749	01900231-e884-7a0b-88e7-2daf4320cf35	01900231-c01d-7608-8bfc-953aab2933fa	01900231-c01d-7cbc-991d-291b604242b6	018e61da-976d-7fca-9165-3e872014d47f	2024-06-10 14:49:03.620378+02	\N	t	\N
01900232-99fb-78b4-be07-58c8528d9ac8	01900232-99fb-7c37-be0d-92ecbf6fb716	01900232-5bf2-7721-86b2-1886149a9f6a	01900232-5bf2-7dda-a25a-490fd391a4cf	018e61da-976d-7fca-9165-3e872014d47f	2024-06-10 14:49:49.051223+02	\N	t	\N
0190023b-e8d1-7f5c-9e40-714666e2e13d	0190023b-e8d1-7a5f-9e1b-b5bf36e973ad	0190023b-c131-7ab1-acb7-bcb70d47e6a0	0190023b-c131-7953-be79-98eed72b10a9	018e61da-976d-7fca-9165-3e872014d47f	2024-06-10 14:59:59.05723+02	\N	t	\N
01900243-afc4-75f4-a542-04b01d008552	01900243-afc4-738d-9eb3-811a0f575ba8	01900243-87f4-7ce5-a3e6-6859ce3f57ef	01900243-87f4-7f73-80d6-3837a993a75d	018e61da-976d-7fca-9165-3e872014d47f	2024-06-10 15:08:28.740652+02	\N	t	\N
01900244-eb8f-7890-9ebe-721e62dd2b75	01900244-eb8f-7d63-9b6b-ba00ca1ccea1	01900244-c2e1-75fc-8b55-c32627e04991	01900244-c2e1-7bd7-85ea-132c3f1c63c1	018e61da-976d-7fca-9165-3e872014d47f	2024-06-10 15:09:49.583809+02	\N	t	\N
019002d0-9b28-7e67-8f95-1aadff64b05e	019002d0-9b28-75e5-9da0-84aebec5a5d9	019002d0-5bf1-74dc-ada9-e0660d7c4317	019002d0-5bf1-7e8c-8ec8-acf5b4ca6c57	018e61da-976d-7fca-9165-3e872014d47f	2024-06-10 17:42:24.040404+02	\N	t	\N
019002d3-48c0-7842-ab73-c9dd52112fa7	019002d3-48c0-785b-bc2c-2771bae1e3ad	019002d3-0ce8-7afc-8901-8f7333598585	019002d3-0ce8-781c-a8fc-b01925c826dd	018e61da-976d-7fca-9165-3e872014d47f	2024-06-10 17:45:19.552064+02	\N	t	\N
019002d4-dceb-7c2a-8e24-ca534b38e4c0	019002d4-dceb-77b6-bd11-92253519de89	019002d4-a001-7bd3-91ee-c84b409325cd	019002d4-a001-723a-b300-9be7be1a2388	018e61da-976d-7fca-9165-3e872014d47f	2024-06-10 17:47:03.019603+02	\N	t	\N
01900396-bbe0-714f-b317-af5ed8902c84	01900396-bbdf-7bf8-9b13-c427efed4b5a	01900396-85e8-7c9e-8cb6-55121b2c71ca	01900396-85e8-7c96-b65f-d28fbcc818c5	018e61da-976d-7fca-9165-3e872014d47f	2024-06-10 21:18:48.542858+02	\N	t	\N
01900397-f15b-7abb-9b0e-e3808ccfc968	01900397-f15b-792e-9d8f-f2ffacc24b56	01900397-bbc5-73d7-8f31-ecdac84693b3	01900397-bbc5-79c9-8649-2aa88b80c0ad	018e61da-976d-7fca-9165-3e872014d47f	2024-06-10 21:20:07.771131+02	\N	t	\N
01900722-2584-7f63-b6ce-1bed25eb6da7	01900722-2582-7e23-9746-adccf379c7b1	01900721-ea95-7f92-96a8-a0cb207afe90	01900721-ea96-7813-b35c-953fddb9cf94	018e61da-976d-7fca-9165-3e872014d47f	2024-06-11 13:49:56.738131+02	\N	t	\N
01900739-9e66-7849-84f2-3a05ed353c3b	01900739-9e65-7577-88f6-072daa804517	01900739-7129-7015-a838-424d222b9387	01900739-7129-7cbf-b230-fcf393986e6d	018e61da-976d-7fca-9165-3e872014d47f	2024-06-11 14:15:35.013825+02	\N	t	\N
0190073a-5139-7af9-85a6-f2f19f1c389a	0190073a-5139-7a19-8b57-58f07fcbcf48	0190073a-0fb2-7b3c-a8c7-09ff305da4c0	0190073a-0fb2-70cc-ab49-14bcd488266d	018e61da-976d-7fca-9165-3e872014d47f	2024-06-11 14:16:20.792897+02	\N	t	\N
0190073b-e7d0-71f7-ad6e-6863016c0477	0190073b-e7cf-7d04-b562-e1e2c211ee62	0190073b-bed9-7c59-a922-c188b71b346a	0190073b-bed9-7144-a2b1-e14c1bf8738f	018e61da-976d-7fca-9165-3e872014d47f	2024-06-11 14:18:04.878941+02	\N	t	\N
0190074b-e1a5-7851-9373-a68c359efdef	0190074b-e1a5-7064-bdfa-fccaa801509d	0190074b-9ef5-76b8-ba40-4f58e452d3fd	0190074b-9ef5-77d8-a5a2-f023c68ac578	018e61da-976d-7fca-9165-3e872014d47f	2024-06-11 14:35:31.877545+02	\N	t	\N
01900770-c6f4-7761-a1ad-302e888b1cc9	01900770-c6f4-7b6d-8f5a-8293f1e8ff8f	01900770-9bec-7315-8de0-ec01bfea203e	01900770-9bec-77f8-89ca-41b649267114	018e61da-976d-7fca-9165-3e872014d47f	2024-06-11 15:15:49.876097+02	\N	t	\N
\.


--
-- Data for Name: woningblok_state; Type: TABLE DATA; Schema: diwi_testset; Owner: ali
--

COPY diwi_testset.woningblok_state (id, woningblok_id, create_user_id, change_user_id, change_start_date, change_end_date) FROM stdin;
cb4731df-2dd6-4bbb-a9c0-68f43820da3c	018e620d-0fb3-77fb-9a8d-aac310b3dadb	018e61da-976d-7fca-9165-3e872014d47f	\N	2024-03-21 18:26:46.963319+01	\N
fb609f50-b7d7-408d-8536-7670f8e2164e	018e6217-1ef9-7fb3-b48b-0536320f4e5f	018e61da-976d-7fca-9165-3e872014d47f	\N	2024-03-21 18:37:46.23328+01	\N
e867dd66-f0d9-4774-bb28-f4fb385db85f	018e655d-7c9d-710c-84e9-a7b23c952ec7	018e61da-976d-7fca-9165-3e872014d47f	\N	2024-03-22 09:53:29.373208+01	\N
42dc05c0-b3ee-435c-a156-61fe0ae1968c	018e6560-758e-7ef9-868c-0d5eacea66d2	018e61da-976d-7fca-9165-3e872014d47f	\N	2024-03-22 09:56:44.174739+01	\N
4ccd5323-ffcc-4d52-b432-7b4c78ed1697	018e6567-5cc6-759b-88c1-3fdeb9563668	018e61da-976d-7fca-9165-3e872014d47f	\N	2024-03-22 10:04:16.582177+01	\N
b173bf38-95d3-4836-9bf6-0188bf7fae54	018e657a-109d-79d2-a0e5-d55504eb0424	018e61da-976d-7fca-9165-3e872014d47f	\N	2024-03-22 10:24:42.26973+01	\N
dab95a19-2884-49e7-b64c-e21fb6b67943	018e65d5-2dc4-76b6-840c-52294fc96553	018e61da-976d-7fca-9165-3e872014d47f	\N	2024-03-22 12:04:13.508521+01	\N
07b1822f-0490-4bb4-923d-0add205ce84f	018e6a88-d65e-7cc7-9743-a542c02437df	018e61da-976d-7fca-9165-3e872014d47f	\N	2024-03-23 09:58:56.478706+01	\N
a69e134e-e19f-47b3-8085-8a812037108e	018e6ab6-e64a-78b6-b35d-96d6058294f7	018e61da-976d-7fca-9165-3e872014d47f	\N	2024-03-23 10:49:15.210581+01	\N
05e490ea-e70f-47fd-94c9-92c20438d614	018e6abb-06de-708c-842b-ea1594eebc57	018e61da-976d-7fca-9165-3e872014d47f	\N	2024-03-23 10:53:45.694492+01	\N
98ad0e77-0152-4197-a6af-1decbdbed4a4	018e6abd-c474-7580-b55b-d2e059bd65dc	018e61da-976d-7fca-9165-3e872014d47f	\N	2024-03-23 10:56:45.300788+01	\N
e531c618-b6c1-4301-a671-c37886bce51b	018e6aca-379a-7599-b741-1fc99f25cca3	018e61da-976d-7fca-9165-3e872014d47f	\N	2024-03-23 11:10:21.210915+01	\N
929036b9-6836-4fe6-bfb3-dc46ae19d031	018e7b00-5468-71d6-85cf-802ec4493ba7	018e61da-976d-7fca-9165-3e872014d47f	\N	2024-03-26 14:43:22.984141+01	\N
bd448268-72af-43b7-9937-0c6bbd3e082b	018e7b12-6b60-7d7b-8901-9a94147d7794	018e61da-976d-7fca-9165-3e872014d47f	\N	2024-03-26 15:03:08.512499+01	\N
0b21eda6-f28f-4d48-beae-9975ba4de1b1	018e7f38-5675-7a43-ab3f-da43561b9f00	018e61da-976d-7fca-9165-3e872014d47f	\N	2024-03-27 10:23:02.389368+01	\N
da41a0bc-f8dd-44f7-86df-19ac3ba3ac27	018e7f7a-5d16-715c-b193-6e49588c5d26	018e61da-976d-7fca-9165-3e872014d47f	\N	2024-03-27 11:35:09.462233+01	\N
6a739451-497d-4728-8413-74977a773de3	018e7f8d-8e37-7a66-8af4-50152e0c112f	018e61da-976d-7fca-9165-3e872014d47f	\N	2024-03-27 11:56:07.223445+01	\N
1073fe60-8030-466e-9166-d946aab52ef1	018e7f9e-3f4c-794f-8d9c-e85f24d96699	018e61da-976d-7fca-9165-3e872014d47f	\N	2024-03-27 12:14:21.132722+01	\N
21467854-ff45-429b-ab02-5bb108e3b28b	018e7f9f-08dc-7f2e-aa79-5748fdeec979	018e61da-976d-7fca-9165-3e872014d47f	\N	2024-03-27 12:15:12.731984+01	\N
0cf3b5fa-79eb-497d-9a44-235dfc5146aa	018e7f9f-b66f-7914-80b9-dfaa52ed52c8	018e61da-976d-7fca-9165-3e872014d47f	\N	2024-03-27 12:15:57.167626+01	\N
658f27de-24d5-436d-b445-e094a31750da	018e8562-6994-7721-945b-24804a15d293	018e61da-976d-7fca-9165-3e872014d47f	\N	2024-03-28 15:06:43.091965+01	\N
4db415db-9d80-4d30-a0cd-a83bdfc0b4c5	018e8581-a868-7836-889d-cd0aeaca1cce	018e61da-976d-7fca-9165-3e872014d47f	\N	2024-03-28 15:40:50.792609+01	\N
53c68874-3f62-434b-834f-2f64d50449f6	018e8583-ba18-79be-83d0-0de6fa254e5b	018e61da-976d-7fca-9165-3e872014d47f	\N	2024-03-28 15:43:06.392112+01	\N
82e051a9-3ac7-479b-a200-465c6192b81c	018e8ac2-479a-7062-b4ff-1f512a9d36ef	018e61da-976d-7fca-9165-3e872014d47f	\N	2024-03-29 16:09:31.929923+01	\N
0ea6888d-7aaf-4257-8a4f-8626df4f285b	018e8ad3-8b3d-7163-9eb5-5281683b8bdd	018e61da-976d-7fca-9165-3e872014d47f	\N	2024-03-29 16:28:23.357175+01	\N
12622ae5-325d-44ea-8dbd-1e6556e42dfe	018e8afb-87aa-7618-877d-89762b73b7af	018e61da-976d-7fca-9165-3e872014d47f	\N	2024-03-29 17:12:03.882029+01	\N
3b137e48-fb83-47b0-9d75-907c7dd827f2	018e8afc-dc65-7b6c-bdaf-d02c2caa7f4c	018e61da-976d-7fca-9165-3e872014d47f	\N	2024-03-29 17:13:31.109228+01	\N
7dd74674-c246-4c63-b6bd-c977c8f80af3	018e8afd-fbe6-785e-9c0f-5213256d5128	018e61da-976d-7fca-9165-3e872014d47f	\N	2024-03-29 17:14:44.710417+01	\N
d2f7cfb1-bb3c-48b5-a466-d5878e288c64	018e8afe-5e4a-79bc-8aaf-0194ec5ed8b7	018e61da-976d-7fca-9165-3e872014d47f	\N	2024-03-29 17:15:09.89833+01	\N
291c2820-f88c-412f-bae4-cab5912c3a9b	018e8b04-a754-7819-b721-501b0e59ab98	018e61da-976d-7fca-9165-3e872014d47f	\N	2024-03-29 17:22:01.812043+01	\N
ab3c163c-e233-4947-9d95-01d095085e57	018e8b05-5e8d-79d5-94b6-a76c8fa176e2	018e61da-976d-7fca-9165-3e872014d47f	\N	2024-03-29 17:22:48.716475+01	\N
1fc929ae-20fe-40e2-a8dd-adff6659e3bb	018e8b0b-1058-7530-a5f8-3bf0a0ca6436	018e61da-976d-7fca-9165-3e872014d47f	\N	2024-03-29 17:29:01.912376+01	\N
3a893a8d-6c43-4fb9-bdce-9e126cc6585e	018e8b0b-969d-749b-8327-e5793146cf98	018e61da-976d-7fca-9165-3e872014d47f	\N	2024-03-29 17:29:36.285256+01	\N
eeee2b59-3d9d-44d7-bd2d-6b3fc5da70ff	16dbf29e-bd3e-419e-9b2c-0bfd834c0d19	2122426c-6e70-419c-a054-f51dd24d798b	\N	2024-03-21 17:31:19.898845+01	\N
7134528d-c22a-440f-9aaa-7888b63561e5	19950bd0-163d-421f-8022-a967edefef5c	2122426c-6e70-419c-a054-f51dd24d798b	\N	2024-03-21 17:31:20.006714+01	\N
a40680bd-cd5c-46e3-868a-e0dd9291c224	7f402e53-7faf-4e1f-a5a9-2249682eef7c	2122426c-6e70-419c-a054-f51dd24d798b	\N	2024-03-21 17:31:19.992657+01	\N
018f4e5f-ee8e-7a4b-8603-1a6c2cac920f	018f4e5f-ee8e-70c6-8eaa-8bc318c31e21	018e61da-976d-7fca-9165-3e872014d47f	\N	2024-05-06 16:47:40.942496+02	\N
0190022b-734b-77d3-aedc-fe8cf2ae09b0	0190022b-734b-7081-a43f-6181d03a3794	018e61da-976d-7fca-9165-3e872014d47f	\N	2024-06-10 14:42:00.39581+02	\N
01900231-e884-79cf-860e-93d6fc10db99	01900231-e884-7a0b-88e7-2daf4320cf35	018e61da-976d-7fca-9165-3e872014d47f	\N	2024-06-10 14:49:03.620378+02	\N
01900232-99fb-7af5-9b7d-55cf7f8ad412	01900232-99fb-7c37-be0d-92ecbf6fb716	018e61da-976d-7fca-9165-3e872014d47f	\N	2024-06-10 14:49:49.051223+02	\N
0190023b-e8d1-7033-9ec1-1696d0b9dff1	0190023b-e8d1-7a5f-9e1b-b5bf36e973ad	018e61da-976d-7fca-9165-3e872014d47f	\N	2024-06-10 14:59:59.05723+02	\N
01900243-afc4-7565-bfe3-1a0c758f07e9	01900243-afc4-738d-9eb3-811a0f575ba8	018e61da-976d-7fca-9165-3e872014d47f	\N	2024-06-10 15:08:28.740652+02	\N
01900244-eb8f-7309-b842-0d98326971cc	01900244-eb8f-7d63-9b6b-ba00ca1ccea1	018e61da-976d-7fca-9165-3e872014d47f	\N	2024-06-10 15:09:49.583809+02	\N
019002d0-9b28-7e91-8d0d-3d3020956018	019002d0-9b28-75e5-9da0-84aebec5a5d9	018e61da-976d-7fca-9165-3e872014d47f	\N	2024-06-10 17:42:24.040404+02	\N
019002d3-48c0-71c0-a1b9-ec2ce1eceb49	019002d3-48c0-785b-bc2c-2771bae1e3ad	018e61da-976d-7fca-9165-3e872014d47f	\N	2024-06-10 17:45:19.552064+02	\N
019002d4-dceb-72d9-92e5-4e27fb233d46	019002d4-dceb-77b6-bd11-92253519de89	018e61da-976d-7fca-9165-3e872014d47f	\N	2024-06-10 17:47:03.019603+02	\N
01900396-bbdf-72bc-9d9a-48cb5f423c7c	01900396-bbdf-7bf8-9b13-c427efed4b5a	018e61da-976d-7fca-9165-3e872014d47f	\N	2024-06-10 21:18:48.542858+02	\N
01900397-f15b-752b-aa36-72efd2339dab	01900397-f15b-792e-9d8f-f2ffacc24b56	018e61da-976d-7fca-9165-3e872014d47f	\N	2024-06-10 21:20:07.771131+02	\N
01900722-2582-7206-b720-d3a2723b6b69	01900722-2582-7e23-9746-adccf379c7b1	018e61da-976d-7fca-9165-3e872014d47f	\N	2024-06-11 13:49:56.738131+02	\N
01900739-9e65-7f57-9340-787706332cc7	01900739-9e65-7577-88f6-072daa804517	018e61da-976d-7fca-9165-3e872014d47f	\N	2024-06-11 14:15:35.013825+02	\N
0190073a-5139-792c-bf9f-4ef2c9ed9697	0190073a-5139-7a19-8b57-58f07fcbcf48	018e61da-976d-7fca-9165-3e872014d47f	\N	2024-06-11 14:16:20.792897+02	\N
0190073b-e7cf-7a04-9aac-9b2bd30bab85	0190073b-e7cf-7d04-b562-e1e2c211ee62	018e61da-976d-7fca-9165-3e872014d47f	\N	2024-06-11 14:18:04.878941+02	\N
0190074b-e1a5-75d1-9a9d-53caf27bb07b	0190074b-e1a5-7064-bdfa-fccaa801509d	018e61da-976d-7fca-9165-3e872014d47f	\N	2024-06-11 14:35:31.877545+02	\N
01900770-c6f4-71fe-a9e4-33cd0330e2a4	01900770-c6f4-7b6d-8f5a-8293f1e8ff8f	018e61da-976d-7fca-9165-3e872014d47f	\N	2024-06-11 15:15:49.876097+02	\N
\.


--
-- Data for Name: woningblok_type_en_fysiek_changelog; Type: TABLE DATA; Schema: diwi_testset; Owner: ali
--

COPY diwi_testset.woningblok_type_en_fysiek_changelog (id, woningblok_id, start_milestone_id, end_milestone_id, create_user_id, change_start_date, change_end_date, change_user_id) FROM stdin;
7690992c-33ac-4069-b774-f2089d440c38	16dbf29e-bd3e-419e-9b2c-0bfd834c0d19	ee3cbe15-7a5d-42c6-a807-0a7593a24d4f	342887ab-2106-45c4-9565-a4b83f4d3362	2122426c-6e70-419c-a054-f51dd24d798b	2024-03-21 17:31:19.933035+01	\N	\N
018e6583-3d1e-7e1a-aa0f-5c2e6e5c7de9	018e6567-5cc6-759b-88c1-3fdeb9563668	018e656d-591d-7f2f-b8da-35cdf53a3eba	018e6567-5cc6-7d13-b704-f7658a9f9a65	018e61da-976d-7fca-9165-3e872014d47f	2024-03-22 10:34:43.483921+01	\N	\N
018e6a88-d661-7b2a-a6a0-453e6a61f302	018e6a88-d65e-7cc7-9743-a542c02437df	018e6a88-d65e-73af-85a5-0b5b048702c8	018e6a88-d65e-73a1-a14a-0e6a0eb6a745	018e61da-976d-7fca-9165-3e872014d47f	2024-03-23 09:58:56.478706+01	\N	\N
018e7b12-6b61-705d-8d86-232096f1d99e	018e7b12-6b60-7d7b-8901-9a94147d7794	018e7b12-6b60-7f03-9f6d-c1700af2c043	018e7b12-6b60-7138-8e4c-984f121fb240	018e61da-976d-7fca-9165-3e872014d47f	2024-03-26 15:03:08.512499+01	\N	\N
018e7f38-5676-71ce-9256-8509319d0e25	018e7f38-5675-7a43-ab3f-da43561b9f00	018e7f38-5675-7c01-9ca1-d384678dbffc	018e7f38-5675-7449-9d79-f2cb15b6fb81	018e61da-976d-7fca-9165-3e872014d47f	2024-03-27 10:23:02.389368+01	\N	\N
018e8583-ba19-7bc9-8a6e-67c0305cd0c7	018e8583-ba18-79be-83d0-0de6fa254e5b	018e8583-ba17-7254-9666-95587ce3e88b	018e8583-ba18-75eb-b6af-95cc7bce8857	018e61da-976d-7fca-9165-3e872014d47f	2024-03-28 15:43:06.392112+01	2024-03-29 08:44:37.803507+01	018e61da-976d-7fca-9165-3e872014d47f
018e892a-f650-715c-b263-5ef002634d81	018e8583-ba18-79be-83d0-0de6fa254e5b	018e892a-f5b6-70b1-9ac6-9bd4eb9498c4	018e892a-f640-7b45-8a80-8fde2832099f	018e61da-976d-7fca-9165-3e872014d47f	2024-03-29 08:44:37.939365+01	\N	\N
018e892a-f5d5-7fec-ad27-4c324a779ae9	018e8583-ba18-79be-83d0-0de6fa254e5b	018e892a-f5b6-70b1-9ac6-9bd4eb9498c4	018e8583-ba18-75eb-b6af-95cc7bce8857	018e61da-976d-7fca-9165-3e872014d47f	2024-03-29 08:44:37.803507+01	2024-03-29 08:44:37.939365+01	018e61da-976d-7fca-9165-3e872014d47f
018ee09c-2a28-7073-9462-a0517e0ec1e1	018e8581-a868-7836-889d-cd0aeaca1cce	018e8581-a868-7b73-9d5c-bb33172894ee	018e8581-a868-767d-ae3e-d8cae764ddd6	018e61da-976d-7fca-9165-3e872014d47f	2024-04-15 09:15:14.597483+02	\N	\N
018f4e5f-ee90-759d-ab44-422c4b554762	018f4e5f-ee8e-70c6-8eaa-8bc318c31e21	018e8abf-3936-7b9b-88af-f02cf4a28bf7	018e8abf-3936-76e6-9cd1-c96b976320ef	018e61da-976d-7fca-9165-3e872014d47f	2024-05-06 16:47:40.942496+02	\N	\N
0190022b-734d-776c-8ee0-5e6e99109f46	0190022b-734b-7081-a43f-6181d03a3794	0190021f-55fa-7e92-bf7d-5828e8adec6c	0190021f-55fa-7cde-8f03-ac35f9d99ea9	018e61da-976d-7fca-9165-3e872014d47f	2024-06-10 14:42:00.39581+02	\N	\N
01900231-e885-70e9-a87f-a62ac2fd643a	01900231-e884-7a0b-88e7-2daf4320cf35	01900231-c01d-7608-8bfc-953aab2933fa	01900231-c01d-7cbc-991d-291b604242b6	018e61da-976d-7fca-9165-3e872014d47f	2024-06-10 14:49:03.620378+02	\N	\N
01900232-99fb-7b12-87b2-d5cadb7e7442	01900232-99fb-7c37-be0d-92ecbf6fb716	01900232-5bf2-7721-86b2-1886149a9f6a	01900232-5bf2-7dda-a25a-490fd391a4cf	018e61da-976d-7fca-9165-3e872014d47f	2024-06-10 14:49:49.051223+02	\N	\N
0190023b-e8d1-73f8-882e-95e7a57bde55	0190023b-e8d1-7a5f-9e1b-b5bf36e973ad	0190023b-c131-7ab1-acb7-bcb70d47e6a0	0190023b-c131-7953-be79-98eed72b10a9	018e61da-976d-7fca-9165-3e872014d47f	2024-06-10 14:59:59.05723+02	\N	\N
01900243-afc5-77f9-bd5a-d72d014a7608	01900243-afc4-738d-9eb3-811a0f575ba8	01900243-87f4-7ce5-a3e6-6859ce3f57ef	01900243-87f4-7f73-80d6-3837a993a75d	018e61da-976d-7fca-9165-3e872014d47f	2024-06-10 15:08:28.740652+02	\N	\N
01900244-eb90-703f-8947-758bdb4a5076	01900244-eb8f-7d63-9b6b-ba00ca1ccea1	01900244-c2e1-75fc-8b55-c32627e04991	01900244-c2e1-7bd7-85ea-132c3f1c63c1	018e61da-976d-7fca-9165-3e872014d47f	2024-06-10 15:09:49.583809+02	\N	\N
019002d0-9b28-7c4c-9a73-2a1a6b31aa2f	019002d0-9b28-75e5-9da0-84aebec5a5d9	019002d0-5bf1-74dc-ada9-e0660d7c4317	019002d0-5bf1-7e8c-8ec8-acf5b4ca6c57	018e61da-976d-7fca-9165-3e872014d47f	2024-06-10 17:42:24.040404+02	\N	\N
019002d3-48c0-70f8-8260-a1b0de317fdc	019002d3-48c0-785b-bc2c-2771bae1e3ad	019002d3-0ce8-7afc-8901-8f7333598585	019002d3-0ce8-781c-a8fc-b01925c826dd	018e61da-976d-7fca-9165-3e872014d47f	2024-06-10 17:45:19.552064+02	\N	\N
019002d4-dceb-78e5-b1f1-57c692191cdb	019002d4-dceb-77b6-bd11-92253519de89	019002d4-a001-7bd3-91ee-c84b409325cd	019002d4-a001-723a-b300-9be7be1a2388	018e61da-976d-7fca-9165-3e872014d47f	2024-06-10 17:47:03.019603+02	\N	\N
01900396-bbe1-7025-afbf-60d708fb9164	01900396-bbdf-7bf8-9b13-c427efed4b5a	01900396-85e8-7c9e-8cb6-55121b2c71ca	01900396-85e8-7c96-b65f-d28fbcc818c5	018e61da-976d-7fca-9165-3e872014d47f	2024-06-10 21:18:48.542858+02	\N	\N
01900397-f15c-7b88-856b-855030c8efda	01900397-f15b-792e-9d8f-f2ffacc24b56	01900397-bbc5-73d7-8f31-ecdac84693b3	01900397-bbc5-79c9-8649-2aa88b80c0ad	018e61da-976d-7fca-9165-3e872014d47f	2024-06-10 21:20:07.771131+02	\N	\N
01900722-2588-78c8-b70b-837065e96adf	01900722-2582-7e23-9746-adccf379c7b1	01900721-ea95-7f92-96a8-a0cb207afe90	01900721-ea96-7813-b35c-953fddb9cf94	018e61da-976d-7fca-9165-3e872014d47f	2024-06-11 13:49:56.738131+02	\N	\N
01900739-9e66-7af6-af21-1db8a48bdbaa	01900739-9e65-7577-88f6-072daa804517	01900739-7129-7015-a838-424d222b9387	01900739-7129-7cbf-b230-fcf393986e6d	018e61da-976d-7fca-9165-3e872014d47f	2024-06-11 14:15:35.013825+02	\N	\N
0190073a-5139-77cb-bc4b-88a4e6294578	0190073a-5139-7a19-8b57-58f07fcbcf48	0190073a-0fb2-7b3c-a8c7-09ff305da4c0	0190073a-0fb2-70cc-ab49-14bcd488266d	018e61da-976d-7fca-9165-3e872014d47f	2024-06-11 14:16:20.792897+02	\N	\N
0190073b-e7d0-7695-9305-b3d6c5f6dd73	0190073b-e7cf-7d04-b562-e1e2c211ee62	0190073b-bed9-7c59-a922-c188b71b346a	0190073b-bed9-7144-a2b1-e14c1bf8738f	018e61da-976d-7fca-9165-3e872014d47f	2024-06-11 14:18:04.878941+02	\N	\N
0190074b-e1a6-7087-a9cc-a196349f6cca	0190074b-e1a5-7064-bdfa-fccaa801509d	0190074b-9ef5-76b8-ba40-4f58e452d3fd	0190074b-9ef5-77d8-a5a2-f023c68ac578	018e61da-976d-7fca-9165-3e872014d47f	2024-06-11 14:35:31.877545+02	\N	\N
01900770-c6f4-70e9-963a-588d0f9c77dd	01900770-c6f4-7b6d-8f5a-8293f1e8ff8f	01900770-9bec-7315-8de0-ec01bfea203e	01900770-9bec-77f8-89ca-41b649267114	018e61da-976d-7fca-9165-3e872014d47f	2024-06-11 15:15:49.876097+02	\N	\N
\.


--
-- Data for Name: woningblok_type_en_fysiek_changelog_fysiek_value; Type: TABLE DATA; Schema: diwi_testset; Owner: ali
--

COPY diwi_testset.woningblok_type_en_fysiek_changelog_fysiek_value (id, woningblok_type_en_fysiek_voorkomen_changelog_id, amount, property_value_id) FROM stdin;
84f76396-50d2-4d97-947e-5db7f1c62ec0	7690992c-33ac-4069-b774-f2089d440c38	5	c7e5157f-daf3-41a1-837c-e8ca849a69f0
018e6583-3d1e-7e3c-ab02-965065224ad1	018e6583-3d1e-7e1a-aa0f-5c2e6e5c7de9	1	c7e5157f-daf3-41a1-837c-e8ca849a69f0
018e6a88-d661-7b22-b389-650d1d263783	018e6a88-d661-7b2a-a6a0-453e6a61f302	1	c7e5157f-daf3-41a1-837c-e8ca849a69f0
018e7b12-6b61-7157-8c44-a7ffa3fd2531	018e7b12-6b61-705d-8d86-232096f1d99e	2	c7e5157f-daf3-41a1-837c-e8ca849a69f0
018e8583-ba19-71b5-8e46-2c0a0396ef31	018e8583-ba19-7bc9-8a6e-67c0305cd0c7	1	c7e5157f-daf3-41a1-837c-e8ca849a69f0
018e892a-f5d5-777c-abc5-64c60478696f	018e892a-f5d5-7fec-ad27-4c324a779ae9	1	c7e5157f-daf3-41a1-837c-e8ca849a69f0
018e892a-f650-7bdf-b6b4-8889c7423826	018e892a-f650-715c-b263-5ef002634d81	1	c7e5157f-daf3-41a1-837c-e8ca849a69f0
3ffce17b-82ae-4a63-8d3c-4bfd68627b4d	7690992c-33ac-4069-b774-f2089d440c38	15	bd6ac64f-ce22-4bcb-955b-b1eca93c7e71
018e6583-3d1e-7353-bad4-8786a5e623ec	018e6583-3d1e-7e1a-aa0f-5c2e6e5c7de9	1	bd6ac64f-ce22-4bcb-955b-b1eca93c7e71
018e6a88-d661-7889-afb7-29a227905cc7	018e6a88-d661-7b2a-a6a0-453e6a61f302	1	bd6ac64f-ce22-4bcb-955b-b1eca93c7e71
018e8583-ba19-75be-bdcb-c99b05de1510	018e8583-ba19-7bc9-8a6e-67c0305cd0c7	1	bd6ac64f-ce22-4bcb-955b-b1eca93c7e71
018e892a-f5d5-745c-801c-25ea031a3e30	018e892a-f5d5-7fec-ad27-4c324a779ae9	1	bd6ac64f-ce22-4bcb-955b-b1eca93c7e71
018e892a-f650-7063-a9e8-ef394a5d457a	018e892a-f650-715c-b263-5ef002634d81	1	bd6ac64f-ce22-4bcb-955b-b1eca93c7e71
d5c6efa8-b712-4d49-a1c7-b0040016134d	7690992c-33ac-4069-b774-f2089d440c38	35	ac692524-2b9f-4c96-a56c-2e194d93a04e
018e6a88-d661-74ab-8c8e-b233053b320c	018e6a88-d661-7b2a-a6a0-453e6a61f302	1	ac692524-2b9f-4c96-a56c-2e194d93a04e
018e7b12-6b61-75ce-9157-2841cf65a3f6	018e7b12-6b61-705d-8d86-232096f1d99e	1	ac692524-2b9f-4c96-a56c-2e194d93a04e
018e8583-ba19-76e3-8cdf-37d78c635cf6	018e8583-ba19-7bc9-8a6e-67c0305cd0c7	1	ac692524-2b9f-4c96-a56c-2e194d93a04e
018e892a-f5d5-7a9c-8554-e3833fedb922	018e892a-f5d5-7fec-ad27-4c324a779ae9	1	ac692524-2b9f-4c96-a56c-2e194d93a04e
018e892a-f650-7e9c-b43a-2bf7139a1dbd	018e892a-f650-715c-b263-5ef002634d81	1	ac692524-2b9f-4c96-a56c-2e194d93a04e
80986454-7e42-4195-af78-0e998647c7ac	7690992c-33ac-4069-b774-f2089d440c38	25	85e33e39-2582-4d39-8a0b-9cb06c428a9e
018e6a88-d661-79ed-8429-f79c6ec6a054	018e6a88-d661-7b2a-a6a0-453e6a61f302	1	85e33e39-2582-4d39-8a0b-9cb06c428a9e
018e8583-ba19-7b90-bc03-d181cef0ff99	018e8583-ba19-7bc9-8a6e-67c0305cd0c7	1	85e33e39-2582-4d39-8a0b-9cb06c428a9e
018e892a-f5d5-715f-a298-7297d3969bd8	018e892a-f5d5-7fec-ad27-4c324a779ae9	1	85e33e39-2582-4d39-8a0b-9cb06c428a9e
018e892a-f650-746f-9afb-256f3087d5fa	018e892a-f650-715c-b263-5ef002634d81	1	85e33e39-2582-4d39-8a0b-9cb06c428a9e
e10ff5b4-9abf-41e8-80c6-7940c00ab912	7690992c-33ac-4069-b774-f2089d440c38	55	b1aecd99-b8ef-4344-ad22-9b083b9680db
018e6a88-d661-7d0d-bd98-ba7058489b18	018e6a88-d661-7b2a-a6a0-453e6a61f302	1	b1aecd99-b8ef-4344-ad22-9b083b9680db
018e7b12-6b61-7220-8395-40525b4d7366	018e7b12-6b61-705d-8d86-232096f1d99e	1	b1aecd99-b8ef-4344-ad22-9b083b9680db
018e8583-ba19-76fd-b7e2-732908a21659	018e8583-ba19-7bc9-8a6e-67c0305cd0c7	1	b1aecd99-b8ef-4344-ad22-9b083b9680db
018e892a-f5d5-7980-8ee0-415d876af07c	018e892a-f5d5-7fec-ad27-4c324a779ae9	1	b1aecd99-b8ef-4344-ad22-9b083b9680db
018e892a-f650-7529-896d-c12e98a1f2e2	018e892a-f650-715c-b263-5ef002634d81	1	b1aecd99-b8ef-4344-ad22-9b083b9680db
d9a921b9-f206-45f9-94e9-c63eb137c2ea	7690992c-33ac-4069-b774-f2089d440c38	45	4bf53033-d05f-481c-97d2-33c11b133125
018e6a88-d661-7bd5-85d6-cb0e16ea0dd5	018e6a88-d661-7b2a-a6a0-453e6a61f302	1	4bf53033-d05f-481c-97d2-33c11b133125
018e7b12-6b61-73c7-a1b6-fd1896cd02a0	018e7b12-6b61-705d-8d86-232096f1d99e	1	4bf53033-d05f-481c-97d2-33c11b133125
018e7f38-5676-747f-bf21-faa654bf8112	018e7f38-5676-71ce-9256-8509319d0e25	1	4bf53033-d05f-481c-97d2-33c11b133125
018e8583-ba19-7616-ac28-e0cdd46be0fb	018e8583-ba19-7bc9-8a6e-67c0305cd0c7	1	4bf53033-d05f-481c-97d2-33c11b133125
018e892a-f5d5-7be7-be78-2f87ff43a154	018e892a-f5d5-7fec-ad27-4c324a779ae9	1	4bf53033-d05f-481c-97d2-33c11b133125
018e892a-f650-7ccc-b1bb-7f0b667223dd	018e892a-f650-715c-b263-5ef002634d81	1	4bf53033-d05f-481c-97d2-33c11b133125
018ee09c-2a28-7de9-8358-3f4917de234b	018ee09c-2a28-7073-9462-a0517e0ec1e1	0	ac692524-2b9f-4c96-a56c-2e194d93a04e
018ee09c-2a28-76d9-a947-cc98821cfcd7	018ee09c-2a28-7073-9462-a0517e0ec1e1	0	85e33e39-2582-4d39-8a0b-9cb06c428a9e
018ee09c-2a28-7cef-8170-f66ba9bc7d96	018ee09c-2a28-7073-9462-a0517e0ec1e1	0	4bf53033-d05f-481c-97d2-33c11b133125
018ee09c-2a28-712b-98ac-9aff81617f58	018ee09c-2a28-7073-9462-a0517e0ec1e1	0	b1aecd99-b8ef-4344-ad22-9b083b9680db
018ee09c-2a28-7030-a84a-b6ae005d68c1	018ee09c-2a28-7073-9462-a0517e0ec1e1	0	bd6ac64f-ce22-4bcb-955b-b1eca93c7e71
018ee09c-2a28-73d0-a229-e0b97a605465	018ee09c-2a28-7073-9462-a0517e0ec1e1	0	c7e5157f-daf3-41a1-837c-e8ca849a69f0
018f4e5f-eeb6-7a62-af2f-096e21916a69	018f4e5f-ee90-759d-ab44-422c4b554762	0	ac692524-2b9f-4c96-a56c-2e194d93a04e
018f4e5f-eeb7-7758-99e5-f9fc71da7189	018f4e5f-ee90-759d-ab44-422c4b554762	0	c7e5157f-daf3-41a1-837c-e8ca849a69f0
018f4e5f-eeb7-7689-80e9-a4d29e31429f	018f4e5f-ee90-759d-ab44-422c4b554762	0	bd6ac64f-ce22-4bcb-955b-b1eca93c7e71
018f4e5f-eeb7-7898-a850-0e73143a33a9	018f4e5f-ee90-759d-ab44-422c4b554762	0	85e33e39-2582-4d39-8a0b-9cb06c428a9e
018f4e5f-eeb7-7f62-b924-0af7139dfed7	018f4e5f-ee90-759d-ab44-422c4b554762	0	b1aecd99-b8ef-4344-ad22-9b083b9680db
018f4e5f-eeb7-76f9-891e-4a617346e540	018f4e5f-ee90-759d-ab44-422c4b554762	0	4bf53033-d05f-481c-97d2-33c11b133125
0190022b-734d-7ebb-bee4-c64b691e13e3	0190022b-734d-776c-8ee0-5e6e99109f46	0	ac692524-2b9f-4c96-a56c-2e194d93a04e
0190022b-734e-7b8b-b8f4-e3b1d56e4c39	0190022b-734d-776c-8ee0-5e6e99109f46	0	c7e5157f-daf3-41a1-837c-e8ca849a69f0
0190022b-734e-72b8-8076-5c19b592b916	0190022b-734d-776c-8ee0-5e6e99109f46	0	bd6ac64f-ce22-4bcb-955b-b1eca93c7e71
0190022b-734e-7bcc-adfb-db845b8ae3d7	0190022b-734d-776c-8ee0-5e6e99109f46	0	85e33e39-2582-4d39-8a0b-9cb06c428a9e
0190022b-734e-7424-9f16-d4b25afb04fb	0190022b-734d-776c-8ee0-5e6e99109f46	0	b1aecd99-b8ef-4344-ad22-9b083b9680db
0190022b-734e-7f20-a7c7-d1898c8db4a4	0190022b-734d-776c-8ee0-5e6e99109f46	0	4bf53033-d05f-481c-97d2-33c11b133125
01900231-e885-76ce-a914-72b31db2ee7b	01900231-e885-70e9-a87f-a62ac2fd643a	1	4bf53033-d05f-481c-97d2-33c11b133125
01900231-e885-78a1-9482-5d752fa363ac	01900231-e885-70e9-a87f-a62ac2fd643a	1	bd6ac64f-ce22-4bcb-955b-b1eca93c7e71
01900231-e885-7549-87af-20ebe4501c56	01900231-e885-70e9-a87f-a62ac2fd643a	1	b1aecd99-b8ef-4344-ad22-9b083b9680db
01900231-e885-7938-bb58-fdd813570f70	01900231-e885-70e9-a87f-a62ac2fd643a	1	c7e5157f-daf3-41a1-837c-e8ca849a69f0
01900231-e885-73fd-8348-49f9fcb2cba7	01900231-e885-70e9-a87f-a62ac2fd643a	1	ac692524-2b9f-4c96-a56c-2e194d93a04e
01900231-e885-78b5-9257-a90ca6f4374f	01900231-e885-70e9-a87f-a62ac2fd643a	1	85e33e39-2582-4d39-8a0b-9cb06c428a9e
01900232-99fb-7684-83d8-ad3063992dc8	01900232-99fb-7b12-87b2-d5cadb7e7442	1	4bf53033-d05f-481c-97d2-33c11b133125
01900232-99fb-713b-bbfb-4841c8e86241	01900232-99fb-7b12-87b2-d5cadb7e7442	1	bd6ac64f-ce22-4bcb-955b-b1eca93c7e71
01900232-99fb-71f8-a3ac-8ae3927b6df5	01900232-99fb-7b12-87b2-d5cadb7e7442	1	b1aecd99-b8ef-4344-ad22-9b083b9680db
01900232-99fb-7b86-a816-0333917e7b84	01900232-99fb-7b12-87b2-d5cadb7e7442	1	c7e5157f-daf3-41a1-837c-e8ca849a69f0
01900232-99fb-7e12-8f0b-210f9e3b9013	01900232-99fb-7b12-87b2-d5cadb7e7442	1	ac692524-2b9f-4c96-a56c-2e194d93a04e
01900232-99fb-7e09-8ec0-028afbf5a44a	01900232-99fb-7b12-87b2-d5cadb7e7442	1	85e33e39-2582-4d39-8a0b-9cb06c428a9e
0190023b-e8d2-776a-836e-84bbc1b4b25e	0190023b-e8d1-73f8-882e-95e7a57bde55	1	4bf53033-d05f-481c-97d2-33c11b133125
0190023b-e8d2-7220-a0cf-fbdb3ab9235f	0190023b-e8d1-73f8-882e-95e7a57bde55	1	bd6ac64f-ce22-4bcb-955b-b1eca93c7e71
0190023b-e8d2-798f-96ca-bf8be22ca449	0190023b-e8d1-73f8-882e-95e7a57bde55	1	b1aecd99-b8ef-4344-ad22-9b083b9680db
0190023b-e8d2-75cf-914b-5d81d24b4ff9	0190023b-e8d1-73f8-882e-95e7a57bde55	1	c7e5157f-daf3-41a1-837c-e8ca849a69f0
0190023b-e8d2-77fb-8f2c-464c4bf05a00	0190023b-e8d1-73f8-882e-95e7a57bde55	1	ac692524-2b9f-4c96-a56c-2e194d93a04e
0190023b-e8d2-7854-aeae-f183a6b9a155	0190023b-e8d1-73f8-882e-95e7a57bde55	1	85e33e39-2582-4d39-8a0b-9cb06c428a9e
01900243-afc5-77ed-8d73-0f23d473ee16	01900243-afc5-77f9-bd5a-d72d014a7608	1	4bf53033-d05f-481c-97d2-33c11b133125
01900243-afc5-7cbf-a712-d86965ab91ab	01900243-afc5-77f9-bd5a-d72d014a7608	1	bd6ac64f-ce22-4bcb-955b-b1eca93c7e71
01900243-afc5-7e2b-8537-dd115ed59683	01900243-afc5-77f9-bd5a-d72d014a7608	1	b1aecd99-b8ef-4344-ad22-9b083b9680db
01900243-afc5-767c-9d1b-9ac49a67d98c	01900243-afc5-77f9-bd5a-d72d014a7608	1	c7e5157f-daf3-41a1-837c-e8ca849a69f0
01900243-afc5-7715-a16c-ab24912448b4	01900243-afc5-77f9-bd5a-d72d014a7608	1	ac692524-2b9f-4c96-a56c-2e194d93a04e
01900243-afc5-7d91-8649-b6dfeee3f4f5	01900243-afc5-77f9-bd5a-d72d014a7608	1	85e33e39-2582-4d39-8a0b-9cb06c428a9e
01900244-eb90-78f6-ae3a-ffbc51f89169	01900244-eb90-703f-8947-758bdb4a5076	1	4bf53033-d05f-481c-97d2-33c11b133125
01900244-eb90-774a-8b8a-bd5fcd5b0027	01900244-eb90-703f-8947-758bdb4a5076	1	bd6ac64f-ce22-4bcb-955b-b1eca93c7e71
01900244-eb90-7aec-91e9-bde81c96abea	01900244-eb90-703f-8947-758bdb4a5076	1	b1aecd99-b8ef-4344-ad22-9b083b9680db
01900244-eb90-7581-962e-b7d34716b5ea	01900244-eb90-703f-8947-758bdb4a5076	1	c7e5157f-daf3-41a1-837c-e8ca849a69f0
01900244-eb90-7e99-bc5f-2e375c6bc8df	01900244-eb90-703f-8947-758bdb4a5076	1	ac692524-2b9f-4c96-a56c-2e194d93a04e
01900244-eb90-7fcb-a01e-a1eaeb1abf51	01900244-eb90-703f-8947-758bdb4a5076	1	85e33e39-2582-4d39-8a0b-9cb06c428a9e
019002d0-9b29-7bdc-8568-da6bcd7a01e9	019002d0-9b28-7c4c-9a73-2a1a6b31aa2f	1	4bf53033-d05f-481c-97d2-33c11b133125
019002d0-9b29-71f6-8615-c17078a8ccd3	019002d0-9b28-7c4c-9a73-2a1a6b31aa2f	1	bd6ac64f-ce22-4bcb-955b-b1eca93c7e71
019002d0-9b29-7286-a14b-46def4416c9d	019002d0-9b28-7c4c-9a73-2a1a6b31aa2f	1	b1aecd99-b8ef-4344-ad22-9b083b9680db
019002d0-9b29-78b2-a020-bb2b7fd877ee	019002d0-9b28-7c4c-9a73-2a1a6b31aa2f	1	c7e5157f-daf3-41a1-837c-e8ca849a69f0
019002d0-9b29-7ab2-a238-24dc1d46c393	019002d0-9b28-7c4c-9a73-2a1a6b31aa2f	1	ac692524-2b9f-4c96-a56c-2e194d93a04e
019002d0-9b29-760c-aac3-30ae93c8a260	019002d0-9b28-7c4c-9a73-2a1a6b31aa2f	1	85e33e39-2582-4d39-8a0b-9cb06c428a9e
019002d3-48c0-78c3-aa46-551e58426c1c	019002d3-48c0-70f8-8260-a1b0de317fdc	1	4bf53033-d05f-481c-97d2-33c11b133125
019002d3-48c0-74ca-a169-d49b7a920a84	019002d3-48c0-70f8-8260-a1b0de317fdc	1	bd6ac64f-ce22-4bcb-955b-b1eca93c7e71
019002d3-48c0-7c43-ac6d-12dd7850b07b	019002d3-48c0-70f8-8260-a1b0de317fdc	1	b1aecd99-b8ef-4344-ad22-9b083b9680db
019002d3-48c0-72c4-9f84-05c522558f28	019002d3-48c0-70f8-8260-a1b0de317fdc	1	c7e5157f-daf3-41a1-837c-e8ca849a69f0
019002d3-48c0-7f94-9d9b-59b780d1ddda	019002d3-48c0-70f8-8260-a1b0de317fdc	1	ac692524-2b9f-4c96-a56c-2e194d93a04e
019002d3-48c0-7d95-8145-ab1ac27659be	019002d3-48c0-70f8-8260-a1b0de317fdc	1	85e33e39-2582-4d39-8a0b-9cb06c428a9e
019002d4-dceb-7151-a169-bcd73125e446	019002d4-dceb-78e5-b1f1-57c692191cdb	1	4bf53033-d05f-481c-97d2-33c11b133125
019002d4-dcec-7162-b7d2-b1771611547e	019002d4-dceb-78e5-b1f1-57c692191cdb	1	bd6ac64f-ce22-4bcb-955b-b1eca93c7e71
019002d4-dcec-774a-ac31-1238729af13c	019002d4-dceb-78e5-b1f1-57c692191cdb	1	b1aecd99-b8ef-4344-ad22-9b083b9680db
019002d4-dcec-7642-a922-a1983f04d759	019002d4-dceb-78e5-b1f1-57c692191cdb	1	c7e5157f-daf3-41a1-837c-e8ca849a69f0
019002d4-dcec-70d6-ab7f-f24859d72194	019002d4-dceb-78e5-b1f1-57c692191cdb	1	ac692524-2b9f-4c96-a56c-2e194d93a04e
019002d4-dcec-7e7c-b99b-51e58cc9d7a9	019002d4-dceb-78e5-b1f1-57c692191cdb	1	85e33e39-2582-4d39-8a0b-9cb06c428a9e
01900396-bbe1-77b1-9bbd-20eec5302ef2	01900396-bbe1-7025-afbf-60d708fb9164	1	4bf53033-d05f-481c-97d2-33c11b133125
01900396-bbe1-7a35-b309-8364a4c9eec2	01900396-bbe1-7025-afbf-60d708fb9164	1	bd6ac64f-ce22-4bcb-955b-b1eca93c7e71
01900396-bbe1-70b5-a7c2-640b941d231b	01900396-bbe1-7025-afbf-60d708fb9164	1	b1aecd99-b8ef-4344-ad22-9b083b9680db
01900396-bbe1-7487-a7ba-e55579d7ad62	01900396-bbe1-7025-afbf-60d708fb9164	1	c7e5157f-daf3-41a1-837c-e8ca849a69f0
01900396-bbe1-7d1c-920e-79047aa1b483	01900396-bbe1-7025-afbf-60d708fb9164	1	ac692524-2b9f-4c96-a56c-2e194d93a04e
01900396-bbe1-7336-8e47-e20b59cc90be	01900396-bbe1-7025-afbf-60d708fb9164	1	85e33e39-2582-4d39-8a0b-9cb06c428a9e
01900397-f15c-7356-87b8-c29d01852401	01900397-f15c-7b88-856b-855030c8efda	1	4bf53033-d05f-481c-97d2-33c11b133125
01900397-f15c-7e9b-82a0-bb9358e348e7	01900397-f15c-7b88-856b-855030c8efda	1	bd6ac64f-ce22-4bcb-955b-b1eca93c7e71
01900397-f15d-7dd1-ad00-8353d997ae1e	01900397-f15c-7b88-856b-855030c8efda	1	b1aecd99-b8ef-4344-ad22-9b083b9680db
01900397-f15d-7e97-a07d-a3b1a5a06231	01900397-f15c-7b88-856b-855030c8efda	1	c7e5157f-daf3-41a1-837c-e8ca849a69f0
01900397-f15d-7e12-b04f-1e5aa9a0a382	01900397-f15c-7b88-856b-855030c8efda	1	ac692524-2b9f-4c96-a56c-2e194d93a04e
01900397-f15d-7b5c-8f7b-22f79202557c	01900397-f15c-7b88-856b-855030c8efda	1	85e33e39-2582-4d39-8a0b-9cb06c428a9e
01900722-258d-7e0c-86a1-cfbce400638c	01900722-2588-78c8-b70b-837065e96adf	1	4bf53033-d05f-481c-97d2-33c11b133125
01900722-258d-7a17-b345-820b33e60b07	01900722-2588-78c8-b70b-837065e96adf	1	bd6ac64f-ce22-4bcb-955b-b1eca93c7e71
01900722-258d-7867-b71c-bf00ab6f53e6	01900722-2588-78c8-b70b-837065e96adf	1	b1aecd99-b8ef-4344-ad22-9b083b9680db
01900722-258e-799a-b761-d92ffac0f69d	01900722-2588-78c8-b70b-837065e96adf	1	c7e5157f-daf3-41a1-837c-e8ca849a69f0
01900722-258e-7a84-828e-e252363e3647	01900722-2588-78c8-b70b-837065e96adf	1	ac692524-2b9f-4c96-a56c-2e194d93a04e
01900722-258e-746f-9ade-8d1c70cca562	01900722-2588-78c8-b70b-837065e96adf	1	85e33e39-2582-4d39-8a0b-9cb06c428a9e
01900739-9e66-7e84-a571-9028e7ee8724	01900739-9e66-7af6-af21-1db8a48bdbaa	1	4bf53033-d05f-481c-97d2-33c11b133125
01900739-9e66-73e8-90f4-619c285e2841	01900739-9e66-7af6-af21-1db8a48bdbaa	1	bd6ac64f-ce22-4bcb-955b-b1eca93c7e71
01900739-9e66-7639-b461-3a688c9d4d8c	01900739-9e66-7af6-af21-1db8a48bdbaa	1	b1aecd99-b8ef-4344-ad22-9b083b9680db
01900739-9e66-7a55-bbe7-bc5ba5af1f5a	01900739-9e66-7af6-af21-1db8a48bdbaa	1	c7e5157f-daf3-41a1-837c-e8ca849a69f0
01900739-9e66-7458-a2a3-47238844b746	01900739-9e66-7af6-af21-1db8a48bdbaa	1	ac692524-2b9f-4c96-a56c-2e194d93a04e
01900739-9e66-7bab-8a43-b1977b455d13	01900739-9e66-7af6-af21-1db8a48bdbaa	1	85e33e39-2582-4d39-8a0b-9cb06c428a9e
0190073a-5139-7a65-bbfb-2ae759348839	0190073a-5139-77cb-bc4b-88a4e6294578	1	4bf53033-d05f-481c-97d2-33c11b133125
0190073a-5139-73ca-8712-902d0bdd28ae	0190073a-5139-77cb-bc4b-88a4e6294578	1	bd6ac64f-ce22-4bcb-955b-b1eca93c7e71
0190073a-5139-718e-9580-cb592040d7bf	0190073a-5139-77cb-bc4b-88a4e6294578	1	b1aecd99-b8ef-4344-ad22-9b083b9680db
0190073a-513a-7814-a63e-3e9179879377	0190073a-5139-77cb-bc4b-88a4e6294578	1	c7e5157f-daf3-41a1-837c-e8ca849a69f0
0190073a-513a-7ebb-9093-db5620171697	0190073a-5139-77cb-bc4b-88a4e6294578	1	ac692524-2b9f-4c96-a56c-2e194d93a04e
0190073a-513a-701c-925c-70bc2bfeb1db	0190073a-5139-77cb-bc4b-88a4e6294578	1	85e33e39-2582-4d39-8a0b-9cb06c428a9e
0190073b-e7d1-738a-bc5b-3979c2b32c6b	0190073b-e7d0-7695-9305-b3d6c5f6dd73	1	4bf53033-d05f-481c-97d2-33c11b133125
0190073b-e7d1-7666-9941-c102bbd10571	0190073b-e7d0-7695-9305-b3d6c5f6dd73	1	bd6ac64f-ce22-4bcb-955b-b1eca93c7e71
0190073b-e7d1-76a4-8627-81ff2d592c2b	0190073b-e7d0-7695-9305-b3d6c5f6dd73	1	b1aecd99-b8ef-4344-ad22-9b083b9680db
0190073b-e7d1-751a-925b-ae00e4507043	0190073b-e7d0-7695-9305-b3d6c5f6dd73	1	c7e5157f-daf3-41a1-837c-e8ca849a69f0
0190073b-e7d1-777d-a4b6-245f5014df0f	0190073b-e7d0-7695-9305-b3d6c5f6dd73	1	ac692524-2b9f-4c96-a56c-2e194d93a04e
0190073b-e7d1-71b9-abb2-1c0f75e99719	0190073b-e7d0-7695-9305-b3d6c5f6dd73	1	85e33e39-2582-4d39-8a0b-9cb06c428a9e
0190074b-e1a6-7cf0-ac35-20a18190649a	0190074b-e1a6-7087-a9cc-a196349f6cca	1	4bf53033-d05f-481c-97d2-33c11b133125
0190074b-e1a6-70c8-9e29-ae8a72465267	0190074b-e1a6-7087-a9cc-a196349f6cca	1	bd6ac64f-ce22-4bcb-955b-b1eca93c7e71
0190074b-e1a6-734b-909c-c2f2e0513ddb	0190074b-e1a6-7087-a9cc-a196349f6cca	1	b1aecd99-b8ef-4344-ad22-9b083b9680db
0190074b-e1a6-7689-b8f7-7f5649dea4d6	0190074b-e1a6-7087-a9cc-a196349f6cca	1	c7e5157f-daf3-41a1-837c-e8ca849a69f0
0190074b-e1a6-77d8-bd5d-a49bc70e4285	0190074b-e1a6-7087-a9cc-a196349f6cca	1	ac692524-2b9f-4c96-a56c-2e194d93a04e
0190074b-e1a6-7b19-897b-f610f6ff1ae4	0190074b-e1a6-7087-a9cc-a196349f6cca	1	85e33e39-2582-4d39-8a0b-9cb06c428a9e
01900770-c6f4-7b95-a99a-bc32d3494ab5	01900770-c6f4-70e9-963a-588d0f9c77dd	1	4bf53033-d05f-481c-97d2-33c11b133125
01900770-c6f4-7203-a656-51aa6f607cd3	01900770-c6f4-70e9-963a-588d0f9c77dd	1	bd6ac64f-ce22-4bcb-955b-b1eca93c7e71
01900770-c6f4-771e-8b51-caf9e48fcd73	01900770-c6f4-70e9-963a-588d0f9c77dd	1	b1aecd99-b8ef-4344-ad22-9b083b9680db
01900770-c6f4-7f4e-912e-cec1621093bd	01900770-c6f4-70e9-963a-588d0f9c77dd	1	c7e5157f-daf3-41a1-837c-e8ca849a69f0
01900770-c6f4-76cc-b167-30674ce228c4	01900770-c6f4-70e9-963a-588d0f9c77dd	1	ac692524-2b9f-4c96-a56c-2e194d93a04e
01900770-c6f4-7db3-84f4-711f273f927c	01900770-c6f4-70e9-963a-588d0f9c77dd	1	85e33e39-2582-4d39-8a0b-9cb06c428a9e
\.


--
-- Data for Name: woningblok_type_en_fysiek_changelog_type_value; Type: TABLE DATA; Schema: diwi_testset; Owner: ali
--

COPY diwi_testset.woningblok_type_en_fysiek_changelog_type_value (id, woningblok_type_en_fysiek_voorkomen_changelog_id, woning_type, amount) FROM stdin;
9e9730ed-8083-458c-9ed9-2046ecd79fd9	7690992c-33ac-4069-b774-f2089d440c38	EENGEZINSWONING	103
51c588c4-bf81-47b4-a61b-282c9967817b	7690992c-33ac-4069-b774-f2089d440c38	MEERGEZINSWONING	67
018e6583-3d1e-7233-9547-1b0e18a0c0f3	018e6583-3d1e-7e1a-aa0f-5c2e6e5c7de9	EENGEZINSWONING	1
018e6a88-d662-7294-a1ef-aef1568671cd	018e6a88-d661-7b2a-a6a0-453e6a61f302	MEERGEZINSWONING	1
018e6a88-d662-7e1a-a924-fecada7557a7	018e6a88-d661-7b2a-a6a0-453e6a61f302	EENGEZINSWONING	1
018e8583-ba1a-7774-86ed-400a1ab6f259	018e8583-ba19-7bc9-8a6e-67c0305cd0c7	MEERGEZINSWONING	1
018e8583-ba1a-7d98-bc0a-2882c05256c7	018e8583-ba19-7bc9-8a6e-67c0305cd0c7	EENGEZINSWONING	1
018e892a-f5d5-7d6a-9967-15d147c2f732	018e892a-f5d5-7fec-ad27-4c324a779ae9	MEERGEZINSWONING	1
018e892a-f5d6-7178-8dd6-37aa900f8d39	018e892a-f5d5-7fec-ad27-4c324a779ae9	EENGEZINSWONING	1
018e892a-f650-7061-ae34-14cdfe4564eb	018e892a-f650-715c-b263-5ef002634d81	MEERGEZINSWONING	1
018e892a-f650-7f16-8307-b163679eba5c	018e892a-f650-715c-b263-5ef002634d81	EENGEZINSWONING	1
01900231-e885-7379-95cc-7b33420bb58b	01900231-e885-70e9-a87f-a62ac2fd643a	MEERGEZINSWONING	1
01900231-e885-7964-873f-3f0922564d33	01900231-e885-70e9-a87f-a62ac2fd643a	EENGEZINSWONING	1
01900232-99fb-7be9-bc47-e1f0ce3c816f	01900232-99fb-7b12-87b2-d5cadb7e7442	MEERGEZINSWONING	1
01900232-99fb-767f-8101-5806084e96e6	01900232-99fb-7b12-87b2-d5cadb7e7442	EENGEZINSWONING	1
0190023b-e8d2-78e3-8692-2c00fac8d936	0190023b-e8d1-73f8-882e-95e7a57bde55	MEERGEZINSWONING	1
0190023b-e8d2-7ad3-a3f7-c19b1452fe3d	0190023b-e8d1-73f8-882e-95e7a57bde55	EENGEZINSWONING	1
01900243-afc5-7f99-bb8d-abd4bec55cb0	01900243-afc5-77f9-bd5a-d72d014a7608	MEERGEZINSWONING	1
01900243-afc5-7fb7-9f51-cd01de000e23	01900243-afc5-77f9-bd5a-d72d014a7608	EENGEZINSWONING	1
01900244-eb90-7fc6-a88d-078e87e39f3c	01900244-eb90-703f-8947-758bdb4a5076	MEERGEZINSWONING	1
01900244-eb90-70cd-876a-e58738eeb435	01900244-eb90-703f-8947-758bdb4a5076	EENGEZINSWONING	1
019002d0-9b29-7d3b-bcd1-ff7ffbe23604	019002d0-9b28-7c4c-9a73-2a1a6b31aa2f	MEERGEZINSWONING	1
019002d0-9b29-7a21-99b7-c54cb5c17fc2	019002d0-9b28-7c4c-9a73-2a1a6b31aa2f	EENGEZINSWONING	1
019002d3-48c0-7118-8aaf-c9a014bb7da1	019002d3-48c0-70f8-8260-a1b0de317fdc	MEERGEZINSWONING	1
019002d3-48c0-7612-bcbe-9678dea25b91	019002d3-48c0-70f8-8260-a1b0de317fdc	EENGEZINSWONING	1
019002d4-dcec-75b3-a48a-f398a718c36b	019002d4-dceb-78e5-b1f1-57c692191cdb	MEERGEZINSWONING	1
019002d4-dcec-7e49-8e8c-adac6ce508b3	019002d4-dceb-78e5-b1f1-57c692191cdb	EENGEZINSWONING	1
01900396-bbe2-7524-9889-f06d6e189080	01900396-bbe1-7025-afbf-60d708fb9164	MEERGEZINSWONING	1
01900396-bbe2-7076-b1a7-a9e5c04a00d9	01900396-bbe1-7025-afbf-60d708fb9164	EENGEZINSWONING	1
01900397-f15d-7d96-8aa7-a7fa37108906	01900397-f15c-7b88-856b-855030c8efda	MEERGEZINSWONING	1
01900397-f15d-7b1a-8551-7495a7061c06	01900397-f15c-7b88-856b-855030c8efda	EENGEZINSWONING	1
01900722-258e-7dac-9a65-1dc555cffde3	01900722-2588-78c8-b70b-837065e96adf	EENGEZINSWONING	1
01900722-258e-7a16-8d59-94fcecc2cec3	01900722-2588-78c8-b70b-837065e96adf	MEERGEZINSWONING	1
01900739-9e66-7e2b-afaf-5048d0422c12	01900739-9e66-7af6-af21-1db8a48bdbaa	EENGEZINSWONING	1
01900739-9e66-7e6b-9809-a4ada59a84a9	01900739-9e66-7af6-af21-1db8a48bdbaa	MEERGEZINSWONING	1
0190073a-513a-76be-909e-7edbd159c88e	0190073a-5139-77cb-bc4b-88a4e6294578	EENGEZINSWONING	1
0190073a-513a-7532-937f-eef2ec8c152c	0190073a-5139-77cb-bc4b-88a4e6294578	MEERGEZINSWONING	1
0190073b-e7d1-7c6a-999c-1a0b1b882d71	0190073b-e7d0-7695-9305-b3d6c5f6dd73	EENGEZINSWONING	1
0190073b-e7d1-7c0e-9384-ad776035ab4e	0190073b-e7d0-7695-9305-b3d6c5f6dd73	MEERGEZINSWONING	1
0190074b-e1a6-78c0-bfe9-b8337efd2852	0190074b-e1a6-7087-a9cc-a196349f6cca	EENGEZINSWONING	1
0190074b-e1a6-7b31-a8fa-51cde1bcb6a8	0190074b-e1a6-7087-a9cc-a196349f6cca	MEERGEZINSWONING	1
01900770-c6f4-7dfd-9efb-70e4c68d2d82	01900770-c6f4-70e9-963a-588d0f9c77dd	EENGEZINSWONING	1
01900770-c6f4-75b3-8973-26b556cf2449	01900770-c6f4-70e9-963a-588d0f9c77dd	MEERGEZINSWONING	1
\.


--
-- Data for Name: flyway_schema_history; Type: TABLE DATA; Schema: public; Owner: ali
--

COPY public.flyway_schema_history (installed_rank, version, description, type, script, checksum, installed_by, installed_on, execution_time, success) FROM stdin;
1	2024.01.10.10.00	Diwi BASELINE	SQL	V2024.01.10.10.00__Diwi_BASELINE.sql	865898922	ali	2024-03-21 16:30:21.541339	1376	t
2	2024.01.19.10.00	AddUserName	SQL	V2024.01.19.10.00__AddUserName.sql	1789447597	ali	2024-03-21 16:30:23.088845	21	t
3	2024.02.23.16.00	AddCreateUserColumn	SQL	V2024.02.23.16.00__AddCreateUserColumn.sql	147614236	ali	2024-03-21 16:30:23.125875	129	t
4	2024.03.06.16.00	AddProject GemeenteIndeling Tables	SQL	V2024.03.06.16.00__AddProject_GemeenteIndeling_Tables.sql	2073322776	ali	2024-03-21 16:30:23.295517	42	t
5	2024.03.07.10.00	AddHouseblockAmountColumns	SQL	V2024.03.07.10.00__AddHouseblockAmountColumns.sql	2135329062	ali	2024-03-21 16:30:23.355104	4	t
6	2024.03.15.18.00	CustomProperties	SQL	V2024.03.15.18.00__CustomProperties.sql	-80656097	ali	2024-03-21 16:30:23.370455	3	t
7	2024.03.17.10.00	AddProjectRegistryLinkTables	SQL	V2024.03.17.10.00__AddProjectRegistryLinkTables.sql	807314309	ali	2024-03-21 16:30:23.383888	27	t
8	2024.03.18.10.00	AddProjectLocation	SQL	V2024.03.18.10.00__AddProjectLocation.sql	-1201918943	ali	2024-03-21 16:30:23.423467	1	t
9	2024.03.18.13.00	AddPGCryptoForPg12	SQL	V2024.03.18.13.00__AddPGCryptoForPg12.sql	458433873	ali	2024-03-21 16:30:23.436438	1	t
10	2024.03.18.14.00	AddSystemUser	SQL	V2024.03.18.14.00__AddSystemUser.sql	1236407899	ali	2024-03-21 16:30:23.443188	2	t
11	2024.03.18.16.00	AddProjectTextCustomPropertyChangelog	SQL	V2024.03.18.16.00__AddProjectTextCustomPropertyChangelog.sql	-64151011	ali	2024-03-21 16:30:23.454875	22	t
12	2024.03.19.11.00	AddGeoJsonToPlot	SQL	V2024.03.19.11.00__AddGeoJsonToPlot.sql	1921092325	ali	2024-03-21 16:30:23.487488	1	t
13	\N	CustomPropertyDefinitionsQuery	SQL	R__CustomPropertyDefinitionsQuery.sql	-91879184	ali	2024-03-21 16:30:23.495916	3	t
14	\N	HouseblocksQuery	SQL	R__HouseblocksQuery.sql	-35823217	ali	2024-03-21 16:30:23.510203	5	t
15	\N	ProjectSnapshotCustomPropertiesQuery	SQL	R__ProjectSnapshotCustomPropertiesQuery.sql	-1045888052	ali	2024-03-21 16:30:23.537204	2	t
16	\N	ProjectSnapshotQuery	SQL	R__ProjectSnapshotQuery.sql	120981268	ali	2024-03-21 16:30:23.552665	4	t
17	\N	ProjectsListQuery	SQL	R__ProjectsListQuery.sql	-1500253984	ali	2024-03-21 16:30:23.570464	3	t
18	2024.03.21.10.00	AddHouseblockTextCustomPropertyChangelog	SQL	V2024.03.21.10.00__AddHouseblockTextCustomPropertyChangelog.sql	-2119143952	ali	2024-03-21 16:52:53.411499	39	t
19	\N	HouseblockSnapshotCustomPropertiesQuery	SQL	R__HouseblockSnapshotCustomPropertiesQuery.sql	1397187702	ali	2024-03-21 16:52:53.492796	12	t
20	\N	HouseblocksQuery	SQL	R__HouseblocksQuery.sql	1004137039	ali	2024-03-21 16:52:53.528671	11	t
21	\N	ProjectsListQuery	SQL	R__ProjectsListQuery.sql	1246729987	ali	2024-03-22 08:28:44.750204	45	t
22	2024.03.22.14.00	demo users	SQL	V2024.03.22.14.00__demo_users.sql	-1929218722	ali	2024-03-22 22:47:39.841893	44	t
23	2024.03.22.14.30	prioriteiten	SQL	V2024.03.22.14.30__prioriteiten.sql	786635933	ali	2024-03-22 22:47:39.915003	6	t
24	2024.03.22.15.00	rol gemeente	SQL	V2024.03.22.15.00__rol_gemeente.sql	-420053119	ali	2024-03-22 22:47:39.937695	7	t
25	\N	ProjectSnapshotQuery	SQL	R__ProjectSnapshotQuery.sql	42652191	ali	2024-03-28 13:57:44.040237	31	t
26	\N	ProjectsListQuery	SQL	R__ProjectsListQuery.sql	-702771421	ali	2024-03-28 13:57:44.142186	6	t
27	\N	ProjectSnapshotQuery	SQL	R__ProjectSnapshotQuery.sql	120981268	ali	2024-03-28 13:58:19.953951	19	t
28	\N	ProjectsListQuery	SQL	R__ProjectsListQuery.sql	1246729987	ali	2024-03-28 13:58:20.031226	9	t
29	\N	ProjectSnapshotQuery	SQL	R__ProjectSnapshotQuery.sql	42652191	ali	2024-03-28 14:01:57.595902	25	t
30	\N	ProjectsListQuery	SQL	R__ProjectsListQuery.sql	-702771421	ali	2024-03-28 14:01:57.683505	6	t
31	\N	ProjectSnapshotQuery	SQL	R__ProjectSnapshotQuery.sql	120981268	ali	2024-03-28 14:33:26.666699	20	t
32	\N	ProjectsListQuery	SQL	R__ProjectsListQuery.sql	1246729987	ali	2024-03-28 14:33:26.758602	7	t
33	\N	ProjectSnapshotQuery	SQL	R__ProjectSnapshotQuery.sql	42652191	ali	2024-03-28 14:55:34.891311	18	t
34	\N	ProjectsListQuery	SQL	R__ProjectsListQuery.sql	-702771421	ali	2024-03-28 14:55:34.983575	12	t
35	\N	ProjectSnapshotQuery	SQL	R__ProjectSnapshotQuery.sql	120981268	ali	2024-03-28 15:31:12.324466	34	t
36	\N	ProjectsListQuery	SQL	R__ProjectsListQuery.sql	1246729987	ali	2024-03-28 15:31:12.469604	13	t
37	\N	ProjectSnapshotQuery	SQL	R__ProjectSnapshotQuery.sql	42652191	ali	2024-03-28 15:40:05.532313	14	t
38	\N	ProjectsListQuery	SQL	R__ProjectsListQuery.sql	-702771421	ali	2024-03-28 15:40:05.607519	10	t
39	\N	ProjectSnapshotQuery	SQL	R__ProjectSnapshotQuery.sql	120981268	ali	2024-03-28 15:42:45.742555	17	t
40	\N	ProjectsListQuery	SQL	R__ProjectsListQuery.sql	1246729987	ali	2024-03-28 15:42:45.829355	6	t
41	\N	ProjectSnapshotQuery	SQL	R__ProjectSnapshotQuery.sql	42652191	ali	2024-03-28 15:44:44.770511	43	t
42	\N	ProjectsListQuery	SQL	R__ProjectsListQuery.sql	-702771421	ali	2024-03-28 15:44:44.898636	13	t
43	\N	ProjectSnapshotQuery	SQL	R__ProjectSnapshotQuery.sql	120981268	ali	2024-03-28 15:46:02.66262	20	t
44	\N	ProjectsListQuery	SQL	R__ProjectsListQuery.sql	1246729987	ali	2024-03-28 15:46:02.768334	6	t
45	\N	ProjectSnapshotQuery	SQL	R__ProjectSnapshotQuery.sql	42652191	ali	2024-03-28 15:46:31.682679	17	t
46	\N	ProjectsListQuery	SQL	R__ProjectsListQuery.sql	-702771421	ali	2024-03-28 15:46:31.753288	7	t
47	\N	ProjectSnapshotQuery	SQL	R__ProjectSnapshotQuery.sql	447438638	ali	2024-03-29 15:08:23.120021	81	t
48	\N	ProjectsListQuery	SQL	R__ProjectsListQuery.sql	-676695867	ali	2024-03-29 15:08:23.335536	18	t
49	\N	ProjectSnapshotQuery	SQL	R__ProjectSnapshotQuery.sql	42652191	ali	2024-03-29 15:10:15.842562	83	t
50	\N	ProjectsListQuery	SQL	R__ProjectsListQuery.sql	-702771421	ali	2024-03-29 15:10:16.103629	35	t
51	2024.04.02.11.00	AddPolygonToRegistryLink	SQL	V2024.04.02.11.00__AddPolygonToRegistryLink.sql	-1310091223	ali	2024-04-15 07:13:28.242261	16	t
52	2024.04.02.15.00	delete actors roles	SQL	V2024.04.02.15.00__delete_actors_roles.sql	-1112588776	ali	2024-04-15 07:13:28.290544	28	t
53	2024.04.03.11.00	CustomPropertyUniqueIndex	SQL	V2024.04.03.11.00__CustomPropertyUniqueIndex.sql	-678091591	ali	2024-04-15 07:13:28.335995	18	t
54	2024.04.03.16.00	CustomPropertiesRefactoring	SQL	V2024.04.03.16.00__CustomPropertiesRefactoring.sql	1726442328	ali	2024-04-15 07:13:28.368407	25	t
55	2024.04.04.10.00	RestoreHouseblockStateTable	SQL	V2024.04.04.10.00__RestoreHouseblockStateTable.sql	10174366	ali	2024-04-15 07:13:28.421864	26	t
56	2024.04.05.16.00	TargetGroupProperties	SQL	V2024.04.05.16.00__TargetGroupProperties.sql	-1407712932	ali	2024-04-15 07:13:28.459753	14	t
57	2024.04.05.17.00	PhysicalAppearanceProperties	SQL	V2024.04.05.17.00__PhysicalAppearanceProperties.sql	2130667057	ali	2024-04-15 07:13:28.486801	12	t
58	\N	CustomPropertyDefinitionsQuery	SQL	R__CustomPropertyDefinitionsQuery.sql	-1705745423	ali	2024-04-15 07:13:28.51104	6	t
59	\N	HouseblockSnapshotCustomPropertiesQuery	SQL	R__HouseblockSnapshotCustomPropertiesQuery.sql	-613029923	ali	2024-04-15 07:13:28.530771	11	t
60	\N	HouseblocksQuery	SQL	R__HouseblocksQuery.sql	602722343	ali	2024-04-15 07:13:28.560435	13	t
61	\N	ProjectSnapshotCustomPropertiesQuery	SQL	R__ProjectSnapshotCustomPropertiesQuery.sql	-1121916000	ali	2024-04-15 07:13:28.594307	5	t
62	\N	ProjectSnapshotQuery	SQL	R__ProjectSnapshotQuery.sql	447438638	ali	2024-04-15 07:13:28.617168	9	t
63	\N	ProjectsListQuery	SQL	R__ProjectsListQuery.sql	-676695867	ali	2024-04-15 07:13:28.64752	8	t
64	2024.04.10.14.00	ChangeHouseblockMutation	SQL	V2024.04.10.14.00__ChangeHouseblockMutation.sql	-134087759	ali	2024-04-22 14:30:40.289516	60	t
65	2024.04.11.12.00	ProjectRegionFixedProperties	SQL	V2024.04.11.12.00__ProjectRegionFixedProperties.sql	219461592	ali	2024-04-22 14:30:40.405382	46	t
66	2024.04.17.12.00	UpdateProjectPhases	SQL	V2024.04.17.12.00__UpdateProjectPhases.sql	-931804375	ali	2024-04-22 14:30:40.48838	6	t
67	2024.04.19.12.00	MigrateMunicipalityRoleToProperties	SQL	V2024.04.19.12.00__MigrateMunicipalityRoleToProperties.sql	-367970565	ali	2024-04-22 14:30:40.525163	37	t
68	2024.04.19.16.00	MigratePriorityToProperties	SQL	V2024.04.19.16.00__MigratePriorityToProperties.sql	576304322	ali	2024-04-22 14:30:40.589758	45	t
69	2024.04.22.10.00	UpdateHouseblockOwnershipValuesToCents	SQL	V2024.04.22.10.00__UpdateHouseblockOwnershipValuesToCents.sql	1941811137	ali	2024-04-22 14:30:40.659127	36	t
70	\N	HouseblocksQuery	SQL	R__HouseblocksQuery.sql	-2127987359	ali	2024-04-22 14:30:40.739476	56	t
71	\N	ProjectSnapshotCustomPropertiesQuery	SQL	R__ProjectSnapshotCustomPropertiesQuery.sql	-57723679	ali	2024-04-22 14:30:40.857491	15	t
72	\N	ProjectSnapshotQuery	SQL	R__ProjectSnapshotQuery.sql	2042081129	ali	2024-04-22 14:30:40.922105	6	t
73	\N	ProjectsListQuery	SQL	R__ProjectsListQuery.sql	413227760	ali	2024-04-22 14:30:40.950522	8	t
74	2024.04.26.10.00	AddGeometryFixedProperty	SQL	V2024.04.26.10.00__AddGeometryFixedProperty.sql	1756676927	ali	2024-05-06 11:51:54.029653	91	t
75	\N	ProjectSnapshotCustomPropertiesQuery	SQL	R__ProjectSnapshotCustomPropertiesQuery.sql	-1828729823	ali	2024-05-06 11:51:54.323389	60	t
76	\N	ProjectSnapshotQuery	SQL	R__ProjectSnapshotQuery.sql	1989390487	ali	2024-05-06 11:51:54.506877	28	t
77	\N	ProjectsListQuery	SQL	R__ProjectsListQuery.sql	-1220250241	ali	2024-05-06 11:51:54.639793	21	t
78	2024.05.03.10.00	AddUserRole	SQL	V2024.05.03.10.00__AddUserRole.sql	76838108	ali	2024-05-31 12:10:21.01501	67	t
79	2024.05.08.16.00	RemoveProjectLeider	SQL	V2024.05.08.16.00__RemoveProjectLeider.sql	657587736	ali	2024-05-31 12:10:21.132217	12	t
80	2024.05.08.17.00	ConfidentialityLevels	SQL	V2024.05.08.17.00__ConfidentialityLevels.sql	-623256582	ali	2024-05-31 12:10:21.168612	5	t
81	\N	ProjectSnapshotQuery	SQL	R__ProjectSnapshotQuery.sql	-701597686	ali	2024-05-31 12:10:21.196306	30	t
82	\N	ProjectsListQuery	SQL	R__ProjectsListQuery.sql	1332484012	ali	2024-05-31 12:10:21.263358	13	t
83	2024.05.29.16.00	HouseblockDeliveryDateRange	SQL	V2024.05.29.16.00__HouseblockDeliveryDateRange.sql	-2140427198	ali	2024-06-07 07:41:14.984042	42	t
\.


--
-- Name: document document_pkey; Type: CONSTRAINT; Schema: diwi_testset; Owner: ali
--

ALTER TABLE ONLY diwi_testset.document
    ADD CONSTRAINT document_pkey PRIMARY KEY (id);


--
-- Name: document_soort document_soort_pkey; Type: CONSTRAINT; Schema: diwi_testset; Owner: ali
--

ALTER TABLE ONLY diwi_testset.document_soort
    ADD CONSTRAINT document_soort_pkey PRIMARY KEY (id);


--
-- Name: document_soort_state document_soort_state_pkey; Type: CONSTRAINT; Schema: diwi_testset; Owner: ali
--

ALTER TABLE ONLY diwi_testset.document_soort_state
    ADD CONSTRAINT document_soort_state_pkey PRIMARY KEY (id);


--
-- Name: document_state document_state_pkey; Type: CONSTRAINT; Schema: diwi_testset; Owner: ali
--

ALTER TABLE ONLY diwi_testset.document_state
    ADD CONSTRAINT document_state_pkey PRIMARY KEY (id);


--
-- Name: document_state_soort_value document_state_soort_value_pkey; Type: CONSTRAINT; Schema: diwi_testset; Owner: ali
--

ALTER TABLE ONLY diwi_testset.document_state_soort_value
    ADD CONSTRAINT document_state_soort_value_pkey PRIMARY KEY (id);


--
-- Name: milestone milestone_pkey; Type: CONSTRAINT; Schema: diwi_testset; Owner: ali
--

ALTER TABLE ONLY diwi_testset.milestone
    ADD CONSTRAINT milestone_pkey PRIMARY KEY (id);


--
-- Name: milestone_state milestone_state_pkey; Type: CONSTRAINT; Schema: diwi_testset; Owner: ali
--

ALTER TABLE ONLY diwi_testset.milestone_state
    ADD CONSTRAINT milestone_state_pkey PRIMARY KEY (id);


--
-- Name: organization organization_pkey; Type: CONSTRAINT; Schema: diwi_testset; Owner: ali
--

ALTER TABLE ONLY diwi_testset.organization
    ADD CONSTRAINT organization_pkey PRIMARY KEY (id);


--
-- Name: organization_state organization_state_pkey; Type: CONSTRAINT; Schema: diwi_testset; Owner: ali
--

ALTER TABLE ONLY diwi_testset.organization_state
    ADD CONSTRAINT organization_state_pkey PRIMARY KEY (id);


--
-- Name: plan_conditie_maatwerk_categorie plan_conditie_categorie_maatwerk_eigenschap_pkey; Type: CONSTRAINT; Schema: diwi_testset; Owner: ali
--

ALTER TABLE ONLY diwi_testset.plan_conditie_maatwerk_categorie
    ADD CONSTRAINT plan_conditie_categorie_maatwerk_eigenschap_pkey PRIMARY KEY (id);


--
-- Name: plan_conditie_doelgroep plan_conditie_doelgroep_pkey; Type: CONSTRAINT; Schema: diwi_testset; Owner: ali
--

ALTER TABLE ONLY diwi_testset.plan_conditie_doelgroep
    ADD CONSTRAINT plan_conditie_doelgroep_pkey PRIMARY KEY (id);


--
-- Name: plan_conditie_doelgroep_value plan_conditie_doelgroep_value_pkey; Type: CONSTRAINT; Schema: diwi_testset; Owner: ali
--

ALTER TABLE ONLY diwi_testset.plan_conditie_doelgroep_value
    ADD CONSTRAINT plan_conditie_doelgroep_value_pkey PRIMARY KEY (id);


--
-- Name: plan_conditie_eigendom_en_waarde plan_conditie_eigendom_en_waarde_pkey; Type: CONSTRAINT; Schema: diwi_testset; Owner: ali
--

ALTER TABLE ONLY diwi_testset.plan_conditie_eigendom_en_waarde
    ADD CONSTRAINT plan_conditie_eigendom_en_waarde_pkey PRIMARY KEY (id);


--
-- Name: plan_conditie_eigendom_en_waarde_soort_value plan_conditie_eigendom_en_waarde_soort_value_pkey; Type: CONSTRAINT; Schema: diwi_testset; Owner: ali
--

ALTER TABLE ONLY diwi_testset.plan_conditie_eigendom_en_waarde_soort_value
    ADD CONSTRAINT plan_conditie_eigendom_en_waarde_soort_value_pkey PRIMARY KEY (id);


--
-- Name: plan_conditie_kadastraal plan_conditie_geografie_pkey; Type: CONSTRAINT; Schema: diwi_testset; Owner: ali
--

ALTER TABLE ONLY diwi_testset.plan_conditie_kadastraal
    ADD CONSTRAINT plan_conditie_geografie_pkey PRIMARY KEY (id);


--
-- Name: plan_conditie_grondpositie plan_conditie_grondpositie_pkey; Type: CONSTRAINT; Schema: diwi_testset; Owner: ali
--

ALTER TABLE ONLY diwi_testset.plan_conditie_grondpositie
    ADD CONSTRAINT plan_conditie_grondpositie_pkey PRIMARY KEY (id);


--
-- Name: plan_conditie_grondpositie_value plan_conditie_grondpositie_value_pkey; Type: CONSTRAINT; Schema: diwi_testset; Owner: ali
--

ALTER TABLE ONLY diwi_testset.plan_conditie_grondpositie_value
    ADD CONSTRAINT plan_conditie_grondpositie_value_pkey PRIMARY KEY (id);


--
-- Name: plan_conditie_grootte plan_conditie_grootte_pkey; Type: CONSTRAINT; Schema: diwi_testset; Owner: ali
--

ALTER TABLE ONLY diwi_testset.plan_conditie_grootte
    ADD CONSTRAINT plan_conditie_grootte_pkey PRIMARY KEY (id);


--
-- Name: plan_conditie_kadastraal_value plan_conditie_kadastraal_value_pkey; Type: CONSTRAINT; Schema: diwi_testset; Owner: ali
--

ALTER TABLE ONLY diwi_testset.plan_conditie_kadastraal_value
    ADD CONSTRAINT plan_conditie_kadastraal_value_pkey PRIMARY KEY (id);


--
-- Name: plan_conditie_maatwerk_boolean plan_conditie_maatwerk_boolean_pkey; Type: CONSTRAINT; Schema: diwi_testset; Owner: ali
--

ALTER TABLE ONLY diwi_testset.plan_conditie_maatwerk_boolean
    ADD CONSTRAINT plan_conditie_maatwerk_boolean_pkey PRIMARY KEY (id);


--
-- Name: plan_conditie_maatwerk_categorie_value plan_conditie_maatwerk_categorie_value_pkey; Type: CONSTRAINT; Schema: diwi_testset; Owner: ali
--

ALTER TABLE ONLY diwi_testset.plan_conditie_maatwerk_categorie_value
    ADD CONSTRAINT plan_conditie_maatwerk_categorie_value_pkey PRIMARY KEY (id);


--
-- Name: plan_conditie_maatwerk_numeriek plan_conditie_maatwerk_numeriek_pkey; Type: CONSTRAINT; Schema: diwi_testset; Owner: ali
--

ALTER TABLE ONLY diwi_testset.plan_conditie_maatwerk_numeriek
    ADD CONSTRAINT plan_conditie_maatwerk_numeriek_pkey PRIMARY KEY (id);


--
-- Name: plan_conditie_maatwerk_ordinaal plan_conditie_maatwerk_ordinaal_pkey; Type: CONSTRAINT; Schema: diwi_testset; Owner: ali
--

ALTER TABLE ONLY diwi_testset.plan_conditie_maatwerk_ordinaal
    ADD CONSTRAINT plan_conditie_maatwerk_ordinaal_pkey PRIMARY KEY (id);


--
-- Name: plan_conditie plan_conditie_pkey; Type: CONSTRAINT; Schema: diwi_testset; Owner: ali
--

ALTER TABLE ONLY diwi_testset.plan_conditie
    ADD CONSTRAINT plan_conditie_pkey PRIMARY KEY (id);


--
-- Name: plan_conditie_programmering plan_conditie_programmering_pkey; Type: CONSTRAINT; Schema: diwi_testset; Owner: ali
--

ALTER TABLE ONLY diwi_testset.plan_conditie_programmering
    ADD CONSTRAINT plan_conditie_programmering_pkey PRIMARY KEY (id);


--
-- Name: plan_conditie_state plan_conditie_state_pkey; Type: CONSTRAINT; Schema: diwi_testset; Owner: ali
--

ALTER TABLE ONLY diwi_testset.plan_conditie_state
    ADD CONSTRAINT plan_conditie_state_pkey PRIMARY KEY (id);


--
-- Name: plan_conditie_type_en_fysiek_fysiek_value plan_conditie_type_en_fysiek_fysiek_value_pkey; Type: CONSTRAINT; Schema: diwi_testset; Owner: ali
--

ALTER TABLE ONLY diwi_testset.plan_conditie_type_en_fysiek_fysiek_value
    ADD CONSTRAINT plan_conditie_type_en_fysiek_fysiek_value_pkey PRIMARY KEY (id);


--
-- Name: plan_conditie_type_en_fysiek_type_value plan_conditie_type_en_fysiek_type_value_pkey; Type: CONSTRAINT; Schema: diwi_testset; Owner: ali
--

ALTER TABLE ONLY diwi_testset.plan_conditie_type_en_fysiek_type_value
    ADD CONSTRAINT plan_conditie_type_en_fysiek_type_value_pkey PRIMARY KEY (id);


--
-- Name: plan_conditie_type_en_fysiek plan_conditie_type_en_fysiek_voorkomen_pkey; Type: CONSTRAINT; Schema: diwi_testset; Owner: ali
--

ALTER TABLE ONLY diwi_testset.plan_conditie_type_en_fysiek
    ADD CONSTRAINT plan_conditie_type_en_fysiek_voorkomen_pkey PRIMARY KEY (id);


--
-- Name: plan plan_pkey; Type: CONSTRAINT; Schema: diwi_testset; Owner: ali
--

ALTER TABLE ONLY diwi_testset.plan
    ADD CONSTRAINT plan_pkey PRIMARY KEY (id);


--
-- Name: plan_soort plan_soort_pkey; Type: CONSTRAINT; Schema: diwi_testset; Owner: ali
--

ALTER TABLE ONLY diwi_testset.plan_soort
    ADD CONSTRAINT plan_soort_pkey PRIMARY KEY (id);


--
-- Name: plan_soort_state plan_soort_state_pkey; Type: CONSTRAINT; Schema: diwi_testset; Owner: ali
--

ALTER TABLE ONLY diwi_testset.plan_soort_state
    ADD CONSTRAINT plan_soort_state_pkey PRIMARY KEY (id);


--
-- Name: plan_state plan_state_pkey; Type: CONSTRAINT; Schema: diwi_testset; Owner: ali
--

ALTER TABLE ONLY diwi_testset.plan_state
    ADD CONSTRAINT plan_state_pkey PRIMARY KEY (id);


--
-- Name: plan_state_soort_value plan_state_soort_value_pkey; Type: CONSTRAINT; Schema: diwi_testset; Owner: ali
--

ALTER TABLE ONLY diwi_testset.plan_state_soort_value
    ADD CONSTRAINT plan_state_soort_value_pkey PRIMARY KEY (id);


--
-- Name: project_duration_changelog project_duration_changelog_pkey; Type: CONSTRAINT; Schema: diwi_testset; Owner: ali
--

ALTER TABLE ONLY diwi_testset.project_duration_changelog
    ADD CONSTRAINT project_duration_changelog_pkey PRIMARY KEY (id);


--
-- Name: project_fase_changelog project_fase_changelog_pkey; Type: CONSTRAINT; Schema: diwi_testset; Owner: ali
--

ALTER TABLE ONLY diwi_testset.project_fase_changelog
    ADD CONSTRAINT project_fase_changelog_pkey PRIMARY KEY (id);


--
-- Name: project_filiatie project_filiatie_pkey; Type: CONSTRAINT; Schema: diwi_testset; Owner: ali
--

ALTER TABLE ONLY diwi_testset.project_filiatie
    ADD CONSTRAINT project_filiatie_pkey PRIMARY KEY (id);


--
-- Name: project_maatwerk_boolean_changelog project_maatwerk_boolean_eigenschap_changelog_pkey; Type: CONSTRAINT; Schema: diwi_testset; Owner: ali
--

ALTER TABLE ONLY diwi_testset.project_maatwerk_boolean_changelog
    ADD CONSTRAINT project_maatwerk_boolean_eigenschap_changelog_pkey PRIMARY KEY (id);


--
-- Name: project_category_changelog project_maatwerk_categorie_eigenschap_changelog_pkey; Type: CONSTRAINT; Schema: diwi_testset; Owner: ali
--

ALTER TABLE ONLY diwi_testset.project_category_changelog
    ADD CONSTRAINT project_maatwerk_categorie_eigenschap_changelog_pkey PRIMARY KEY (id);


--
-- Name: project_category_changelog_value project_maatwerk_categorie_eigenschap_changelog_value_pkey; Type: CONSTRAINT; Schema: diwi_testset; Owner: ali
--

ALTER TABLE ONLY diwi_testset.project_category_changelog_value
    ADD CONSTRAINT project_maatwerk_categorie_eigenschap_changelog_value_pkey PRIMARY KEY (id);


--
-- Name: project_maatwerk_numeriek_changelog project_maatwerk_numeriek_eigenschap_changelog_pkey; Type: CONSTRAINT; Schema: diwi_testset; Owner: ali
--

ALTER TABLE ONLY diwi_testset.project_maatwerk_numeriek_changelog
    ADD CONSTRAINT project_maatwerk_numeriek_eigenschap_changelog_pkey PRIMARY KEY (id);


--
-- Name: project_ordinal_changelog project_maatwerk_ordinaal_eigenschap_changelog_pkey; Type: CONSTRAINT; Schema: diwi_testset; Owner: ali
--

ALTER TABLE ONLY diwi_testset.project_ordinal_changelog
    ADD CONSTRAINT project_maatwerk_ordinaal_eigenschap_changelog_pkey PRIMARY KEY (id);


--
-- Name: project_text_changelog project_maatwerk_text_changelog_pkey; Type: CONSTRAINT; Schema: diwi_testset; Owner: ali
--

ALTER TABLE ONLY diwi_testset.project_text_changelog
    ADD CONSTRAINT project_maatwerk_text_changelog_pkey PRIMARY KEY (id);


--
-- Name: project_name_changelog project_name_changelog_pkey; Type: CONSTRAINT; Schema: diwi_testset; Owner: ali
--

ALTER TABLE ONLY diwi_testset.project_name_changelog
    ADD CONSTRAINT project_name_changelog_pkey PRIMARY KEY (id);


--
-- Name: project project_pkey; Type: CONSTRAINT; Schema: diwi_testset; Owner: ali
--

ALTER TABLE ONLY diwi_testset.project
    ADD CONSTRAINT project_pkey PRIMARY KEY (id);


--
-- Name: project_plan_type_changelog project_plan_type_changelog_pkey; Type: CONSTRAINT; Schema: diwi_testset; Owner: ali
--

ALTER TABLE ONLY diwi_testset.project_plan_type_changelog
    ADD CONSTRAINT project_plan_type_changelog_pkey PRIMARY KEY (id);


--
-- Name: project_plan_type_changelog_value project_plan_type_changelog_value_pkey; Type: CONSTRAINT; Schema: diwi_testset; Owner: ali
--

ALTER TABLE ONLY diwi_testset.project_plan_type_changelog_value
    ADD CONSTRAINT project_plan_type_changelog_value_pkey PRIMARY KEY (id);


--
-- Name: project_planologische_planstatus_changelog project_planologische_planstatus_changelog_pkey; Type: CONSTRAINT; Schema: diwi_testset; Owner: ali
--

ALTER TABLE ONLY diwi_testset.project_planologische_planstatus_changelog
    ADD CONSTRAINT project_planologische_planstatus_changelog_pkey PRIMARY KEY (id);


--
-- Name: project_planologische_planstatus_changelog_value project_planologische_planstatus_changelog_value_pkey; Type: CONSTRAINT; Schema: diwi_testset; Owner: ali
--

ALTER TABLE ONLY diwi_testset.project_planologische_planstatus_changelog_value
    ADD CONSTRAINT project_planologische_planstatus_changelog_value_pkey PRIMARY KEY (id);


--
-- Name: project_registry_link_changelog project_registry_link_changelog_pkey; Type: CONSTRAINT; Schema: diwi_testset; Owner: ali
--

ALTER TABLE ONLY diwi_testset.project_registry_link_changelog
    ADD CONSTRAINT project_registry_link_changelog_pkey PRIMARY KEY (id);


--
-- Name: project_registry_link_changelog_value project_registry_link_changelog_value_pkey; Type: CONSTRAINT; Schema: diwi_testset; Owner: ali
--

ALTER TABLE ONLY diwi_testset.project_registry_link_changelog_value
    ADD CONSTRAINT project_registry_link_changelog_value_pkey PRIMARY KEY (id);


--
-- Name: project_state project_state_pkey; Type: CONSTRAINT; Schema: diwi_testset; Owner: ali
--

ALTER TABLE ONLY diwi_testset.project_state
    ADD CONSTRAINT project_state_pkey PRIMARY KEY (id);


--
-- Name: software_module_rights software_module_rights_pkey; Type: CONSTRAINT; Schema: diwi_testset; Owner: ali
--

ALTER TABLE ONLY diwi_testset.software_module_rights
    ADD CONSTRAINT software_module_rights_pkey PRIMARY KEY (id);


--
-- Name: milestone unique_milestone_id; Type: CONSTRAINT; Schema: diwi_testset; Owner: ali
--

ALTER TABLE ONLY diwi_testset.milestone
    ADD CONSTRAINT unique_milestone_id UNIQUE (id);


--
-- Name: milestone_state unique_milestone_state_id; Type: CONSTRAINT; Schema: diwi_testset; Owner: ali
--

ALTER TABLE ONLY diwi_testset.milestone_state
    ADD CONSTRAINT unique_milestone_state_id UNIQUE (id);


--
-- Name: user unique_user_id; Type: CONSTRAINT; Schema: diwi_testset; Owner: ali
--

ALTER TABLE ONLY diwi_testset."user"
    ADD CONSTRAINT unique_user_id UNIQUE (id);


--
-- Name: user_state unique_user_state_id; Type: CONSTRAINT; Schema: diwi_testset; Owner: ali
--

ALTER TABLE ONLY diwi_testset.user_state
    ADD CONSTRAINT unique_user_state_id UNIQUE (id);


--
-- Name: user user_pkey; Type: CONSTRAINT; Schema: diwi_testset; Owner: ali
--

ALTER TABLE ONLY diwi_testset."user"
    ADD CONSTRAINT user_pkey PRIMARY KEY (id);


--
-- Name: user_state user_state_pkey; Type: CONSTRAINT; Schema: diwi_testset; Owner: ali
--

ALTER TABLE ONLY diwi_testset.user_state
    ADD CONSTRAINT user_state_pkey PRIMARY KEY (id);


--
-- Name: user_to_organization user_to_organization_pkey; Type: CONSTRAINT; Schema: diwi_testset; Owner: ali
--

ALTER TABLE ONLY diwi_testset.user_to_organization
    ADD CONSTRAINT user_to_organization_pkey PRIMARY KEY (id);


--
-- Name: woningblok_doelgroep_changelog woningblok_doelgroep_changelog_pkey; Type: CONSTRAINT; Schema: diwi_testset; Owner: ali
--

ALTER TABLE ONLY diwi_testset.woningblok_doelgroep_changelog
    ADD CONSTRAINT woningblok_doelgroep_changelog_pkey PRIMARY KEY (id);


--
-- Name: woningblok_doelgroep_changelog_value woningblok_doelgroep_changelog_value_pkey; Type: CONSTRAINT; Schema: diwi_testset; Owner: ali
--

ALTER TABLE ONLY diwi_testset.woningblok_doelgroep_changelog_value
    ADD CONSTRAINT woningblok_doelgroep_changelog_value_pkey PRIMARY KEY (id);


--
-- Name: woningblok_duration_changelog woningblok_duration_changelog_pkey; Type: CONSTRAINT; Schema: diwi_testset; Owner: ali
--

ALTER TABLE ONLY diwi_testset.woningblok_duration_changelog
    ADD CONSTRAINT woningblok_duration_changelog_pkey PRIMARY KEY (id);


--
-- Name: woningblok_eigendom_en_waarde_changelog woningblok_eigendom_en_waarde_changelog_pkey; Type: CONSTRAINT; Schema: diwi_testset; Owner: ali
--

ALTER TABLE ONLY diwi_testset.woningblok_eigendom_en_waarde_changelog
    ADD CONSTRAINT woningblok_eigendom_en_waarde_changelog_pkey PRIMARY KEY (id);


--
-- Name: woningblok_grondpositie_changelog woningblok_grondpositie_changelog_pkey; Type: CONSTRAINT; Schema: diwi_testset; Owner: ali
--

ALTER TABLE ONLY diwi_testset.woningblok_grondpositie_changelog
    ADD CONSTRAINT woningblok_grondpositie_changelog_pkey PRIMARY KEY (id);


--
-- Name: woningblok_grondpositie_changelog_value woningblok_grondpositie_changelog_value_pkey; Type: CONSTRAINT; Schema: diwi_testset; Owner: ali
--

ALTER TABLE ONLY diwi_testset.woningblok_grondpositie_changelog_value
    ADD CONSTRAINT woningblok_grondpositie_changelog_value_pkey PRIMARY KEY (id);


--
-- Name: woningblok_grootte_changelog woningblok_grootte_changelog_pkey; Type: CONSTRAINT; Schema: diwi_testset; Owner: ali
--

ALTER TABLE ONLY diwi_testset.woningblok_grootte_changelog
    ADD CONSTRAINT woningblok_grootte_changelog_pkey PRIMARY KEY (id);


--
-- Name: woningblok_maatwerk_boolean_changelog woningblok_maatwerk_boolean_eigenschap_changelog_pkey; Type: CONSTRAINT; Schema: diwi_testset; Owner: ali
--

ALTER TABLE ONLY diwi_testset.woningblok_maatwerk_boolean_changelog
    ADD CONSTRAINT woningblok_maatwerk_boolean_eigenschap_changelog_pkey PRIMARY KEY (id);


--
-- Name: woningblok_maatwerk_categorie_changelog_value woningblok_maatwerk_categorie_changelog_value_pkey; Type: CONSTRAINT; Schema: diwi_testset; Owner: ali
--

ALTER TABLE ONLY diwi_testset.woningblok_maatwerk_categorie_changelog_value
    ADD CONSTRAINT woningblok_maatwerk_categorie_changelog_value_pkey PRIMARY KEY (id);


--
-- Name: woningblok_maatwerk_categorie_changelog woningblok_maatwerk_categorie_eigenschap_changelos_pkey; Type: CONSTRAINT; Schema: diwi_testset; Owner: ali
--

ALTER TABLE ONLY diwi_testset.woningblok_maatwerk_categorie_changelog
    ADD CONSTRAINT woningblok_maatwerk_categorie_eigenschap_changelos_pkey PRIMARY KEY (id);


--
-- Name: property_category_value woningblok_maatwerk_categorie_waarde_pkey; Type: CONSTRAINT; Schema: diwi_testset; Owner: ali
--

ALTER TABLE ONLY diwi_testset.property_category_value
    ADD CONSTRAINT woningblok_maatwerk_categorie_waarde_pkey PRIMARY KEY (id);


--
-- Name: property_category_value_state woningblok_maatwerk_categorie_waarde_state_pkey; Type: CONSTRAINT; Schema: diwi_testset; Owner: ali
--

ALTER TABLE ONLY diwi_testset.property_category_value_state
    ADD CONSTRAINT woningblok_maatwerk_categorie_waarde_state_pkey PRIMARY KEY (id);


--
-- Name: property woningblok_maatwerk_eigenschap_pkey; Type: CONSTRAINT; Schema: diwi_testset; Owner: ali
--

ALTER TABLE ONLY diwi_testset.property
    ADD CONSTRAINT woningblok_maatwerk_eigenschap_pkey PRIMARY KEY (id);


--
-- Name: property_state woningblok_maatwerk_eigenschap_state_pkey; Type: CONSTRAINT; Schema: diwi_testset; Owner: ali
--

ALTER TABLE ONLY diwi_testset.property_state
    ADD CONSTRAINT woningblok_maatwerk_eigenschap_state_pkey PRIMARY KEY (id);


--
-- Name: woningblok_maatwerk_numeriek_changelog woningblok_maatwerk_numeriek_eigenschap_changelog_pkey; Type: CONSTRAINT; Schema: diwi_testset; Owner: ali
--

ALTER TABLE ONLY diwi_testset.woningblok_maatwerk_numeriek_changelog
    ADD CONSTRAINT woningblok_maatwerk_numeriek_eigenschap_changelog_pkey PRIMARY KEY (id);


--
-- Name: woningblok_maatwerk_ordinaal_changelog woningblok_maatwerk_ordinaal_eigenschap_changelog_pkey; Type: CONSTRAINT; Schema: diwi_testset; Owner: ali
--

ALTER TABLE ONLY diwi_testset.woningblok_maatwerk_ordinaal_changelog
    ADD CONSTRAINT woningblok_maatwerk_ordinaal_eigenschap_changelog_pkey PRIMARY KEY (id);


--
-- Name: property_ordinal_value woningblok_maatwerk_ordinale_waarde_pkey; Type: CONSTRAINT; Schema: diwi_testset; Owner: ali
--

ALTER TABLE ONLY diwi_testset.property_ordinal_value
    ADD CONSTRAINT woningblok_maatwerk_ordinale_waarde_pkey PRIMARY KEY (id);


--
-- Name: property_ordinal_value_state woningblok_maatwerk_ordinale_waarde_state_pkey; Type: CONSTRAINT; Schema: diwi_testset; Owner: ali
--

ALTER TABLE ONLY diwi_testset.property_ordinal_value_state
    ADD CONSTRAINT woningblok_maatwerk_ordinale_waarde_state_pkey PRIMARY KEY (id);


--
-- Name: woningblok_maatwerk_text_changelog woningblok_maatwerk_text_changelog_pkey; Type: CONSTRAINT; Schema: diwi_testset; Owner: ali
--

ALTER TABLE ONLY diwi_testset.woningblok_maatwerk_text_changelog
    ADD CONSTRAINT woningblok_maatwerk_text_changelog_pkey PRIMARY KEY (id);


--
-- Name: woningblok_mutatie_changelog woningblok_mutatie_changelog_pkey; Type: CONSTRAINT; Schema: diwi_testset; Owner: ali
--

ALTER TABLE ONLY diwi_testset.woningblok_mutatie_changelog
    ADD CONSTRAINT woningblok_mutatie_changelog_pkey PRIMARY KEY (id);


--
-- Name: woningblok_naam_changelog woningblok_naam_changelog_pkey; Type: CONSTRAINT; Schema: diwi_testset; Owner: ali
--

ALTER TABLE ONLY diwi_testset.woningblok_naam_changelog
    ADD CONSTRAINT woningblok_naam_changelog_pkey PRIMARY KEY (id);


--
-- Name: woningblok woningblok_pkey; Type: CONSTRAINT; Schema: diwi_testset; Owner: ali
--

ALTER TABLE ONLY diwi_testset.woningblok
    ADD CONSTRAINT woningblok_pkey PRIMARY KEY (id);


--
-- Name: woningblok_programmering_changelog woningblok_programmering_changelog_pkey1; Type: CONSTRAINT; Schema: diwi_testset; Owner: ali
--

ALTER TABLE ONLY diwi_testset.woningblok_programmering_changelog
    ADD CONSTRAINT woningblok_programmering_changelog_pkey1 PRIMARY KEY (id);


--
-- Name: woningblok_state woningblok_state_pkey; Type: CONSTRAINT; Schema: diwi_testset; Owner: ali
--

ALTER TABLE ONLY diwi_testset.woningblok_state
    ADD CONSTRAINT woningblok_state_pkey PRIMARY KEY (id);


--
-- Name: woningblok_type_en_fysiek_changelog_fysiek_value woningblok_type_en_fysiek_voorkomen_changelog_fysiek_voork_pkey; Type: CONSTRAINT; Schema: diwi_testset; Owner: ali
--

ALTER TABLE ONLY diwi_testset.woningblok_type_en_fysiek_changelog_fysiek_value
    ADD CONSTRAINT woningblok_type_en_fysiek_voorkomen_changelog_fysiek_voork_pkey PRIMARY KEY (id);


--
-- Name: woningblok_type_en_fysiek_changelog_type_value woningblok_type_en_fysiek_voorkomen_changelog_type_value_pkey; Type: CONSTRAINT; Schema: diwi_testset; Owner: ali
--

ALTER TABLE ONLY diwi_testset.woningblok_type_en_fysiek_changelog_type_value
    ADD CONSTRAINT woningblok_type_en_fysiek_voorkomen_changelog_type_value_pkey PRIMARY KEY (id);


--
-- Name: woningblok_type_en_fysiek_changelog woningblok_woning_type_en_fysiek_voorkomen_changelog_pkey; Type: CONSTRAINT; Schema: diwi_testset; Owner: ali
--

ALTER TABLE ONLY diwi_testset.woningblok_type_en_fysiek_changelog
    ADD CONSTRAINT woningblok_woning_type_en_fysiek_voorkomen_changelog_pkey PRIMARY KEY (id);


--
-- Name: flyway_schema_history flyway_schema_history_pk; Type: CONSTRAINT; Schema: public; Owner: ali
--

ALTER TABLE ONLY public.flyway_schema_history
    ADD CONSTRAINT flyway_schema_history_pk PRIMARY KEY (installed_rank);


--
-- Name: idx_unique_maatwerk_eigenschap_state__eigenschap_naam; Type: INDEX; Schema: diwi_testset; Owner: ali
--

CREATE UNIQUE INDEX idx_unique_maatwerk_eigenschap_state__eigenschap_naam ON diwi_testset.property_state USING btree (property_name) WHERE (change_end_date IS NULL);


--
-- Name: flyway_schema_history_s_idx; Type: INDEX; Schema: public; Owner: ali
--

CREATE INDEX flyway_schema_history_s_idx ON public.flyway_schema_history USING btree (success);


--
-- Name: document fk_document__project; Type: FK CONSTRAINT; Schema: diwi_testset; Owner: ali
--

ALTER TABLE ONLY diwi_testset.document
    ADD CONSTRAINT fk_document__project FOREIGN KEY (project_id) REFERENCES diwi_testset.project(id) MATCH FULL ON UPDATE CASCADE ON DELETE CASCADE;


--
-- Name: document_soort_state fk_document_soort_state__change_user; Type: FK CONSTRAINT; Schema: diwi_testset; Owner: ali
--

ALTER TABLE ONLY diwi_testset.document_soort_state
    ADD CONSTRAINT fk_document_soort_state__change_user FOREIGN KEY (change_user_id) REFERENCES diwi_testset."user"(id) MATCH FULL ON UPDATE CASCADE ON DELETE CASCADE;


--
-- Name: document_soort_state fk_document_soort_state__create_user; Type: FK CONSTRAINT; Schema: diwi_testset; Owner: ali
--

ALTER TABLE ONLY diwi_testset.document_soort_state
    ADD CONSTRAINT fk_document_soort_state__create_user FOREIGN KEY (create_user_id) REFERENCES diwi_testset."user"(id) MATCH FULL ON UPDATE CASCADE ON DELETE CASCADE;


--
-- Name: document_soort_state fk_document_soort_state__document_soort; Type: FK CONSTRAINT; Schema: diwi_testset; Owner: ali
--

ALTER TABLE ONLY diwi_testset.document_soort_state
    ADD CONSTRAINT fk_document_soort_state__document_soort FOREIGN KEY (document_soort_id) REFERENCES diwi_testset.document_soort(id) MATCH FULL ON UPDATE CASCADE ON DELETE CASCADE;


--
-- Name: document_state fk_document_state__change_user; Type: FK CONSTRAINT; Schema: diwi_testset; Owner: ali
--

ALTER TABLE ONLY diwi_testset.document_state
    ADD CONSTRAINT fk_document_state__change_user FOREIGN KEY (change_user_id) REFERENCES diwi_testset."user"(id) MATCH FULL ON UPDATE CASCADE ON DELETE CASCADE;


--
-- Name: document_state fk_document_state__document; Type: FK CONSTRAINT; Schema: diwi_testset; Owner: ali
--

ALTER TABLE ONLY diwi_testset.document_state
    ADD CONSTRAINT fk_document_state__document FOREIGN KEY (document_id) REFERENCES diwi_testset.document(id) MATCH FULL ON UPDATE CASCADE ON DELETE CASCADE;


--
-- Name: document_state fk_document_state__milestone; Type: FK CONSTRAINT; Schema: diwi_testset; Owner: ali
--

ALTER TABLE ONLY diwi_testset.document_state
    ADD CONSTRAINT fk_document_state__milestone FOREIGN KEY (milestone_id) REFERENCES diwi_testset.milestone(id) MATCH FULL ON UPDATE CASCADE ON DELETE CASCADE;


--
-- Name: document_state_soort_value fk_document_state_soort_value__document_state; Type: FK CONSTRAINT; Schema: diwi_testset; Owner: ali
--

ALTER TABLE ONLY diwi_testset.document_state_soort_value
    ADD CONSTRAINT fk_document_state_soort_value__document_state FOREIGN KEY (document_state_id) REFERENCES diwi_testset.document_state(id) MATCH FULL ON UPDATE CASCADE ON DELETE CASCADE;


--
-- Name: document_state_soort_value fk_document_state_soort_value__soort_value; Type: FK CONSTRAINT; Schema: diwi_testset; Owner: ali
--

ALTER TABLE ONLY diwi_testset.document_state_soort_value
    ADD CONSTRAINT fk_document_state_soort_value__soort_value FOREIGN KEY (document_soort_id) REFERENCES diwi_testset.document_soort(id) MATCH FULL ON UPDATE CASCADE ON DELETE CASCADE;


--
-- Name: property_category_value fk_maatwerk_categorie_waarde__maatwerk_eigenschap; Type: FK CONSTRAINT; Schema: diwi_testset; Owner: ali
--

ALTER TABLE ONLY diwi_testset.property_category_value
    ADD CONSTRAINT fk_maatwerk_categorie_waarde__maatwerk_eigenschap FOREIGN KEY (property_id) REFERENCES diwi_testset.property(id) MATCH FULL ON UPDATE CASCADE ON DELETE CASCADE;


--
-- Name: property_category_value_state fk_maatwerk_categorie_waarde_state__change_user; Type: FK CONSTRAINT; Schema: diwi_testset; Owner: ali
--

ALTER TABLE ONLY diwi_testset.property_category_value_state
    ADD CONSTRAINT fk_maatwerk_categorie_waarde_state__change_user FOREIGN KEY (change_user_id) REFERENCES diwi_testset."user"(id) MATCH FULL ON UPDATE CASCADE ON DELETE CASCADE;


--
-- Name: property_category_value_state fk_maatwerk_categorie_waarde_state__create_user; Type: FK CONSTRAINT; Schema: diwi_testset; Owner: ali
--

ALTER TABLE ONLY diwi_testset.property_category_value_state
    ADD CONSTRAINT fk_maatwerk_categorie_waarde_state__create_user FOREIGN KEY (create_user_id) REFERENCES diwi_testset."user"(id) MATCH FULL ON UPDATE CASCADE ON DELETE CASCADE;


--
-- Name: property_state fk_maatwerk_eigenschap_state__change_user; Type: FK CONSTRAINT; Schema: diwi_testset; Owner: ali
--

ALTER TABLE ONLY diwi_testset.property_state
    ADD CONSTRAINT fk_maatwerk_eigenschap_state__change_user FOREIGN KEY (change_user_id) REFERENCES diwi_testset."user"(id) MATCH FULL ON UPDATE CASCADE ON DELETE CASCADE;


--
-- Name: property_state fk_maatwerk_eigenschap_state__create_user; Type: FK CONSTRAINT; Schema: diwi_testset; Owner: ali
--

ALTER TABLE ONLY diwi_testset.property_state
    ADD CONSTRAINT fk_maatwerk_eigenschap_state__create_user FOREIGN KEY (create_user_id) REFERENCES diwi_testset."user"(id) MATCH FULL ON UPDATE CASCADE ON DELETE CASCADE;


--
-- Name: property_ordinal_value_state fk_maatwerk_ordinaal_waarde_state__change_user; Type: FK CONSTRAINT; Schema: diwi_testset; Owner: ali
--

ALTER TABLE ONLY diwi_testset.property_ordinal_value_state
    ADD CONSTRAINT fk_maatwerk_ordinaal_waarde_state__change_user FOREIGN KEY (change_user_id) REFERENCES diwi_testset."user"(id) MATCH FULL ON UPDATE CASCADE ON DELETE CASCADE;


--
-- Name: property_ordinal_value_state fk_maatwerk_ordinaal_waarde_state__create_user; Type: FK CONSTRAINT; Schema: diwi_testset; Owner: ali
--

ALTER TABLE ONLY diwi_testset.property_ordinal_value_state
    ADD CONSTRAINT fk_maatwerk_ordinaal_waarde_state__create_user FOREIGN KEY (create_user_id) REFERENCES diwi_testset."user"(id) MATCH FULL ON UPDATE CASCADE ON DELETE CASCADE;


--
-- Name: property_ordinal_value fk_maatwerk_ordinal_waarde__maatwerk_eigenschap; Type: FK CONSTRAINT; Schema: diwi_testset; Owner: ali
--

ALTER TABLE ONLY diwi_testset.property_ordinal_value
    ADD CONSTRAINT fk_maatwerk_ordinal_waarde__maatwerk_eigenschap FOREIGN KEY (property_id) REFERENCES diwi_testset.property(id) MATCH FULL ON UPDATE CASCADE ON DELETE CASCADE;


--
-- Name: milestone fk_milestone__project; Type: FK CONSTRAINT; Schema: diwi_testset; Owner: ali
--

ALTER TABLE ONLY diwi_testset.milestone
    ADD CONSTRAINT fk_milestone__project FOREIGN KEY (project_id) REFERENCES diwi_testset.project(id) MATCH FULL ON UPDATE CASCADE ON DELETE CASCADE;


--
-- Name: milestone_state fk_milestone_state__create_user; Type: FK CONSTRAINT; Schema: diwi_testset; Owner: ali
--

ALTER TABLE ONLY diwi_testset.milestone_state
    ADD CONSTRAINT fk_milestone_state__create_user FOREIGN KEY (create_user_id) REFERENCES diwi_testset."user"(id) MATCH FULL ON UPDATE CASCADE ON DELETE CASCADE;


--
-- Name: milestone_state fk_milestone_state__milestone; Type: FK CONSTRAINT; Schema: diwi_testset; Owner: ali
--

ALTER TABLE ONLY diwi_testset.milestone_state
    ADD CONSTRAINT fk_milestone_state__milestone FOREIGN KEY (milestone_id) REFERENCES diwi_testset.milestone(id) MATCH FULL ON UPDATE CASCADE ON DELETE CASCADE;


--
-- Name: milestone_state fk_milestone_state_state__change_user; Type: FK CONSTRAINT; Schema: diwi_testset; Owner: ali
--

ALTER TABLE ONLY diwi_testset.milestone_state
    ADD CONSTRAINT fk_milestone_state_state__change_user FOREIGN KEY (change_user_id) REFERENCES diwi_testset."user"(id) MATCH FULL ON UPDATE CASCADE ON DELETE CASCADE;


--
-- Name: organization_state fk_organization_state__change_user; Type: FK CONSTRAINT; Schema: diwi_testset; Owner: ali
--

ALTER TABLE ONLY diwi_testset.organization_state
    ADD CONSTRAINT fk_organization_state__change_user FOREIGN KEY (change_user_id) REFERENCES diwi_testset."user"(id) MATCH FULL ON UPDATE CASCADE ON DELETE CASCADE;


--
-- Name: organization_state fk_organization_state__create_user; Type: FK CONSTRAINT; Schema: diwi_testset; Owner: ali
--

ALTER TABLE ONLY diwi_testset.organization_state
    ADD CONSTRAINT fk_organization_state__create_user FOREIGN KEY (create_user_id) REFERENCES diwi_testset."user"(id) MATCH FULL ON UPDATE CASCADE ON DELETE CASCADE;


--
-- Name: organization_state fk_organization_state__organization; Type: FK CONSTRAINT; Schema: diwi_testset; Owner: ali
--

ALTER TABLE ONLY diwi_testset.organization_state
    ADD CONSTRAINT fk_organization_state__organization FOREIGN KEY (organization_id) REFERENCES diwi_testset.organization(id) MATCH FULL ON UPDATE CASCADE ON DELETE CASCADE;


--
-- Name: organization_state fk_organization_state__parent_organization; Type: FK CONSTRAINT; Schema: diwi_testset; Owner: ali
--

ALTER TABLE ONLY diwi_testset.organization_state
    ADD CONSTRAINT fk_organization_state__parent_organization FOREIGN KEY (parent_organization_id) REFERENCES diwi_testset.organization(id) MATCH FULL ON UPDATE CASCADE ON DELETE CASCADE;


--
-- Name: organization_to_document fk_organization_to_document__change_user; Type: FK CONSTRAINT; Schema: diwi_testset; Owner: ali
--

ALTER TABLE ONLY diwi_testset.organization_to_document
    ADD CONSTRAINT fk_organization_to_document__change_user FOREIGN KEY (change_user_id) REFERENCES diwi_testset."user"(id) MATCH FULL ON UPDATE CASCADE ON DELETE CASCADE;


--
-- Name: organization_to_document fk_organization_to_document__create_user; Type: FK CONSTRAINT; Schema: diwi_testset; Owner: ali
--

ALTER TABLE ONLY diwi_testset.organization_to_document
    ADD CONSTRAINT fk_organization_to_document__create_user FOREIGN KEY (create_user_id) REFERENCES diwi_testset."user"(id) MATCH FULL ON UPDATE CASCADE ON DELETE CASCADE;


--
-- Name: organization_to_document fk_organization_to_document__document; Type: FK CONSTRAINT; Schema: diwi_testset; Owner: ali
--

ALTER TABLE ONLY diwi_testset.organization_to_document
    ADD CONSTRAINT fk_organization_to_document__document FOREIGN KEY (document_id) REFERENCES diwi_testset.document(id) MATCH FULL ON UPDATE CASCADE ON DELETE CASCADE;


--
-- Name: organization_to_document fk_organization_to_document__organization; Type: FK CONSTRAINT; Schema: diwi_testset; Owner: ali
--

ALTER TABLE ONLY diwi_testset.organization_to_document
    ADD CONSTRAINT fk_organization_to_document__organization FOREIGN KEY (organization_id) REFERENCES diwi_testset.organization(id) MATCH FULL ON UPDATE CASCADE ON DELETE CASCADE;


--
-- Name: organization_to_plan fk_organization_to_plan__change_user; Type: FK CONSTRAINT; Schema: diwi_testset; Owner: ali
--

ALTER TABLE ONLY diwi_testset.organization_to_plan
    ADD CONSTRAINT fk_organization_to_plan__change_user FOREIGN KEY (change_user_id) REFERENCES diwi_testset."user"(id) MATCH FULL ON UPDATE CASCADE ON DELETE CASCADE;


--
-- Name: organization_to_plan fk_organization_to_plan__create_user; Type: FK CONSTRAINT; Schema: diwi_testset; Owner: ali
--

ALTER TABLE ONLY diwi_testset.organization_to_plan
    ADD CONSTRAINT fk_organization_to_plan__create_user FOREIGN KEY (create_user_id) REFERENCES diwi_testset."user"(id) MATCH FULL ON UPDATE CASCADE ON DELETE CASCADE;


--
-- Name: organization_to_plan fk_organization_to_plan__organization; Type: FK CONSTRAINT; Schema: diwi_testset; Owner: ali
--

ALTER TABLE ONLY diwi_testset.organization_to_plan
    ADD CONSTRAINT fk_organization_to_plan__organization FOREIGN KEY (organization_id) REFERENCES diwi_testset.organization(id) MATCH FULL ON UPDATE CASCADE ON DELETE CASCADE;


--
-- Name: organization_to_plan fk_organization_to_plan__plan; Type: FK CONSTRAINT; Schema: diwi_testset; Owner: ali
--

ALTER TABLE ONLY diwi_testset.organization_to_plan
    ADD CONSTRAINT fk_organization_to_plan__plan FOREIGN KEY (plan_id) REFERENCES diwi_testset.plan(id) MATCH FULL ON UPDATE CASCADE ON DELETE CASCADE;


--
-- Name: organization_to_project fk_organization_to_project__change_user; Type: FK CONSTRAINT; Schema: diwi_testset; Owner: ali
--

ALTER TABLE ONLY diwi_testset.organization_to_project
    ADD CONSTRAINT fk_organization_to_project__change_user FOREIGN KEY (change_user_id) REFERENCES diwi_testset."user"(id) MATCH FULL ON UPDATE CASCADE ON DELETE CASCADE;


--
-- Name: organization_to_project fk_organization_to_project__create_user; Type: FK CONSTRAINT; Schema: diwi_testset; Owner: ali
--

ALTER TABLE ONLY diwi_testset.organization_to_project
    ADD CONSTRAINT fk_organization_to_project__create_user FOREIGN KEY (create_user_id) REFERENCES diwi_testset."user"(id) MATCH FULL ON UPDATE CASCADE ON DELETE CASCADE;


--
-- Name: organization_to_project fk_organization_to_project__organization; Type: FK CONSTRAINT; Schema: diwi_testset; Owner: ali
--

ALTER TABLE ONLY diwi_testset.organization_to_project
    ADD CONSTRAINT fk_organization_to_project__organization FOREIGN KEY (organization_id) REFERENCES diwi_testset.organization(id) MATCH FULL ON UPDATE CASCADE ON DELETE CASCADE;


--
-- Name: organization_to_project fk_organization_to_project__project; Type: FK CONSTRAINT; Schema: diwi_testset; Owner: ali
--

ALTER TABLE ONLY diwi_testset.organization_to_project
    ADD CONSTRAINT fk_organization_to_project__project FOREIGN KEY (project_id) REFERENCES diwi_testset.project(id) MATCH FULL ON UPDATE CASCADE ON DELETE CASCADE;


--
-- Name: plan_conditie_doelgroep fk_plan_conditie_doelgroep__change_user; Type: FK CONSTRAINT; Schema: diwi_testset; Owner: ali
--

ALTER TABLE ONLY diwi_testset.plan_conditie_doelgroep
    ADD CONSTRAINT fk_plan_conditie_doelgroep__change_user FOREIGN KEY (change_user_id) REFERENCES diwi_testset."user"(id) MATCH FULL ON UPDATE CASCADE ON DELETE CASCADE;


--
-- Name: plan_conditie_doelgroep fk_plan_conditie_doelgroep__create_user; Type: FK CONSTRAINT; Schema: diwi_testset; Owner: ali
--

ALTER TABLE ONLY diwi_testset.plan_conditie_doelgroep
    ADD CONSTRAINT fk_plan_conditie_doelgroep__create_user FOREIGN KEY (create_user_id) REFERENCES diwi_testset."user"(id) MATCH FULL ON UPDATE CASCADE ON DELETE CASCADE;


--
-- Name: plan_conditie_doelgroep fk_plan_conditie_doelgroep__plan_conditie; Type: FK CONSTRAINT; Schema: diwi_testset; Owner: ali
--

ALTER TABLE ONLY diwi_testset.plan_conditie_doelgroep
    ADD CONSTRAINT fk_plan_conditie_doelgroep__plan_conditie FOREIGN KEY (plan_conditie_id) REFERENCES diwi_testset.plan_conditie(id) MATCH FULL ON UPDATE CASCADE ON DELETE CASCADE;


--
-- Name: plan_conditie_doelgroep_value fk_plan_conditie_doelgroep_value__conditie; Type: FK CONSTRAINT; Schema: diwi_testset; Owner: ali
--

ALTER TABLE ONLY diwi_testset.plan_conditie_doelgroep_value
    ADD CONSTRAINT fk_plan_conditie_doelgroep_value__conditie FOREIGN KEY (plan_conditie_doelgroep_id) REFERENCES diwi_testset.plan_conditie_doelgroep(id) MATCH FULL ON UPDATE CASCADE ON DELETE CASCADE;


--
-- Name: plan_conditie_eigendom_en_waarde fk_plan_conditie_eigendom_en_waarde__change_user; Type: FK CONSTRAINT; Schema: diwi_testset; Owner: ali
--

ALTER TABLE ONLY diwi_testset.plan_conditie_eigendom_en_waarde
    ADD CONSTRAINT fk_plan_conditie_eigendom_en_waarde__change_user FOREIGN KEY (change_user_id) REFERENCES diwi_testset."user"(id) MATCH FULL ON UPDATE CASCADE ON DELETE CASCADE;


--
-- Name: plan_conditie_eigendom_en_waarde fk_plan_conditie_eigendom_en_waarde__create_user; Type: FK CONSTRAINT; Schema: diwi_testset; Owner: ali
--

ALTER TABLE ONLY diwi_testset.plan_conditie_eigendom_en_waarde
    ADD CONSTRAINT fk_plan_conditie_eigendom_en_waarde__create_user FOREIGN KEY (create_user_id) REFERENCES diwi_testset."user"(id) MATCH FULL ON UPDATE CASCADE ON DELETE CASCADE;


--
-- Name: plan_conditie_eigendom_en_waarde fk_plan_conditie_eigendom_en_waarde__plan_conditie; Type: FK CONSTRAINT; Schema: diwi_testset; Owner: ali
--

ALTER TABLE ONLY diwi_testset.plan_conditie_eigendom_en_waarde
    ADD CONSTRAINT fk_plan_conditie_eigendom_en_waarde__plan_conditie FOREIGN KEY (plan_conditie_id) REFERENCES diwi_testset.plan_conditie(id) MATCH FULL ON UPDATE CASCADE ON DELETE CASCADE;


--
-- Name: plan_conditie_eigendom_en_waarde_soort_value fk_plan_conditie_eigendom_en_waarde_soort_value__conditie; Type: FK CONSTRAINT; Schema: diwi_testset; Owner: ali
--

ALTER TABLE ONLY diwi_testset.plan_conditie_eigendom_en_waarde_soort_value
    ADD CONSTRAINT fk_plan_conditie_eigendom_en_waarde_soort_value__conditie FOREIGN KEY (plan_conditie_eigendom_en_waarde_id) REFERENCES diwi_testset.plan_conditie_eigendom_en_waarde(id) MATCH FULL ON UPDATE CASCADE ON DELETE CASCADE;


--
-- Name: plan_conditie_kadastraal fk_plan_conditie_geografie__plan_conditie; Type: FK CONSTRAINT; Schema: diwi_testset; Owner: ali
--

ALTER TABLE ONLY diwi_testset.plan_conditie_kadastraal
    ADD CONSTRAINT fk_plan_conditie_geografie__plan_conditie FOREIGN KEY (plan_conditie_id) REFERENCES diwi_testset.plan_conditie(id) MATCH FULL ON UPDATE CASCADE ON DELETE CASCADE;


--
-- Name: plan_conditie_grondpositie fk_plan_conditie_grondpositie__change_user; Type: FK CONSTRAINT; Schema: diwi_testset; Owner: ali
--

ALTER TABLE ONLY diwi_testset.plan_conditie_grondpositie
    ADD CONSTRAINT fk_plan_conditie_grondpositie__change_user FOREIGN KEY (change_user_id) REFERENCES diwi_testset."user"(id) MATCH FULL ON UPDATE CASCADE ON DELETE CASCADE;


--
-- Name: plan_conditie_grondpositie fk_plan_conditie_grondpositie__create_user; Type: FK CONSTRAINT; Schema: diwi_testset; Owner: ali
--

ALTER TABLE ONLY diwi_testset.plan_conditie_grondpositie
    ADD CONSTRAINT fk_plan_conditie_grondpositie__create_user FOREIGN KEY (create_user_id) REFERENCES diwi_testset."user"(id) MATCH FULL ON UPDATE CASCADE ON DELETE CASCADE;


--
-- Name: plan_conditie_grondpositie fk_plan_conditie_grondpositie__plan_conditie; Type: FK CONSTRAINT; Schema: diwi_testset; Owner: ali
--

ALTER TABLE ONLY diwi_testset.plan_conditie_grondpositie
    ADD CONSTRAINT fk_plan_conditie_grondpositie__plan_conditie FOREIGN KEY (plan_conditie_id) REFERENCES diwi_testset.plan_conditie(id) MATCH FULL ON UPDATE CASCADE ON DELETE CASCADE;


--
-- Name: plan_conditie_grondpositie_value fk_plan_conditie_grondpositie_value__conditie; Type: FK CONSTRAINT; Schema: diwi_testset; Owner: ali
--

ALTER TABLE ONLY diwi_testset.plan_conditie_grondpositie_value
    ADD CONSTRAINT fk_plan_conditie_grondpositie_value__conditie FOREIGN KEY (plan_conditie_grondpositie_id) REFERENCES diwi_testset.plan_conditie_grondpositie(id) MATCH FULL ON UPDATE CASCADE ON DELETE CASCADE;


--
-- Name: plan_conditie_grootte fk_plan_conditie_grootte__change_user; Type: FK CONSTRAINT; Schema: diwi_testset; Owner: ali
--

ALTER TABLE ONLY diwi_testset.plan_conditie_grootte
    ADD CONSTRAINT fk_plan_conditie_grootte__change_user FOREIGN KEY (change_user_id) REFERENCES diwi_testset."user"(id) MATCH FULL ON UPDATE CASCADE ON DELETE CASCADE;


--
-- Name: plan_conditie_grootte fk_plan_conditie_grootte__create_user; Type: FK CONSTRAINT; Schema: diwi_testset; Owner: ali
--

ALTER TABLE ONLY diwi_testset.plan_conditie_grootte
    ADD CONSTRAINT fk_plan_conditie_grootte__create_user FOREIGN KEY (create_user_id) REFERENCES diwi_testset."user"(id) MATCH FULL ON UPDATE CASCADE ON DELETE CASCADE;


--
-- Name: plan_conditie_grootte fk_plan_conditie_grootte__plan_conditie; Type: FK CONSTRAINT; Schema: diwi_testset; Owner: ali
--

ALTER TABLE ONLY diwi_testset.plan_conditie_grootte
    ADD CONSTRAINT fk_plan_conditie_grootte__plan_conditie FOREIGN KEY (plan_conditie_id) REFERENCES diwi_testset.plan_conditie(id) MATCH FULL ON UPDATE CASCADE ON DELETE CASCADE;


--
-- Name: plan_conditie_kadastraal fk_plan_conditie_kadastraal__change_user; Type: FK CONSTRAINT; Schema: diwi_testset; Owner: ali
--

ALTER TABLE ONLY diwi_testset.plan_conditie_kadastraal
    ADD CONSTRAINT fk_plan_conditie_kadastraal__change_user FOREIGN KEY (change_user_id) REFERENCES diwi_testset."user"(id) MATCH FULL ON UPDATE CASCADE ON DELETE CASCADE;


--
-- Name: plan_conditie_kadastraal fk_plan_conditie_kadastraal__create_user; Type: FK CONSTRAINT; Schema: diwi_testset; Owner: ali
--

ALTER TABLE ONLY diwi_testset.plan_conditie_kadastraal
    ADD CONSTRAINT fk_plan_conditie_kadastraal__create_user FOREIGN KEY (create_user_id) REFERENCES diwi_testset."user"(id) MATCH FULL ON UPDATE CASCADE ON DELETE CASCADE;


--
-- Name: plan_conditie_kadastraal_value fk_plan_conditie_kadastraal_value__conditie; Type: FK CONSTRAINT; Schema: diwi_testset; Owner: ali
--

ALTER TABLE ONLY diwi_testset.plan_conditie_kadastraal_value
    ADD CONSTRAINT fk_plan_conditie_kadastraal_value__conditie FOREIGN KEY (plan_conditie_kadastraal_id) REFERENCES diwi_testset.plan_conditie_kadastraal(id) MATCH FULL ON UPDATE CASCADE ON DELETE CASCADE;


--
-- Name: plan_conditie_maatwerk_boolean fk_plan_conditie_maatwerk_boolean__change_user; Type: FK CONSTRAINT; Schema: diwi_testset; Owner: ali
--

ALTER TABLE ONLY diwi_testset.plan_conditie_maatwerk_boolean
    ADD CONSTRAINT fk_plan_conditie_maatwerk_boolean__change_user FOREIGN KEY (change_user_id) REFERENCES diwi_testset."user"(id) MATCH FULL ON UPDATE CASCADE ON DELETE CASCADE;


--
-- Name: plan_conditie_maatwerk_boolean fk_plan_conditie_maatwerk_boolean__create_user; Type: FK CONSTRAINT; Schema: diwi_testset; Owner: ali
--

ALTER TABLE ONLY diwi_testset.plan_conditie_maatwerk_boolean
    ADD CONSTRAINT fk_plan_conditie_maatwerk_boolean__create_user FOREIGN KEY (create_user_id) REFERENCES diwi_testset."user"(id) MATCH FULL ON UPDATE CASCADE ON DELETE CASCADE;


--
-- Name: plan_conditie_maatwerk_boolean fk_plan_conditie_maatwerk_boolean__plan_conditie; Type: FK CONSTRAINT; Schema: diwi_testset; Owner: ali
--

ALTER TABLE ONLY diwi_testset.plan_conditie_maatwerk_boolean
    ADD CONSTRAINT fk_plan_conditie_maatwerk_boolean__plan_conditie FOREIGN KEY (plan_conditie_id) REFERENCES diwi_testset.plan_conditie(id) MATCH FULL ON UPDATE CASCADE ON DELETE CASCADE;


--
-- Name: plan_conditie_maatwerk_categorie fk_plan_conditie_maatwerk_categorie__change_user; Type: FK CONSTRAINT; Schema: diwi_testset; Owner: ali
--

ALTER TABLE ONLY diwi_testset.plan_conditie_maatwerk_categorie
    ADD CONSTRAINT fk_plan_conditie_maatwerk_categorie__change_user FOREIGN KEY (change_user_id) REFERENCES diwi_testset."user"(id) MATCH FULL ON UPDATE CASCADE ON DELETE CASCADE;


--
-- Name: plan_conditie_maatwerk_categorie fk_plan_conditie_maatwerk_categorie__create_user; Type: FK CONSTRAINT; Schema: diwi_testset; Owner: ali
--

ALTER TABLE ONLY diwi_testset.plan_conditie_maatwerk_categorie
    ADD CONSTRAINT fk_plan_conditie_maatwerk_categorie__create_user FOREIGN KEY (create_user_id) REFERENCES diwi_testset."user"(id) MATCH FULL ON UPDATE CASCADE ON DELETE CASCADE;


--
-- Name: plan_conditie_maatwerk_categorie fk_plan_conditie_maatwerk_categorie__plan_conditie; Type: FK CONSTRAINT; Schema: diwi_testset; Owner: ali
--

ALTER TABLE ONLY diwi_testset.plan_conditie_maatwerk_categorie
    ADD CONSTRAINT fk_plan_conditie_maatwerk_categorie__plan_conditie FOREIGN KEY (plan_conditie_id) REFERENCES diwi_testset.plan_conditie(id) MATCH FULL ON UPDATE CASCADE ON DELETE CASCADE;


--
-- Name: plan_conditie_maatwerk_categorie_value fk_plan_conditie_maatwerk_categorie_value__conditie; Type: FK CONSTRAINT; Schema: diwi_testset; Owner: ali
--

ALTER TABLE ONLY diwi_testset.plan_conditie_maatwerk_categorie_value
    ADD CONSTRAINT fk_plan_conditie_maatwerk_categorie_value__conditie FOREIGN KEY (plan_conditie_maatwerk_categorie_id) REFERENCES diwi_testset.plan_conditie_maatwerk_categorie(id) MATCH FULL ON UPDATE CASCADE ON DELETE CASCADE;


--
-- Name: plan_conditie_maatwerk_categorie_value fk_plan_conditie_maatwerk_categorie_value__waarde; Type: FK CONSTRAINT; Schema: diwi_testset; Owner: ali
--

ALTER TABLE ONLY diwi_testset.plan_conditie_maatwerk_categorie_value
    ADD CONSTRAINT fk_plan_conditie_maatwerk_categorie_value__waarde FOREIGN KEY (eigenschap_waarde_id) REFERENCES diwi_testset.property_category_value(id) MATCH FULL ON UPDATE CASCADE ON DELETE CASCADE;


--
-- Name: plan_conditie_maatwerk_numeriek fk_plan_conditie_maatwerk_numeriek__change_user; Type: FK CONSTRAINT; Schema: diwi_testset; Owner: ali
--

ALTER TABLE ONLY diwi_testset.plan_conditie_maatwerk_numeriek
    ADD CONSTRAINT fk_plan_conditie_maatwerk_numeriek__change_user FOREIGN KEY (change_user_id) REFERENCES diwi_testset."user"(id) MATCH FULL ON UPDATE CASCADE ON DELETE CASCADE;


--
-- Name: plan_conditie_maatwerk_numeriek fk_plan_conditie_maatwerk_numeriek__create_user; Type: FK CONSTRAINT; Schema: diwi_testset; Owner: ali
--

ALTER TABLE ONLY diwi_testset.plan_conditie_maatwerk_numeriek
    ADD CONSTRAINT fk_plan_conditie_maatwerk_numeriek__create_user FOREIGN KEY (create_user_id) REFERENCES diwi_testset."user"(id) MATCH FULL ON UPDATE CASCADE ON DELETE CASCADE;


--
-- Name: plan_conditie_maatwerk_numeriek fk_plan_conditie_maatwerk_numeriek__plan_conditie; Type: FK CONSTRAINT; Schema: diwi_testset; Owner: ali
--

ALTER TABLE ONLY diwi_testset.plan_conditie_maatwerk_numeriek
    ADD CONSTRAINT fk_plan_conditie_maatwerk_numeriek__plan_conditie FOREIGN KEY (plan_conditie_id) REFERENCES diwi_testset.plan_conditie(id) MATCH FULL ON UPDATE CASCADE ON DELETE CASCADE;


--
-- Name: plan_conditie_maatwerk_ordinaal fk_plan_conditie_maatwerk_ordinaal__create_user; Type: FK CONSTRAINT; Schema: diwi_testset; Owner: ali
--

ALTER TABLE ONLY diwi_testset.plan_conditie_maatwerk_ordinaal
    ADD CONSTRAINT fk_plan_conditie_maatwerk_ordinaal__create_user FOREIGN KEY (create_user_id) REFERENCES diwi_testset."user"(id) MATCH FULL ON UPDATE CASCADE ON DELETE CASCADE;


--
-- Name: plan_conditie_maatwerk_ordinaal fk_plan_conditie_maatwerk_ordinaal__max_value; Type: FK CONSTRAINT; Schema: diwi_testset; Owner: ali
--

ALTER TABLE ONLY diwi_testset.plan_conditie_maatwerk_ordinaal
    ADD CONSTRAINT fk_plan_conditie_maatwerk_ordinaal__max_value FOREIGN KEY (max_value_id) REFERENCES diwi_testset.property_ordinal_value(id) MATCH FULL ON UPDATE CASCADE ON DELETE CASCADE;


--
-- Name: plan_conditie_maatwerk_ordinaal fk_plan_conditie_maatwerk_ordinaal__min_value; Type: FK CONSTRAINT; Schema: diwi_testset; Owner: ali
--

ALTER TABLE ONLY diwi_testset.plan_conditie_maatwerk_ordinaal
    ADD CONSTRAINT fk_plan_conditie_maatwerk_ordinaal__min_value FOREIGN KEY (min_value_id) REFERENCES diwi_testset.property_ordinal_value(id) MATCH FULL ON UPDATE CASCADE ON DELETE CASCADE;


--
-- Name: plan_conditie_maatwerk_ordinaal fk_plan_conditie_maatwerk_ordinaal__plan_conditie; Type: FK CONSTRAINT; Schema: diwi_testset; Owner: ali
--

ALTER TABLE ONLY diwi_testset.plan_conditie_maatwerk_ordinaal
    ADD CONSTRAINT fk_plan_conditie_maatwerk_ordinaal__plan_conditie FOREIGN KEY (plan_conditie_id) REFERENCES diwi_testset.plan_conditie(id) MATCH FULL ON UPDATE CASCADE ON DELETE CASCADE;


--
-- Name: plan_conditie_maatwerk_ordinaal fk_plan_conditie_maatwerk_ordinaal__value; Type: FK CONSTRAINT; Schema: diwi_testset; Owner: ali
--

ALTER TABLE ONLY diwi_testset.plan_conditie_maatwerk_ordinaal
    ADD CONSTRAINT fk_plan_conditie_maatwerk_ordinaal__value FOREIGN KEY (value_id) REFERENCES diwi_testset.property_ordinal_value(id) MATCH FULL ON UPDATE CASCADE ON DELETE CASCADE;


--
-- Name: plan_conditie_programmering fk_plan_conditie_programmering__change_user; Type: FK CONSTRAINT; Schema: diwi_testset; Owner: ali
--

ALTER TABLE ONLY diwi_testset.plan_conditie_programmering
    ADD CONSTRAINT fk_plan_conditie_programmering__change_user FOREIGN KEY (change_user_id) REFERENCES diwi_testset."user"(id) MATCH FULL ON UPDATE CASCADE ON DELETE CASCADE;


--
-- Name: plan_conditie_programmering fk_plan_conditie_programmering__create_user; Type: FK CONSTRAINT; Schema: diwi_testset; Owner: ali
--

ALTER TABLE ONLY diwi_testset.plan_conditie_programmering
    ADD CONSTRAINT fk_plan_conditie_programmering__create_user FOREIGN KEY (create_user_id) REFERENCES diwi_testset."user"(id) MATCH FULL ON UPDATE CASCADE ON DELETE CASCADE;


--
-- Name: plan_conditie_programmering fk_plan_conditie_programmering__plan_conditie; Type: FK CONSTRAINT; Schema: diwi_testset; Owner: ali
--

ALTER TABLE ONLY diwi_testset.plan_conditie_programmering
    ADD CONSTRAINT fk_plan_conditie_programmering__plan_conditie FOREIGN KEY (plan_conditie_id) REFERENCES diwi_testset.plan_conditie(id) MATCH FULL ON UPDATE CASCADE ON DELETE CASCADE;


--
-- Name: plan_conditie_state fk_plan_conditie_state__change_user; Type: FK CONSTRAINT; Schema: diwi_testset; Owner: ali
--

ALTER TABLE ONLY diwi_testset.plan_conditie_state
    ADD CONSTRAINT fk_plan_conditie_state__change_user FOREIGN KEY (change_user_id) REFERENCES diwi_testset."user"(id) MATCH FULL ON UPDATE CASCADE ON DELETE CASCADE;


--
-- Name: plan_conditie_state fk_plan_conditie_state__create_user; Type: FK CONSTRAINT; Schema: diwi_testset; Owner: ali
--

ALTER TABLE ONLY diwi_testset.plan_conditie_state
    ADD CONSTRAINT fk_plan_conditie_state__create_user FOREIGN KEY (create_user_id) REFERENCES diwi_testset."user"(id) MATCH FULL ON UPDATE CASCADE ON DELETE CASCADE;


--
-- Name: plan_conditie_state fk_plan_conditie_state__plan; Type: FK CONSTRAINT; Schema: diwi_testset; Owner: ali
--

ALTER TABLE ONLY diwi_testset.plan_conditie_state
    ADD CONSTRAINT fk_plan_conditie_state__plan FOREIGN KEY (plan_id) REFERENCES diwi_testset.plan(id) MATCH FULL ON UPDATE CASCADE ON DELETE CASCADE;


--
-- Name: plan_conditie_state fk_plan_conditie_state__plan_conditie; Type: FK CONSTRAINT; Schema: diwi_testset; Owner: ali
--

ALTER TABLE ONLY diwi_testset.plan_conditie_state
    ADD CONSTRAINT fk_plan_conditie_state__plan_conditie FOREIGN KEY (plan_conditie_id) REFERENCES diwi_testset.plan_conditie(id) MATCH FULL ON UPDATE CASCADE ON DELETE CASCADE;


--
-- Name: plan_conditie_type_en_fysiek fk_plan_conditie_type_en_fysiek__change_user; Type: FK CONSTRAINT; Schema: diwi_testset; Owner: ali
--

ALTER TABLE ONLY diwi_testset.plan_conditie_type_en_fysiek
    ADD CONSTRAINT fk_plan_conditie_type_en_fysiek__change_user FOREIGN KEY (change_user_id) REFERENCES diwi_testset."user"(id) MATCH FULL ON UPDATE CASCADE ON DELETE CASCADE;


--
-- Name: plan_conditie_type_en_fysiek fk_plan_conditie_type_en_fysiek__create_user; Type: FK CONSTRAINT; Schema: diwi_testset; Owner: ali
--

ALTER TABLE ONLY diwi_testset.plan_conditie_type_en_fysiek
    ADD CONSTRAINT fk_plan_conditie_type_en_fysiek__create_user FOREIGN KEY (create_user_id) REFERENCES diwi_testset."user"(id) MATCH FULL ON UPDATE CASCADE ON DELETE CASCADE;


--
-- Name: plan_conditie_type_en_fysiek_fysiek_value fk_plan_conditie_type_en_fysiek_fysiek_value__conditie; Type: FK CONSTRAINT; Schema: diwi_testset; Owner: ali
--

ALTER TABLE ONLY diwi_testset.plan_conditie_type_en_fysiek_fysiek_value
    ADD CONSTRAINT fk_plan_conditie_type_en_fysiek_fysiek_value__conditie FOREIGN KEY (plan_conditie_type_en_fysiek_id) REFERENCES diwi_testset.plan_conditie_type_en_fysiek(id) MATCH FULL ON UPDATE CASCADE ON DELETE CASCADE;


--
-- Name: plan_conditie_type_en_fysiek_type_value fk_plan_conditie_type_en_fysiek_type_value__conditie; Type: FK CONSTRAINT; Schema: diwi_testset; Owner: ali
--

ALTER TABLE ONLY diwi_testset.plan_conditie_type_en_fysiek_type_value
    ADD CONSTRAINT fk_plan_conditie_type_en_fysiek_type_value__conditie FOREIGN KEY (plan_conditie_type_en_fysiek_id) REFERENCES diwi_testset.plan_conditie_type_en_fysiek(id) MATCH FULL ON UPDATE CASCADE ON DELETE CASCADE;


--
-- Name: plan_conditie_type_en_fysiek fk_plan_conditie_type_en_fysiek_voorkomen__plan_conditie; Type: FK CONSTRAINT; Schema: diwi_testset; Owner: ali
--

ALTER TABLE ONLY diwi_testset.plan_conditie_type_en_fysiek
    ADD CONSTRAINT fk_plan_conditie_type_en_fysiek_voorkomen__plan_conditie FOREIGN KEY (plan_conditie_id) REFERENCES diwi_testset.plan_conditie(id) MATCH FULL ON UPDATE CASCADE ON DELETE CASCADE;


--
-- Name: plan_conditie_maatwerk_ordinaal fk_plan_plan_conditie_maatwerk_ordinaal__change_user; Type: FK CONSTRAINT; Schema: diwi_testset; Owner: ali
--

ALTER TABLE ONLY diwi_testset.plan_conditie_maatwerk_ordinaal
    ADD CONSTRAINT fk_plan_plan_conditie_maatwerk_ordinaal__change_user FOREIGN KEY (change_user_id) REFERENCES diwi_testset."user"(id) MATCH FULL ON UPDATE CASCADE ON DELETE CASCADE;


--
-- Name: plan_soort_state fk_plan_soort_state__change_user; Type: FK CONSTRAINT; Schema: diwi_testset; Owner: ali
--

ALTER TABLE ONLY diwi_testset.plan_soort_state
    ADD CONSTRAINT fk_plan_soort_state__change_user FOREIGN KEY (change_user_id) REFERENCES diwi_testset."user"(id) MATCH FULL ON UPDATE CASCADE ON DELETE CASCADE;


--
-- Name: plan_soort_state fk_plan_soort_state__create_user; Type: FK CONSTRAINT; Schema: diwi_testset; Owner: ali
--

ALTER TABLE ONLY diwi_testset.plan_soort_state
    ADD CONSTRAINT fk_plan_soort_state__create_user FOREIGN KEY (create_user_id) REFERENCES diwi_testset."user"(id) MATCH FULL ON UPDATE CASCADE ON DELETE CASCADE;


--
-- Name: plan_soort_state fk_plan_soort_state__plan_soort; Type: FK CONSTRAINT; Schema: diwi_testset; Owner: ali
--

ALTER TABLE ONLY diwi_testset.plan_soort_state
    ADD CONSTRAINT fk_plan_soort_state__plan_soort FOREIGN KEY (plan_soort_id) REFERENCES diwi_testset.plan_soort(id) MATCH FULL ON UPDATE CASCADE ON DELETE CASCADE;


--
-- Name: plan_state fk_plan_state__change_user; Type: FK CONSTRAINT; Schema: diwi_testset; Owner: ali
--

ALTER TABLE ONLY diwi_testset.plan_state
    ADD CONSTRAINT fk_plan_state__change_user FOREIGN KEY (change_user_id) REFERENCES diwi_testset."user"(id) MATCH FULL ON UPDATE CASCADE ON DELETE CASCADE;


--
-- Name: plan_state fk_plan_state__create_user; Type: FK CONSTRAINT; Schema: diwi_testset; Owner: ali
--

ALTER TABLE ONLY diwi_testset.plan_state
    ADD CONSTRAINT fk_plan_state__create_user FOREIGN KEY (create_user_id) REFERENCES diwi_testset."user"(id) MATCH FULL ON UPDATE CASCADE ON DELETE CASCADE;


--
-- Name: plan_state fk_plan_state__plan; Type: FK CONSTRAINT; Schema: diwi_testset; Owner: ali
--

ALTER TABLE ONLY diwi_testset.plan_state
    ADD CONSTRAINT fk_plan_state__plan FOREIGN KEY (plan_id) REFERENCES diwi_testset.plan(id) MATCH FULL ON UPDATE CASCADE ON DELETE CASCADE;


--
-- Name: plan_state_soort_value fk_plan_state_soort_value__plan_state; Type: FK CONSTRAINT; Schema: diwi_testset; Owner: ali
--

ALTER TABLE ONLY diwi_testset.plan_state_soort_value
    ADD CONSTRAINT fk_plan_state_soort_value__plan_state FOREIGN KEY (plan_state_id) REFERENCES diwi_testset.plan_state(id) MATCH FULL ON UPDATE CASCADE ON DELETE CASCADE;


--
-- Name: plan_state_soort_value fk_plan_state_soort_value__soort_value; Type: FK CONSTRAINT; Schema: diwi_testset; Owner: ali
--

ALTER TABLE ONLY diwi_testset.plan_state_soort_value
    ADD CONSTRAINT fk_plan_state_soort_value__soort_value FOREIGN KEY (plan_soort_id) REFERENCES diwi_testset.plan_soort(id) MATCH FULL ON UPDATE CASCADE ON DELETE CASCADE;


--
-- Name: project_duration_changelog fk_project_duration_chagelog__start_milestone; Type: FK CONSTRAINT; Schema: diwi_testset; Owner: ali
--

ALTER TABLE ONLY diwi_testset.project_duration_changelog
    ADD CONSTRAINT fk_project_duration_chagelog__start_milestone FOREIGN KEY (start_milestone_id) REFERENCES diwi_testset.milestone(id) MATCH FULL ON UPDATE CASCADE ON DELETE CASCADE;


--
-- Name: project_duration_changelog fk_project_duration_changelog__change_user; Type: FK CONSTRAINT; Schema: diwi_testset; Owner: ali
--

ALTER TABLE ONLY diwi_testset.project_duration_changelog
    ADD CONSTRAINT fk_project_duration_changelog__change_user FOREIGN KEY (change_user_id) REFERENCES diwi_testset."user"(id) MATCH FULL ON UPDATE CASCADE ON DELETE CASCADE;


--
-- Name: project_duration_changelog fk_project_duration_changelog__create_user; Type: FK CONSTRAINT; Schema: diwi_testset; Owner: ali
--

ALTER TABLE ONLY diwi_testset.project_duration_changelog
    ADD CONSTRAINT fk_project_duration_changelog__create_user FOREIGN KEY (create_user_id) REFERENCES diwi_testset."user"(id) MATCH FULL ON UPDATE CASCADE ON DELETE CASCADE;


--
-- Name: project_duration_changelog fk_project_duration_changelog__end_milestone; Type: FK CONSTRAINT; Schema: diwi_testset; Owner: ali
--

ALTER TABLE ONLY diwi_testset.project_duration_changelog
    ADD CONSTRAINT fk_project_duration_changelog__end_milestone FOREIGN KEY (end_milestone_id) REFERENCES diwi_testset.milestone(id) MATCH FULL ON UPDATE CASCADE ON DELETE CASCADE;


--
-- Name: project_duration_changelog fk_project_duration_changelog__project; Type: FK CONSTRAINT; Schema: diwi_testset; Owner: ali
--

ALTER TABLE ONLY diwi_testset.project_duration_changelog
    ADD CONSTRAINT fk_project_duration_changelog__project FOREIGN KEY (project_id) REFERENCES diwi_testset.project(id) MATCH FULL ON UPDATE CASCADE ON DELETE CASCADE;


--
-- Name: project_fase_changelog fk_project_fase_changelog__change_user; Type: FK CONSTRAINT; Schema: diwi_testset; Owner: ali
--

ALTER TABLE ONLY diwi_testset.project_fase_changelog
    ADD CONSTRAINT fk_project_fase_changelog__change_user FOREIGN KEY (change_user_id) REFERENCES diwi_testset."user"(id) MATCH FULL ON UPDATE CASCADE ON DELETE CASCADE;


--
-- Name: project_fase_changelog fk_project_fase_changelog__create_user; Type: FK CONSTRAINT; Schema: diwi_testset; Owner: ali
--

ALTER TABLE ONLY diwi_testset.project_fase_changelog
    ADD CONSTRAINT fk_project_fase_changelog__create_user FOREIGN KEY (create_user_id) REFERENCES diwi_testset."user"(id) MATCH FULL ON UPDATE CASCADE ON DELETE CASCADE;


--
-- Name: project_fase_changelog fk_project_fase_changelog__end_milestone; Type: FK CONSTRAINT; Schema: diwi_testset; Owner: ali
--

ALTER TABLE ONLY diwi_testset.project_fase_changelog
    ADD CONSTRAINT fk_project_fase_changelog__end_milestone FOREIGN KEY (end_milestone_id) REFERENCES diwi_testset.milestone(id) MATCH FULL ON UPDATE CASCADE ON DELETE CASCADE;


--
-- Name: project_fase_changelog fk_project_fase_changelog__project; Type: FK CONSTRAINT; Schema: diwi_testset; Owner: ali
--

ALTER TABLE ONLY diwi_testset.project_fase_changelog
    ADD CONSTRAINT fk_project_fase_changelog__project FOREIGN KEY (project_id) REFERENCES diwi_testset.project(id) MATCH FULL ON UPDATE CASCADE ON DELETE CASCADE;


--
-- Name: project_fase_changelog fk_project_fase_changelog__start_milestone; Type: FK CONSTRAINT; Schema: diwi_testset; Owner: ali
--

ALTER TABLE ONLY diwi_testset.project_fase_changelog
    ADD CONSTRAINT fk_project_fase_changelog__start_milestone FOREIGN KEY (start_milestone_id) REFERENCES diwi_testset.milestone(id) MATCH FULL ON UPDATE CASCADE ON DELETE CASCADE;


--
-- Name: project_filiatie fk_project_filiatie__change_user; Type: FK CONSTRAINT; Schema: diwi_testset; Owner: ali
--

ALTER TABLE ONLY diwi_testset.project_filiatie
    ADD CONSTRAINT fk_project_filiatie__change_user FOREIGN KEY (change_user_id) REFERENCES diwi_testset."user"(id) MATCH FULL ON UPDATE CASCADE ON DELETE CASCADE;


--
-- Name: project_filiatie fk_project_filiatie__create_user; Type: FK CONSTRAINT; Schema: diwi_testset; Owner: ali
--

ALTER TABLE ONLY diwi_testset.project_filiatie
    ADD CONSTRAINT fk_project_filiatie__create_user FOREIGN KEY (create_user_id) REFERENCES diwi_testset."user"(id) MATCH FULL ON UPDATE CASCADE ON DELETE CASCADE;


--
-- Name: project_filiatie fk_project_filiatie__new_project; Type: FK CONSTRAINT; Schema: diwi_testset; Owner: ali
--

ALTER TABLE ONLY diwi_testset.project_filiatie
    ADD CONSTRAINT fk_project_filiatie__new_project FOREIGN KEY (new_project_id) REFERENCES diwi_testset.project(id) MATCH FULL ON UPDATE CASCADE ON DELETE CASCADE;


--
-- Name: project_filiatie fk_project_filiatie__old_project; Type: FK CONSTRAINT; Schema: diwi_testset; Owner: ali
--

ALTER TABLE ONLY diwi_testset.project_filiatie
    ADD CONSTRAINT fk_project_filiatie__old_project FOREIGN KEY (old_project_id) REFERENCES diwi_testset.project(id) MATCH FULL ON UPDATE CASCADE ON DELETE CASCADE;


--
-- Name: project_maatwerk_boolean_changelog fk_project_maatwerk_boolean_changelog__change_user; Type: FK CONSTRAINT; Schema: diwi_testset; Owner: ali
--

ALTER TABLE ONLY diwi_testset.project_maatwerk_boolean_changelog
    ADD CONSTRAINT fk_project_maatwerk_boolean_changelog__change_user FOREIGN KEY (change_user_id) REFERENCES diwi_testset."user"(id) MATCH FULL ON UPDATE CASCADE ON DELETE CASCADE;


--
-- Name: project_maatwerk_boolean_changelog fk_project_maatwerk_boolean_changelog__create_user; Type: FK CONSTRAINT; Schema: diwi_testset; Owner: ali
--

ALTER TABLE ONLY diwi_testset.project_maatwerk_boolean_changelog
    ADD CONSTRAINT fk_project_maatwerk_boolean_changelog__create_user FOREIGN KEY (create_user_id) REFERENCES diwi_testset."user"(id) MATCH FULL ON UPDATE CASCADE ON DELETE CASCADE;


--
-- Name: project_maatwerk_boolean_changelog fk_project_maatwerk_boolean_changelog__eigenschap; Type: FK CONSTRAINT; Schema: diwi_testset; Owner: ali
--

ALTER TABLE ONLY diwi_testset.project_maatwerk_boolean_changelog
    ADD CONSTRAINT fk_project_maatwerk_boolean_changelog__eigenschap FOREIGN KEY (eigenschap_id) REFERENCES diwi_testset.property(id) MATCH FULL ON UPDATE CASCADE ON DELETE CASCADE;


--
-- Name: project_maatwerk_boolean_changelog fk_project_maatwerk_boolean_changelog__end_milestone; Type: FK CONSTRAINT; Schema: diwi_testset; Owner: ali
--

ALTER TABLE ONLY diwi_testset.project_maatwerk_boolean_changelog
    ADD CONSTRAINT fk_project_maatwerk_boolean_changelog__end_milestone FOREIGN KEY (end_milestone_id) REFERENCES diwi_testset.milestone(id) MATCH FULL ON UPDATE CASCADE ON DELETE CASCADE;


--
-- Name: project_maatwerk_boolean_changelog fk_project_maatwerk_boolean_changelog__project; Type: FK CONSTRAINT; Schema: diwi_testset; Owner: ali
--

ALTER TABLE ONLY diwi_testset.project_maatwerk_boolean_changelog
    ADD CONSTRAINT fk_project_maatwerk_boolean_changelog__project FOREIGN KEY (project_id) REFERENCES diwi_testset.project(id) MATCH FULL ON UPDATE CASCADE ON DELETE CASCADE;


--
-- Name: project_maatwerk_boolean_changelog fk_project_maatwerk_boolean_changelog__start_milestone; Type: FK CONSTRAINT; Schema: diwi_testset; Owner: ali
--

ALTER TABLE ONLY diwi_testset.project_maatwerk_boolean_changelog
    ADD CONSTRAINT fk_project_maatwerk_boolean_changelog__start_milestone FOREIGN KEY (start_milestone_id) REFERENCES diwi_testset.milestone(id) MATCH FULL ON UPDATE CASCADE ON DELETE CASCADE;


--
-- Name: project_category_changelog fk_project_maatwerk_categorie_changelog__change_user; Type: FK CONSTRAINT; Schema: diwi_testset; Owner: ali
--

ALTER TABLE ONLY diwi_testset.project_category_changelog
    ADD CONSTRAINT fk_project_maatwerk_categorie_changelog__change_user FOREIGN KEY (change_user_id) REFERENCES diwi_testset."user"(id) MATCH FULL ON UPDATE CASCADE ON DELETE CASCADE;


--
-- Name: project_category_changelog fk_project_maatwerk_categorie_changelog__create_user; Type: FK CONSTRAINT; Schema: diwi_testset; Owner: ali
--

ALTER TABLE ONLY diwi_testset.project_category_changelog
    ADD CONSTRAINT fk_project_maatwerk_categorie_changelog__create_user FOREIGN KEY (create_user_id) REFERENCES diwi_testset."user"(id) MATCH FULL ON UPDATE CASCADE ON DELETE CASCADE;


--
-- Name: project_category_changelog fk_project_maatwerk_categorie_changelog__eigenschap; Type: FK CONSTRAINT; Schema: diwi_testset; Owner: ali
--

ALTER TABLE ONLY diwi_testset.project_category_changelog
    ADD CONSTRAINT fk_project_maatwerk_categorie_changelog__eigenschap FOREIGN KEY (property_id) REFERENCES diwi_testset.property(id) MATCH FULL ON UPDATE CASCADE ON DELETE CASCADE;


--
-- Name: project_category_changelog fk_project_maatwerk_categorie_changelog__end_milestone; Type: FK CONSTRAINT; Schema: diwi_testset; Owner: ali
--

ALTER TABLE ONLY diwi_testset.project_category_changelog
    ADD CONSTRAINT fk_project_maatwerk_categorie_changelog__end_milestone FOREIGN KEY (end_milestone_id) REFERENCES diwi_testset.milestone(id) MATCH FULL ON UPDATE CASCADE ON DELETE CASCADE;


--
-- Name: project_category_changelog fk_project_maatwerk_categorie_changelog__project; Type: FK CONSTRAINT; Schema: diwi_testset; Owner: ali
--

ALTER TABLE ONLY diwi_testset.project_category_changelog
    ADD CONSTRAINT fk_project_maatwerk_categorie_changelog__project FOREIGN KEY (project_id) REFERENCES diwi_testset.project(id) MATCH FULL ON UPDATE CASCADE ON DELETE CASCADE;


--
-- Name: project_category_changelog fk_project_maatwerk_categorie_changelog__start_milestone; Type: FK CONSTRAINT; Schema: diwi_testset; Owner: ali
--

ALTER TABLE ONLY diwi_testset.project_category_changelog
    ADD CONSTRAINT fk_project_maatwerk_categorie_changelog__start_milestone FOREIGN KEY (start_milestone_id) REFERENCES diwi_testset.milestone(id) MATCH FULL ON UPDATE CASCADE ON DELETE CASCADE;


--
-- Name: project_category_changelog_value fk_project_maatwerk_categorie_changelog_value__changelog; Type: FK CONSTRAINT; Schema: diwi_testset; Owner: ali
--

ALTER TABLE ONLY diwi_testset.project_category_changelog_value
    ADD CONSTRAINT fk_project_maatwerk_categorie_changelog_value__changelog FOREIGN KEY (project_category_changelog_id) REFERENCES diwi_testset.project_category_changelog(id) MATCH FULL ON UPDATE CASCADE ON DELETE CASCADE;


--
-- Name: project_category_changelog_value fk_project_maatwerk_categorie_changelog_value__waarde; Type: FK CONSTRAINT; Schema: diwi_testset; Owner: ali
--

ALTER TABLE ONLY diwi_testset.project_category_changelog_value
    ADD CONSTRAINT fk_project_maatwerk_categorie_changelog_value__waarde FOREIGN KEY (property_value_id) REFERENCES diwi_testset.property_category_value(id) MATCH FULL ON UPDATE CASCADE ON DELETE CASCADE;


--
-- Name: project_maatwerk_numeriek_changelog fk_project_maatwerk_numeriek_changelog__change_user; Type: FK CONSTRAINT; Schema: diwi_testset; Owner: ali
--

ALTER TABLE ONLY diwi_testset.project_maatwerk_numeriek_changelog
    ADD CONSTRAINT fk_project_maatwerk_numeriek_changelog__change_user FOREIGN KEY (change_user_id) REFERENCES diwi_testset."user"(id) MATCH FULL ON UPDATE CASCADE ON DELETE CASCADE;


--
-- Name: project_maatwerk_numeriek_changelog fk_project_maatwerk_numeriek_changelog__create_user; Type: FK CONSTRAINT; Schema: diwi_testset; Owner: ali
--

ALTER TABLE ONLY diwi_testset.project_maatwerk_numeriek_changelog
    ADD CONSTRAINT fk_project_maatwerk_numeriek_changelog__create_user FOREIGN KEY (create_user_id) REFERENCES diwi_testset."user"(id) MATCH FULL ON UPDATE CASCADE ON DELETE CASCADE;


--
-- Name: project_maatwerk_numeriek_changelog fk_project_maatwerk_numeriek_changelog__eigenschap; Type: FK CONSTRAINT; Schema: diwi_testset; Owner: ali
--

ALTER TABLE ONLY diwi_testset.project_maatwerk_numeriek_changelog
    ADD CONSTRAINT fk_project_maatwerk_numeriek_changelog__eigenschap FOREIGN KEY (eigenschap_id) REFERENCES diwi_testset.property(id) MATCH FULL ON UPDATE CASCADE ON DELETE CASCADE;


--
-- Name: project_maatwerk_numeriek_changelog fk_project_maatwerk_numeriek_changelog__end_milestone; Type: FK CONSTRAINT; Schema: diwi_testset; Owner: ali
--

ALTER TABLE ONLY diwi_testset.project_maatwerk_numeriek_changelog
    ADD CONSTRAINT fk_project_maatwerk_numeriek_changelog__end_milestone FOREIGN KEY (end_milestone_id) REFERENCES diwi_testset.milestone(id) MATCH FULL ON UPDATE CASCADE ON DELETE CASCADE;


--
-- Name: project_maatwerk_numeriek_changelog fk_project_maatwerk_numeriek_changelog__project; Type: FK CONSTRAINT; Schema: diwi_testset; Owner: ali
--

ALTER TABLE ONLY diwi_testset.project_maatwerk_numeriek_changelog
    ADD CONSTRAINT fk_project_maatwerk_numeriek_changelog__project FOREIGN KEY (project_id) REFERENCES diwi_testset.project(id) MATCH FULL ON UPDATE CASCADE ON DELETE CASCADE;


--
-- Name: project_maatwerk_numeriek_changelog fk_project_maatwerk_numeriek_changelog__start_milestone; Type: FK CONSTRAINT; Schema: diwi_testset; Owner: ali
--

ALTER TABLE ONLY diwi_testset.project_maatwerk_numeriek_changelog
    ADD CONSTRAINT fk_project_maatwerk_numeriek_changelog__start_milestone FOREIGN KEY (start_milestone_id) REFERENCES diwi_testset.milestone(id) MATCH FULL ON UPDATE CASCADE ON DELETE CASCADE;


--
-- Name: project_ordinal_changelog fk_project_maatwerk_ordinaal_changelog__change_user; Type: FK CONSTRAINT; Schema: diwi_testset; Owner: ali
--

ALTER TABLE ONLY diwi_testset.project_ordinal_changelog
    ADD CONSTRAINT fk_project_maatwerk_ordinaal_changelog__change_user FOREIGN KEY (change_user_id) REFERENCES diwi_testset."user"(id) MATCH FULL ON UPDATE CASCADE ON DELETE CASCADE;


--
-- Name: project_ordinal_changelog fk_project_maatwerk_ordinaal_changelog__create_user; Type: FK CONSTRAINT; Schema: diwi_testset; Owner: ali
--

ALTER TABLE ONLY diwi_testset.project_ordinal_changelog
    ADD CONSTRAINT fk_project_maatwerk_ordinaal_changelog__create_user FOREIGN KEY (create_user_id) REFERENCES diwi_testset."user"(id) MATCH FULL ON UPDATE CASCADE ON DELETE CASCADE;


--
-- Name: project_ordinal_changelog fk_project_maatwerk_ordinaal_changelog__eigenschap; Type: FK CONSTRAINT; Schema: diwi_testset; Owner: ali
--

ALTER TABLE ONLY diwi_testset.project_ordinal_changelog
    ADD CONSTRAINT fk_project_maatwerk_ordinaal_changelog__eigenschap FOREIGN KEY (property_id) REFERENCES diwi_testset.property(id) MATCH FULL ON UPDATE CASCADE ON DELETE CASCADE;


--
-- Name: project_ordinal_changelog fk_project_maatwerk_ordinaal_changelog__end_milestone; Type: FK CONSTRAINT; Schema: diwi_testset; Owner: ali
--

ALTER TABLE ONLY diwi_testset.project_ordinal_changelog
    ADD CONSTRAINT fk_project_maatwerk_ordinaal_changelog__end_milestone FOREIGN KEY (end_milestone_id) REFERENCES diwi_testset.milestone(id) MATCH FULL ON UPDATE CASCADE ON DELETE CASCADE;


--
-- Name: project_ordinal_changelog fk_project_maatwerk_ordinaal_changelog__max_value; Type: FK CONSTRAINT; Schema: diwi_testset; Owner: ali
--

ALTER TABLE ONLY diwi_testset.project_ordinal_changelog
    ADD CONSTRAINT fk_project_maatwerk_ordinaal_changelog__max_value FOREIGN KEY (max_value_id) REFERENCES diwi_testset.property_ordinal_value(id) MATCH FULL ON UPDATE CASCADE ON DELETE CASCADE;


--
-- Name: project_ordinal_changelog fk_project_maatwerk_ordinaal_changelog__min_value; Type: FK CONSTRAINT; Schema: diwi_testset; Owner: ali
--

ALTER TABLE ONLY diwi_testset.project_ordinal_changelog
    ADD CONSTRAINT fk_project_maatwerk_ordinaal_changelog__min_value FOREIGN KEY (min_value_id) REFERENCES diwi_testset.property_ordinal_value(id) MATCH FULL ON UPDATE CASCADE ON DELETE CASCADE;


--
-- Name: project_ordinal_changelog fk_project_maatwerk_ordinaal_changelog__project; Type: FK CONSTRAINT; Schema: diwi_testset; Owner: ali
--

ALTER TABLE ONLY diwi_testset.project_ordinal_changelog
    ADD CONSTRAINT fk_project_maatwerk_ordinaal_changelog__project FOREIGN KEY (project_id) REFERENCES diwi_testset.project(id) MATCH FULL ON UPDATE CASCADE ON DELETE CASCADE;


--
-- Name: project_ordinal_changelog fk_project_maatwerk_ordinaal_changelog__start_milestone; Type: FK CONSTRAINT; Schema: diwi_testset; Owner: ali
--

ALTER TABLE ONLY diwi_testset.project_ordinal_changelog
    ADD CONSTRAINT fk_project_maatwerk_ordinaal_changelog__start_milestone FOREIGN KEY (start_milestone_id) REFERENCES diwi_testset.milestone(id) MATCH FULL ON UPDATE CASCADE ON DELETE CASCADE;


--
-- Name: project_ordinal_changelog fk_project_maatwerk_ordinaal_changelog__value; Type: FK CONSTRAINT; Schema: diwi_testset; Owner: ali
--

ALTER TABLE ONLY diwi_testset.project_ordinal_changelog
    ADD CONSTRAINT fk_project_maatwerk_ordinaal_changelog__value FOREIGN KEY (value_id) REFERENCES diwi_testset.property_ordinal_value(id) MATCH FULL ON UPDATE CASCADE ON DELETE CASCADE;


--
-- Name: project_text_changelog fk_project_maatwerk_text_changelog__change_user; Type: FK CONSTRAINT; Schema: diwi_testset; Owner: ali
--

ALTER TABLE ONLY diwi_testset.project_text_changelog
    ADD CONSTRAINT fk_project_maatwerk_text_changelog__change_user FOREIGN KEY (change_user_id) REFERENCES diwi_testset."user"(id) MATCH FULL ON UPDATE CASCADE ON DELETE CASCADE;


--
-- Name: project_text_changelog fk_project_maatwerk_text_changelog__create_user; Type: FK CONSTRAINT; Schema: diwi_testset; Owner: ali
--

ALTER TABLE ONLY diwi_testset.project_text_changelog
    ADD CONSTRAINT fk_project_maatwerk_text_changelog__create_user FOREIGN KEY (create_user_id) REFERENCES diwi_testset."user"(id) MATCH FULL ON UPDATE CASCADE ON DELETE CASCADE;


--
-- Name: project_text_changelog fk_project_maatwerk_text_changelog__eigenschap; Type: FK CONSTRAINT; Schema: diwi_testset; Owner: ali
--

ALTER TABLE ONLY diwi_testset.project_text_changelog
    ADD CONSTRAINT fk_project_maatwerk_text_changelog__eigenschap FOREIGN KEY (property_id) REFERENCES diwi_testset.property(id) MATCH FULL ON UPDATE CASCADE ON DELETE CASCADE;


--
-- Name: project_text_changelog fk_project_maatwerk_text_changelog__end_milestone; Type: FK CONSTRAINT; Schema: diwi_testset; Owner: ali
--

ALTER TABLE ONLY diwi_testset.project_text_changelog
    ADD CONSTRAINT fk_project_maatwerk_text_changelog__end_milestone FOREIGN KEY (end_milestone_id) REFERENCES diwi_testset.milestone(id) MATCH FULL ON UPDATE CASCADE ON DELETE CASCADE;


--
-- Name: project_text_changelog fk_project_maatwerk_text_changelog__project; Type: FK CONSTRAINT; Schema: diwi_testset; Owner: ali
--

ALTER TABLE ONLY diwi_testset.project_text_changelog
    ADD CONSTRAINT fk_project_maatwerk_text_changelog__project FOREIGN KEY (project_id) REFERENCES diwi_testset.project(id) MATCH FULL ON UPDATE CASCADE ON DELETE CASCADE;


--
-- Name: project_text_changelog fk_project_maatwerk_text_changelog__start_milestone; Type: FK CONSTRAINT; Schema: diwi_testset; Owner: ali
--

ALTER TABLE ONLY diwi_testset.project_text_changelog
    ADD CONSTRAINT fk_project_maatwerk_text_changelog__start_milestone FOREIGN KEY (start_milestone_id) REFERENCES diwi_testset.milestone(id) MATCH FULL ON UPDATE CASCADE ON DELETE CASCADE;


--
-- Name: project_name_changelog fk_project_name_changelog__change_user; Type: FK CONSTRAINT; Schema: diwi_testset; Owner: ali
--

ALTER TABLE ONLY diwi_testset.project_name_changelog
    ADD CONSTRAINT fk_project_name_changelog__change_user FOREIGN KEY (change_user_id) REFERENCES diwi_testset."user"(id) MATCH FULL ON UPDATE CASCADE ON DELETE CASCADE;


--
-- Name: project_name_changelog fk_project_name_changelog__create_user; Type: FK CONSTRAINT; Schema: diwi_testset; Owner: ali
--

ALTER TABLE ONLY diwi_testset.project_name_changelog
    ADD CONSTRAINT fk_project_name_changelog__create_user FOREIGN KEY (create_user_id) REFERENCES diwi_testset."user"(id) MATCH FULL ON UPDATE CASCADE ON DELETE CASCADE;


--
-- Name: project_name_changelog fk_project_name_changelog__end_milestone; Type: FK CONSTRAINT; Schema: diwi_testset; Owner: ali
--

ALTER TABLE ONLY diwi_testset.project_name_changelog
    ADD CONSTRAINT fk_project_name_changelog__end_milestone FOREIGN KEY (end_milestone_id) REFERENCES diwi_testset.milestone(id) MATCH FULL ON UPDATE CASCADE ON DELETE CASCADE;


--
-- Name: project_name_changelog fk_project_name_changelog__project; Type: FK CONSTRAINT; Schema: diwi_testset; Owner: ali
--

ALTER TABLE ONLY diwi_testset.project_name_changelog
    ADD CONSTRAINT fk_project_name_changelog__project FOREIGN KEY (project_id) REFERENCES diwi_testset.project(id) MATCH FULL ON UPDATE CASCADE ON DELETE CASCADE;


--
-- Name: project_name_changelog fk_project_name_changelog__start_milestone; Type: FK CONSTRAINT; Schema: diwi_testset; Owner: ali
--

ALTER TABLE ONLY diwi_testset.project_name_changelog
    ADD CONSTRAINT fk_project_name_changelog__start_milestone FOREIGN KEY (start_milestone_id) REFERENCES diwi_testset.milestone(id) MATCH FULL ON UPDATE CASCADE ON DELETE CASCADE;


--
-- Name: project_plan_type_changelog fk_project_plan_type_changelog__change_user; Type: FK CONSTRAINT; Schema: diwi_testset; Owner: ali
--

ALTER TABLE ONLY diwi_testset.project_plan_type_changelog
    ADD CONSTRAINT fk_project_plan_type_changelog__change_user FOREIGN KEY (change_user_id) REFERENCES diwi_testset."user"(id) MATCH FULL ON UPDATE CASCADE ON DELETE CASCADE;


--
-- Name: project_plan_type_changelog fk_project_plan_type_changelog__create_user; Type: FK CONSTRAINT; Schema: diwi_testset; Owner: ali
--

ALTER TABLE ONLY diwi_testset.project_plan_type_changelog
    ADD CONSTRAINT fk_project_plan_type_changelog__create_user FOREIGN KEY (create_user_id) REFERENCES diwi_testset."user"(id) MATCH FULL ON UPDATE CASCADE ON DELETE CASCADE;


--
-- Name: project_plan_type_changelog fk_project_plan_type_changelog__end_milestone; Type: FK CONSTRAINT; Schema: diwi_testset; Owner: ali
--

ALTER TABLE ONLY diwi_testset.project_plan_type_changelog
    ADD CONSTRAINT fk_project_plan_type_changelog__end_milestone FOREIGN KEY (end_milestone_id) REFERENCES diwi_testset.milestone(id) MATCH FULL ON UPDATE CASCADE ON DELETE CASCADE;


--
-- Name: project_plan_type_changelog fk_project_plan_type_changelog__project; Type: FK CONSTRAINT; Schema: diwi_testset; Owner: ali
--

ALTER TABLE ONLY diwi_testset.project_plan_type_changelog
    ADD CONSTRAINT fk_project_plan_type_changelog__project FOREIGN KEY (project_id) REFERENCES diwi_testset.project(id) MATCH FULL ON UPDATE CASCADE ON DELETE CASCADE;


--
-- Name: project_plan_type_changelog fk_project_plan_type_changelog__start_milestone; Type: FK CONSTRAINT; Schema: diwi_testset; Owner: ali
--

ALTER TABLE ONLY diwi_testset.project_plan_type_changelog
    ADD CONSTRAINT fk_project_plan_type_changelog__start_milestone FOREIGN KEY (start_milestone_id) REFERENCES diwi_testset.milestone(id) MATCH FULL ON UPDATE CASCADE ON DELETE CASCADE;


--
-- Name: project_plan_type_changelog_value fk_project_plan_type_changelog_value__changelog; Type: FK CONSTRAINT; Schema: diwi_testset; Owner: ali
--

ALTER TABLE ONLY diwi_testset.project_plan_type_changelog_value
    ADD CONSTRAINT fk_project_plan_type_changelog_value__changelog FOREIGN KEY (changelog_id) REFERENCES diwi_testset.project_plan_type_changelog(id) MATCH FULL ON UPDATE CASCADE ON DELETE CASCADE;


--
-- Name: project_planologische_planstatus_changelog fk_project_planologische_planstatus_changelog__change_user; Type: FK CONSTRAINT; Schema: diwi_testset; Owner: ali
--

ALTER TABLE ONLY diwi_testset.project_planologische_planstatus_changelog
    ADD CONSTRAINT fk_project_planologische_planstatus_changelog__change_user FOREIGN KEY (change_user_id) REFERENCES diwi_testset."user"(id) MATCH FULL ON UPDATE CASCADE ON DELETE CASCADE;


--
-- Name: project_planologische_planstatus_changelog fk_project_planologische_planstatus_changelog__create_user; Type: FK CONSTRAINT; Schema: diwi_testset; Owner: ali
--

ALTER TABLE ONLY diwi_testset.project_planologische_planstatus_changelog
    ADD CONSTRAINT fk_project_planologische_planstatus_changelog__create_user FOREIGN KEY (create_user_id) REFERENCES diwi_testset."user"(id) MATCH FULL ON UPDATE CASCADE ON DELETE CASCADE;


--
-- Name: project_planologische_planstatus_changelog fk_project_planologische_planstatus_changelog__end_milestone; Type: FK CONSTRAINT; Schema: diwi_testset; Owner: ali
--

ALTER TABLE ONLY diwi_testset.project_planologische_planstatus_changelog
    ADD CONSTRAINT fk_project_planologische_planstatus_changelog__end_milestone FOREIGN KEY (end_milestone_id) REFERENCES diwi_testset.milestone(id) MATCH FULL ON UPDATE CASCADE ON DELETE CASCADE;


--
-- Name: project_planologische_planstatus_changelog fk_project_planologische_planstatus_changelog__project; Type: FK CONSTRAINT; Schema: diwi_testset; Owner: ali
--

ALTER TABLE ONLY diwi_testset.project_planologische_planstatus_changelog
    ADD CONSTRAINT fk_project_planologische_planstatus_changelog__project FOREIGN KEY (project_id) REFERENCES diwi_testset.project(id) MATCH FULL ON UPDATE CASCADE ON DELETE CASCADE;


--
-- Name: project_planologische_planstatus_changelog fk_project_planologische_planstatus_changelog__start_milestone; Type: FK CONSTRAINT; Schema: diwi_testset; Owner: ali
--

ALTER TABLE ONLY diwi_testset.project_planologische_planstatus_changelog
    ADD CONSTRAINT fk_project_planologische_planstatus_changelog__start_milestone FOREIGN KEY (start_milestone_id) REFERENCES diwi_testset.milestone(id) MATCH FULL ON UPDATE CASCADE ON DELETE CASCADE;


--
-- Name: project_planologische_planstatus_changelog_value fk_project_planologische_planstatus_changelog_value__changelog; Type: FK CONSTRAINT; Schema: diwi_testset; Owner: ali
--

ALTER TABLE ONLY diwi_testset.project_planologische_planstatus_changelog_value
    ADD CONSTRAINT fk_project_planologische_planstatus_changelog_value__changelog FOREIGN KEY (planologische_planstatus_changelog_id) REFERENCES diwi_testset.project_planologische_planstatus_changelog(id) MATCH FULL ON UPDATE CASCADE ON DELETE CASCADE;


--
-- Name: project_registry_link_changelog fk_project_registry_link_changelog__change_user; Type: FK CONSTRAINT; Schema: diwi_testset; Owner: ali
--

ALTER TABLE ONLY diwi_testset.project_registry_link_changelog
    ADD CONSTRAINT fk_project_registry_link_changelog__change_user FOREIGN KEY (change_user_id) REFERENCES diwi_testset."user"(id) MATCH FULL ON UPDATE CASCADE ON DELETE CASCADE;


--
-- Name: project_registry_link_changelog fk_project_registry_link_changelog__create_user; Type: FK CONSTRAINT; Schema: diwi_testset; Owner: ali
--

ALTER TABLE ONLY diwi_testset.project_registry_link_changelog
    ADD CONSTRAINT fk_project_registry_link_changelog__create_user FOREIGN KEY (create_user_id) REFERENCES diwi_testset."user"(id) MATCH FULL ON UPDATE CASCADE ON DELETE CASCADE;


--
-- Name: project_registry_link_changelog fk_project_registry_link_changelog__end_milestone; Type: FK CONSTRAINT; Schema: diwi_testset; Owner: ali
--

ALTER TABLE ONLY diwi_testset.project_registry_link_changelog
    ADD CONSTRAINT fk_project_registry_link_changelog__end_milestone FOREIGN KEY (end_milestone_id) REFERENCES diwi_testset.milestone(id) MATCH FULL ON UPDATE CASCADE ON DELETE CASCADE;


--
-- Name: project_registry_link_changelog fk_project_registry_link_changelog__project; Type: FK CONSTRAINT; Schema: diwi_testset; Owner: ali
--

ALTER TABLE ONLY diwi_testset.project_registry_link_changelog
    ADD CONSTRAINT fk_project_registry_link_changelog__project FOREIGN KEY (project_id) REFERENCES diwi_testset.project(id) MATCH FULL ON UPDATE CASCADE ON DELETE CASCADE;


--
-- Name: project_registry_link_changelog fk_project_registry_link_changelog__start_milestone; Type: FK CONSTRAINT; Schema: diwi_testset; Owner: ali
--

ALTER TABLE ONLY diwi_testset.project_registry_link_changelog
    ADD CONSTRAINT fk_project_registry_link_changelog__start_milestone FOREIGN KEY (start_milestone_id) REFERENCES diwi_testset.milestone(id) MATCH FULL ON UPDATE CASCADE ON DELETE CASCADE;


--
-- Name: project_registry_link_changelog_value fk_project_registry_link_changelog_value__changelog; Type: FK CONSTRAINT; Schema: diwi_testset; Owner: ali
--

ALTER TABLE ONLY diwi_testset.project_registry_link_changelog_value
    ADD CONSTRAINT fk_project_registry_link_changelog_value__changelog FOREIGN KEY (project_registry_link_changelog_id) REFERENCES diwi_testset.project_registry_link_changelog(id) MATCH FULL ON UPDATE CASCADE ON DELETE CASCADE;


--
-- Name: project_state fk_project_state__change_user; Type: FK CONSTRAINT; Schema: diwi_testset; Owner: ali
--

ALTER TABLE ONLY diwi_testset.project_state
    ADD CONSTRAINT fk_project_state__change_user FOREIGN KEY (change_user_id) REFERENCES diwi_testset."user"(id) MATCH FULL ON UPDATE CASCADE ON DELETE CASCADE;


--
-- Name: project_state fk_project_state__create_user; Type: FK CONSTRAINT; Schema: diwi_testset; Owner: ali
--

ALTER TABLE ONLY diwi_testset.project_state
    ADD CONSTRAINT fk_project_state__create_user FOREIGN KEY (create_user_id) REFERENCES diwi_testset."user"(id) MATCH FULL ON UPDATE CASCADE ON DELETE CASCADE;


--
-- Name: project_state fk_project_state__project; Type: FK CONSTRAINT; Schema: diwi_testset; Owner: ali
--

ALTER TABLE ONLY diwi_testset.project_state
    ADD CONSTRAINT fk_project_state__project FOREIGN KEY (project_id) REFERENCES diwi_testset.project(id) MATCH FULL ON UPDATE CASCADE ON DELETE CASCADE;


--
-- Name: software_module_rights fk_software_module_rights__change_user; Type: FK CONSTRAINT; Schema: diwi_testset; Owner: ali
--

ALTER TABLE ONLY diwi_testset.software_module_rights
    ADD CONSTRAINT fk_software_module_rights__change_user FOREIGN KEY (change_user_id) REFERENCES diwi_testset."user"(id) MATCH FULL ON UPDATE CASCADE ON DELETE CASCADE;


--
-- Name: software_module_rights fk_software_module_rights__create_user; Type: FK CONSTRAINT; Schema: diwi_testset; Owner: ali
--

ALTER TABLE ONLY diwi_testset.software_module_rights
    ADD CONSTRAINT fk_software_module_rights__create_user FOREIGN KEY (create_user_id) REFERENCES diwi_testset."user"(id) MATCH FULL ON UPDATE CASCADE ON DELETE CASCADE;


--
-- Name: software_module_rights fk_software_module_rights__organization; Type: FK CONSTRAINT; Schema: diwi_testset; Owner: ali
--

ALTER TABLE ONLY diwi_testset.software_module_rights
    ADD CONSTRAINT fk_software_module_rights__organization FOREIGN KEY (organization_id) REFERENCES diwi_testset.organization(id) MATCH FULL ON UPDATE CASCADE ON DELETE CASCADE;


--
-- Name: user_state fk_user_state__change_user; Type: FK CONSTRAINT; Schema: diwi_testset; Owner: ali
--

ALTER TABLE ONLY diwi_testset.user_state
    ADD CONSTRAINT fk_user_state__change_user FOREIGN KEY (change_user_id) REFERENCES diwi_testset."user"(id) MATCH FULL ON UPDATE CASCADE ON DELETE CASCADE;


--
-- Name: user_state fk_user_state__create_user; Type: FK CONSTRAINT; Schema: diwi_testset; Owner: ali
--

ALTER TABLE ONLY diwi_testset.user_state
    ADD CONSTRAINT fk_user_state__create_user FOREIGN KEY (create_user_id) REFERENCES diwi_testset."user"(id) MATCH FULL ON UPDATE CASCADE ON DELETE CASCADE;


--
-- Name: user_state fk_user_state__user; Type: FK CONSTRAINT; Schema: diwi_testset; Owner: ali
--

ALTER TABLE ONLY diwi_testset.user_state
    ADD CONSTRAINT fk_user_state__user FOREIGN KEY (user_id) REFERENCES diwi_testset."user"(id) MATCH FULL ON UPDATE CASCADE ON DELETE CASCADE;


--
-- Name: user_to_organization fk_user_to_organization__change_user; Type: FK CONSTRAINT; Schema: diwi_testset; Owner: ali
--

ALTER TABLE ONLY diwi_testset.user_to_organization
    ADD CONSTRAINT fk_user_to_organization__change_user FOREIGN KEY (change_user_id) REFERENCES diwi_testset."user"(id) MATCH FULL ON UPDATE CASCADE ON DELETE CASCADE;


--
-- Name: user_to_organization fk_user_to_organization__create_user; Type: FK CONSTRAINT; Schema: diwi_testset; Owner: ali
--

ALTER TABLE ONLY diwi_testset.user_to_organization
    ADD CONSTRAINT fk_user_to_organization__create_user FOREIGN KEY (create_user_id) REFERENCES diwi_testset."user"(id) MATCH FULL ON UPDATE CASCADE ON DELETE CASCADE;


--
-- Name: user_to_organization fk_user_to_organization__organization; Type: FK CONSTRAINT; Schema: diwi_testset; Owner: ali
--

ALTER TABLE ONLY diwi_testset.user_to_organization
    ADD CONSTRAINT fk_user_to_organization__organization FOREIGN KEY (organization_id) REFERENCES diwi_testset.organization(id) MATCH FULL ON UPDATE CASCADE ON DELETE CASCADE;


--
-- Name: user_to_organization fk_user_to_organization__user; Type: FK CONSTRAINT; Schema: diwi_testset; Owner: ali
--

ALTER TABLE ONLY diwi_testset.user_to_organization
    ADD CONSTRAINT fk_user_to_organization__user FOREIGN KEY (user_id) REFERENCES diwi_testset."user"(id) MATCH FULL ON UPDATE CASCADE ON DELETE CASCADE;


--
-- Name: woningblok fk_woningblok__project; Type: FK CONSTRAINT; Schema: diwi_testset; Owner: ali
--

ALTER TABLE ONLY diwi_testset.woningblok
    ADD CONSTRAINT fk_woningblok__project FOREIGN KEY (project_id) REFERENCES diwi_testset.project(id) MATCH FULL ON UPDATE CASCADE ON DELETE CASCADE;


--
-- Name: woningblok_doelgroep_changelog fk_woningblok_doelgroep_changelog__change_user; Type: FK CONSTRAINT; Schema: diwi_testset; Owner: ali
--

ALTER TABLE ONLY diwi_testset.woningblok_doelgroep_changelog
    ADD CONSTRAINT fk_woningblok_doelgroep_changelog__change_user FOREIGN KEY (change_user_id) REFERENCES diwi_testset."user"(id) MATCH FULL ON UPDATE CASCADE ON DELETE CASCADE;


--
-- Name: woningblok_doelgroep_changelog fk_woningblok_doelgroep_changelog__create_user; Type: FK CONSTRAINT; Schema: diwi_testset; Owner: ali
--

ALTER TABLE ONLY diwi_testset.woningblok_doelgroep_changelog
    ADD CONSTRAINT fk_woningblok_doelgroep_changelog__create_user FOREIGN KEY (create_user_id) REFERENCES diwi_testset."user"(id) MATCH FULL ON UPDATE CASCADE ON DELETE CASCADE;


--
-- Name: woningblok_doelgroep_changelog fk_woningblok_doelgroep_changelog__end_milestone; Type: FK CONSTRAINT; Schema: diwi_testset; Owner: ali
--

ALTER TABLE ONLY diwi_testset.woningblok_doelgroep_changelog
    ADD CONSTRAINT fk_woningblok_doelgroep_changelog__end_milestone FOREIGN KEY (end_milestone_id) REFERENCES diwi_testset.milestone(id) MATCH FULL ON UPDATE CASCADE ON DELETE CASCADE;


--
-- Name: woningblok_doelgroep_changelog fk_woningblok_doelgroep_changelog__start_milestone; Type: FK CONSTRAINT; Schema: diwi_testset; Owner: ali
--

ALTER TABLE ONLY diwi_testset.woningblok_doelgroep_changelog
    ADD CONSTRAINT fk_woningblok_doelgroep_changelog__start_milestone FOREIGN KEY (start_milestone_id) REFERENCES diwi_testset.milestone(id) MATCH FULL ON UPDATE CASCADE ON DELETE CASCADE;


--
-- Name: woningblok_doelgroep_changelog fk_woningblok_doelgroep_changelog__woningblok; Type: FK CONSTRAINT; Schema: diwi_testset; Owner: ali
--

ALTER TABLE ONLY diwi_testset.woningblok_doelgroep_changelog
    ADD CONSTRAINT fk_woningblok_doelgroep_changelog__woningblok FOREIGN KEY (woningblok_id) REFERENCES diwi_testset.woningblok(id) MATCH FULL ON UPDATE CASCADE ON DELETE CASCADE;


--
-- Name: woningblok_doelgroep_changelog_value fk_woningblok_doelgroep_changelog_value__changelog; Type: FK CONSTRAINT; Schema: diwi_testset; Owner: ali
--

ALTER TABLE ONLY diwi_testset.woningblok_doelgroep_changelog_value
    ADD CONSTRAINT fk_woningblok_doelgroep_changelog_value__changelog FOREIGN KEY (woningblok_doelgroep_changelog_id) REFERENCES diwi_testset.woningblok_doelgroep_changelog(id) MATCH FULL ON UPDATE CASCADE ON DELETE CASCADE;


--
-- Name: woningblok_doelgroep_changelog_value fk_woningblok_doelgroep_changelog_value__property_value; Type: FK CONSTRAINT; Schema: diwi_testset; Owner: ali
--

ALTER TABLE ONLY diwi_testset.woningblok_doelgroep_changelog_value
    ADD CONSTRAINT fk_woningblok_doelgroep_changelog_value__property_value FOREIGN KEY (property_value_id) REFERENCES diwi_testset.property_category_value(id) MATCH FULL ON UPDATE CASCADE ON DELETE CASCADE;


--
-- Name: woningblok_duration_changelog fk_woningblok_duration_changelog__change_user; Type: FK CONSTRAINT; Schema: diwi_testset; Owner: ali
--

ALTER TABLE ONLY diwi_testset.woningblok_duration_changelog
    ADD CONSTRAINT fk_woningblok_duration_changelog__change_user FOREIGN KEY (change_user_id) REFERENCES diwi_testset."user"(id) MATCH FULL ON UPDATE CASCADE ON DELETE CASCADE;


--
-- Name: woningblok_duration_changelog fk_woningblok_duration_changelog__create_user; Type: FK CONSTRAINT; Schema: diwi_testset; Owner: ali
--

ALTER TABLE ONLY diwi_testset.woningblok_duration_changelog
    ADD CONSTRAINT fk_woningblok_duration_changelog__create_user FOREIGN KEY (create_user_id) REFERENCES diwi_testset."user"(id) MATCH FULL ON UPDATE CASCADE ON DELETE CASCADE;


--
-- Name: woningblok_duration_changelog fk_woningblok_duration_changelog__end_milestone; Type: FK CONSTRAINT; Schema: diwi_testset; Owner: ali
--

ALTER TABLE ONLY diwi_testset.woningblok_duration_changelog
    ADD CONSTRAINT fk_woningblok_duration_changelog__end_milestone FOREIGN KEY (end_milestone_id) REFERENCES diwi_testset.milestone(id) MATCH FULL ON UPDATE CASCADE ON DELETE CASCADE;


--
-- Name: woningblok_duration_changelog fk_woningblok_duration_changelog__start_milestone; Type: FK CONSTRAINT; Schema: diwi_testset; Owner: ali
--

ALTER TABLE ONLY diwi_testset.woningblok_duration_changelog
    ADD CONSTRAINT fk_woningblok_duration_changelog__start_milestone FOREIGN KEY (start_milestone_id) REFERENCES diwi_testset.milestone(id) MATCH FULL ON UPDATE CASCADE ON DELETE CASCADE;


--
-- Name: woningblok_duration_changelog fk_woningblok_duration_changelog__woningblok; Type: FK CONSTRAINT; Schema: diwi_testset; Owner: ali
--

ALTER TABLE ONLY diwi_testset.woningblok_duration_changelog
    ADD CONSTRAINT fk_woningblok_duration_changelog__woningblok FOREIGN KEY (woningblok_id) REFERENCES diwi_testset.woningblok(id) MATCH FULL ON UPDATE CASCADE ON DELETE CASCADE;


--
-- Name: woningblok_eigendom_en_waarde_changelog fk_woningblok_eigendom_en_waarde_changelog__change_user; Type: FK CONSTRAINT; Schema: diwi_testset; Owner: ali
--

ALTER TABLE ONLY diwi_testset.woningblok_eigendom_en_waarde_changelog
    ADD CONSTRAINT fk_woningblok_eigendom_en_waarde_changelog__change_user FOREIGN KEY (change_user_id) REFERENCES diwi_testset."user"(id) MATCH FULL ON UPDATE CASCADE ON DELETE CASCADE;


--
-- Name: woningblok_eigendom_en_waarde_changelog fk_woningblok_eigendom_en_waarde_changelog__create_user; Type: FK CONSTRAINT; Schema: diwi_testset; Owner: ali
--

ALTER TABLE ONLY diwi_testset.woningblok_eigendom_en_waarde_changelog
    ADD CONSTRAINT fk_woningblok_eigendom_en_waarde_changelog__create_user FOREIGN KEY (create_user_id) REFERENCES diwi_testset."user"(id) MATCH FULL ON UPDATE CASCADE ON DELETE CASCADE;


--
-- Name: woningblok_eigendom_en_waarde_changelog fk_woningblok_eigendom_en_waarde_changelog__end_milestone; Type: FK CONSTRAINT; Schema: diwi_testset; Owner: ali
--

ALTER TABLE ONLY diwi_testset.woningblok_eigendom_en_waarde_changelog
    ADD CONSTRAINT fk_woningblok_eigendom_en_waarde_changelog__end_milestone FOREIGN KEY (end_milestone_id) REFERENCES diwi_testset.milestone(id) MATCH FULL ON UPDATE CASCADE ON DELETE CASCADE;


--
-- Name: woningblok_eigendom_en_waarde_changelog fk_woningblok_eigendom_en_waarde_changelog__start_milestone; Type: FK CONSTRAINT; Schema: diwi_testset; Owner: ali
--

ALTER TABLE ONLY diwi_testset.woningblok_eigendom_en_waarde_changelog
    ADD CONSTRAINT fk_woningblok_eigendom_en_waarde_changelog__start_milestone FOREIGN KEY (start_milestone_id) REFERENCES diwi_testset.milestone(id) MATCH FULL ON UPDATE CASCADE ON DELETE CASCADE;


--
-- Name: woningblok_eigendom_en_waarde_changelog fk_woningblok_eigendom_en_waarde_changelog__woningblok; Type: FK CONSTRAINT; Schema: diwi_testset; Owner: ali
--

ALTER TABLE ONLY diwi_testset.woningblok_eigendom_en_waarde_changelog
    ADD CONSTRAINT fk_woningblok_eigendom_en_waarde_changelog__woningblok FOREIGN KEY (woningblok_id) REFERENCES diwi_testset.woningblok(id) MATCH FULL ON UPDATE CASCADE ON DELETE CASCADE;


--
-- Name: woningblok_grondpositie_changelog fk_woningblok_grondpositie_changelog__change_user; Type: FK CONSTRAINT; Schema: diwi_testset; Owner: ali
--

ALTER TABLE ONLY diwi_testset.woningblok_grondpositie_changelog
    ADD CONSTRAINT fk_woningblok_grondpositie_changelog__change_user FOREIGN KEY (change_user_id) REFERENCES diwi_testset."user"(id) MATCH FULL ON UPDATE CASCADE ON DELETE CASCADE;


--
-- Name: woningblok_grondpositie_changelog fk_woningblok_grondpositie_changelog__create_user; Type: FK CONSTRAINT; Schema: diwi_testset; Owner: ali
--

ALTER TABLE ONLY diwi_testset.woningblok_grondpositie_changelog
    ADD CONSTRAINT fk_woningblok_grondpositie_changelog__create_user FOREIGN KEY (create_user_id) REFERENCES diwi_testset."user"(id) MATCH FULL ON UPDATE CASCADE ON DELETE CASCADE;


--
-- Name: woningblok_grondpositie_changelog fk_woningblok_grondpositie_changelog__end_milestone; Type: FK CONSTRAINT; Schema: diwi_testset; Owner: ali
--

ALTER TABLE ONLY diwi_testset.woningblok_grondpositie_changelog
    ADD CONSTRAINT fk_woningblok_grondpositie_changelog__end_milestone FOREIGN KEY (end_milestone_id) REFERENCES diwi_testset.milestone(id) MATCH FULL ON UPDATE CASCADE ON DELETE CASCADE;


--
-- Name: woningblok_grondpositie_changelog fk_woningblok_grondpositie_changelog__start_milestone; Type: FK CONSTRAINT; Schema: diwi_testset; Owner: ali
--

ALTER TABLE ONLY diwi_testset.woningblok_grondpositie_changelog
    ADD CONSTRAINT fk_woningblok_grondpositie_changelog__start_milestone FOREIGN KEY (start_milestone_id) REFERENCES diwi_testset.milestone(id) MATCH FULL ON UPDATE CASCADE ON DELETE CASCADE;


--
-- Name: woningblok_grondpositie_changelog fk_woningblok_grondpositie_changelog__woningblok; Type: FK CONSTRAINT; Schema: diwi_testset; Owner: ali
--

ALTER TABLE ONLY diwi_testset.woningblok_grondpositie_changelog
    ADD CONSTRAINT fk_woningblok_grondpositie_changelog__woningblok FOREIGN KEY (woningblok_id) REFERENCES diwi_testset.woningblok(id) MATCH FULL ON UPDATE CASCADE ON DELETE CASCADE;


--
-- Name: woningblok_grondpositie_changelog_value fk_woningblok_grondpositie_changelog_value__changelog; Type: FK CONSTRAINT; Schema: diwi_testset; Owner: ali
--

ALTER TABLE ONLY diwi_testset.woningblok_grondpositie_changelog_value
    ADD CONSTRAINT fk_woningblok_grondpositie_changelog_value__changelog FOREIGN KEY (woningblok_grondpositie_changelog_id) REFERENCES diwi_testset.woningblok_grondpositie_changelog(id) MATCH FULL ON UPDATE CASCADE ON DELETE CASCADE;


--
-- Name: woningblok_grootte_changelog fk_woningblok_grootte_changelog__change_user; Type: FK CONSTRAINT; Schema: diwi_testset; Owner: ali
--

ALTER TABLE ONLY diwi_testset.woningblok_grootte_changelog
    ADD CONSTRAINT fk_woningblok_grootte_changelog__change_user FOREIGN KEY (change_user_id) REFERENCES diwi_testset."user"(id) MATCH FULL ON UPDATE CASCADE ON DELETE CASCADE;


--
-- Name: woningblok_grootte_changelog fk_woningblok_grootte_changelog__create_user; Type: FK CONSTRAINT; Schema: diwi_testset; Owner: ali
--

ALTER TABLE ONLY diwi_testset.woningblok_grootte_changelog
    ADD CONSTRAINT fk_woningblok_grootte_changelog__create_user FOREIGN KEY (create_user_id) REFERENCES diwi_testset."user"(id) MATCH FULL ON UPDATE CASCADE ON DELETE CASCADE;


--
-- Name: woningblok_grootte_changelog fk_woningblok_grootte_changelog__end_milestone; Type: FK CONSTRAINT; Schema: diwi_testset; Owner: ali
--

ALTER TABLE ONLY diwi_testset.woningblok_grootte_changelog
    ADD CONSTRAINT fk_woningblok_grootte_changelog__end_milestone FOREIGN KEY (end_milestone_id) REFERENCES diwi_testset.milestone(id) MATCH FULL ON UPDATE CASCADE ON DELETE CASCADE;


--
-- Name: woningblok_grootte_changelog fk_woningblok_grootte_changelog__start_milestone; Type: FK CONSTRAINT; Schema: diwi_testset; Owner: ali
--

ALTER TABLE ONLY diwi_testset.woningblok_grootte_changelog
    ADD CONSTRAINT fk_woningblok_grootte_changelog__start_milestone FOREIGN KEY (start_milestone_id) REFERENCES diwi_testset.milestone(id) MATCH FULL ON UPDATE CASCADE ON DELETE CASCADE;


--
-- Name: woningblok_grootte_changelog fk_woningblok_grootte_changelog__woningblok; Type: FK CONSTRAINT; Schema: diwi_testset; Owner: ali
--

ALTER TABLE ONLY diwi_testset.woningblok_grootte_changelog
    ADD CONSTRAINT fk_woningblok_grootte_changelog__woningblok FOREIGN KEY (woningblok_id) REFERENCES diwi_testset.woningblok(id) MATCH FULL ON UPDATE CASCADE ON DELETE CASCADE;


--
-- Name: woningblok_maatwerk_boolean_changelog fk_woningblok_maatwerk_boolean_changelog__change_user; Type: FK CONSTRAINT; Schema: diwi_testset; Owner: ali
--

ALTER TABLE ONLY diwi_testset.woningblok_maatwerk_boolean_changelog
    ADD CONSTRAINT fk_woningblok_maatwerk_boolean_changelog__change_user FOREIGN KEY (change_user_id) REFERENCES diwi_testset."user"(id) MATCH FULL ON UPDATE CASCADE ON DELETE CASCADE;


--
-- Name: woningblok_maatwerk_boolean_changelog fk_woningblok_maatwerk_boolean_changelog__create_user; Type: FK CONSTRAINT; Schema: diwi_testset; Owner: ali
--

ALTER TABLE ONLY diwi_testset.woningblok_maatwerk_boolean_changelog
    ADD CONSTRAINT fk_woningblok_maatwerk_boolean_changelog__create_user FOREIGN KEY (create_user_id) REFERENCES diwi_testset."user"(id) MATCH FULL ON UPDATE CASCADE ON DELETE CASCADE;


--
-- Name: woningblok_maatwerk_boolean_changelog fk_woningblok_maatwerk_boolean_changelog__eigenschap; Type: FK CONSTRAINT; Schema: diwi_testset; Owner: ali
--

ALTER TABLE ONLY diwi_testset.woningblok_maatwerk_boolean_changelog
    ADD CONSTRAINT fk_woningblok_maatwerk_boolean_changelog__eigenschap FOREIGN KEY (eigenschap_id) REFERENCES diwi_testset.property(id) MATCH FULL ON UPDATE CASCADE ON DELETE CASCADE;


--
-- Name: woningblok_maatwerk_boolean_changelog fk_woningblok_maatwerk_boolean_changelog__end_milestone; Type: FK CONSTRAINT; Schema: diwi_testset; Owner: ali
--

ALTER TABLE ONLY diwi_testset.woningblok_maatwerk_boolean_changelog
    ADD CONSTRAINT fk_woningblok_maatwerk_boolean_changelog__end_milestone FOREIGN KEY (end_milestone_id) REFERENCES diwi_testset.milestone(id) MATCH FULL ON UPDATE CASCADE ON DELETE CASCADE;


--
-- Name: woningblok_maatwerk_boolean_changelog fk_woningblok_maatwerk_boolean_changelog__start_milestone; Type: FK CONSTRAINT; Schema: diwi_testset; Owner: ali
--

ALTER TABLE ONLY diwi_testset.woningblok_maatwerk_boolean_changelog
    ADD CONSTRAINT fk_woningblok_maatwerk_boolean_changelog__start_milestone FOREIGN KEY (start_milestone_id) REFERENCES diwi_testset.milestone(id) MATCH FULL ON UPDATE CASCADE ON DELETE CASCADE;


--
-- Name: woningblok_maatwerk_boolean_changelog fk_woningblok_maatwerk_boolean_changelog__woningblok; Type: FK CONSTRAINT; Schema: diwi_testset; Owner: ali
--

ALTER TABLE ONLY diwi_testset.woningblok_maatwerk_boolean_changelog
    ADD CONSTRAINT fk_woningblok_maatwerk_boolean_changelog__woningblok FOREIGN KEY (woningblok_id) REFERENCES diwi_testset.woningblok(id) MATCH FULL ON UPDATE CASCADE ON DELETE CASCADE;


--
-- Name: woningblok_maatwerk_categorie_changelog fk_woningblok_maatwerk_categorie_changelog__change_user; Type: FK CONSTRAINT; Schema: diwi_testset; Owner: ali
--

ALTER TABLE ONLY diwi_testset.woningblok_maatwerk_categorie_changelog
    ADD CONSTRAINT fk_woningblok_maatwerk_categorie_changelog__change_user FOREIGN KEY (change_user_id) REFERENCES diwi_testset."user"(id) MATCH FULL ON UPDATE CASCADE ON DELETE CASCADE;


--
-- Name: woningblok_maatwerk_categorie_changelog fk_woningblok_maatwerk_categorie_changelog__create_user; Type: FK CONSTRAINT; Schema: diwi_testset; Owner: ali
--

ALTER TABLE ONLY diwi_testset.woningblok_maatwerk_categorie_changelog
    ADD CONSTRAINT fk_woningblok_maatwerk_categorie_changelog__create_user FOREIGN KEY (create_user_id) REFERENCES diwi_testset."user"(id) MATCH FULL ON UPDATE CASCADE ON DELETE CASCADE;


--
-- Name: woningblok_maatwerk_categorie_changelog fk_woningblok_maatwerk_categorie_changelog__eigenschap; Type: FK CONSTRAINT; Schema: diwi_testset; Owner: ali
--

ALTER TABLE ONLY diwi_testset.woningblok_maatwerk_categorie_changelog
    ADD CONSTRAINT fk_woningblok_maatwerk_categorie_changelog__eigenschap FOREIGN KEY (eigenschap_id) REFERENCES diwi_testset.property(id) MATCH FULL ON UPDATE CASCADE ON DELETE CASCADE;


--
-- Name: woningblok_maatwerk_categorie_changelog fk_woningblok_maatwerk_categorie_changelog__end_milestone; Type: FK CONSTRAINT; Schema: diwi_testset; Owner: ali
--

ALTER TABLE ONLY diwi_testset.woningblok_maatwerk_categorie_changelog
    ADD CONSTRAINT fk_woningblok_maatwerk_categorie_changelog__end_milestone FOREIGN KEY (end_milestone_id) REFERENCES diwi_testset.milestone(id) MATCH FULL ON UPDATE CASCADE ON DELETE CASCADE;


--
-- Name: woningblok_maatwerk_categorie_changelog fk_woningblok_maatwerk_categorie_changelog__start_milestone; Type: FK CONSTRAINT; Schema: diwi_testset; Owner: ali
--

ALTER TABLE ONLY diwi_testset.woningblok_maatwerk_categorie_changelog
    ADD CONSTRAINT fk_woningblok_maatwerk_categorie_changelog__start_milestone FOREIGN KEY (start_milestone_id) REFERENCES diwi_testset.milestone(id) MATCH FULL ON UPDATE CASCADE ON DELETE CASCADE;


--
-- Name: woningblok_maatwerk_categorie_changelog fk_woningblok_maatwerk_categorie_changelog__woningblok; Type: FK CONSTRAINT; Schema: diwi_testset; Owner: ali
--

ALTER TABLE ONLY diwi_testset.woningblok_maatwerk_categorie_changelog
    ADD CONSTRAINT fk_woningblok_maatwerk_categorie_changelog__woningblok FOREIGN KEY (woningblok_id) REFERENCES diwi_testset.woningblok(id) MATCH FULL ON UPDATE CASCADE ON DELETE CASCADE;


--
-- Name: woningblok_maatwerk_categorie_changelog_value fk_woningblok_maatwerk_categorie_changelog_value__changelog; Type: FK CONSTRAINT; Schema: diwi_testset; Owner: ali
--

ALTER TABLE ONLY diwi_testset.woningblok_maatwerk_categorie_changelog_value
    ADD CONSTRAINT fk_woningblok_maatwerk_categorie_changelog_value__changelog FOREIGN KEY (woningblok_maatwerk_categorie_changelog_id) REFERENCES diwi_testset.woningblok_maatwerk_categorie_changelog(id) MATCH FULL ON UPDATE CASCADE ON DELETE CASCADE;


--
-- Name: woningblok_maatwerk_categorie_changelog_value fk_woningblok_maatwerk_categorie_changelog_value__waarde; Type: FK CONSTRAINT; Schema: diwi_testset; Owner: ali
--

ALTER TABLE ONLY diwi_testset.woningblok_maatwerk_categorie_changelog_value
    ADD CONSTRAINT fk_woningblok_maatwerk_categorie_changelog_value__waarde FOREIGN KEY (eigenschap_waarde_id) REFERENCES diwi_testset.property_category_value(id) MATCH FULL ON UPDATE CASCADE ON DELETE CASCADE;


--
-- Name: property_category_value_state fk_woningblok_maatwerk_categorie_waarde_state__categorie_waarde; Type: FK CONSTRAINT; Schema: diwi_testset; Owner: ali
--

ALTER TABLE ONLY diwi_testset.property_category_value_state
    ADD CONSTRAINT fk_woningblok_maatwerk_categorie_waarde_state__categorie_waarde FOREIGN KEY (category_value_id) REFERENCES diwi_testset.property_category_value(id) MATCH FULL ON UPDATE CASCADE ON DELETE CASCADE;


--
-- Name: property_state fk_woningblok_maatwerk_eigenschap_state__eigenschap; Type: FK CONSTRAINT; Schema: diwi_testset; Owner: ali
--

ALTER TABLE ONLY diwi_testset.property_state
    ADD CONSTRAINT fk_woningblok_maatwerk_eigenschap_state__eigenschap FOREIGN KEY (property_id) REFERENCES diwi_testset.property(id) MATCH FULL ON UPDATE CASCADE ON DELETE CASCADE;


--
-- Name: woningblok_maatwerk_numeriek_changelog fk_woningblok_maatwerk_numeriek_changelog__change_user; Type: FK CONSTRAINT; Schema: diwi_testset; Owner: ali
--

ALTER TABLE ONLY diwi_testset.woningblok_maatwerk_numeriek_changelog
    ADD CONSTRAINT fk_woningblok_maatwerk_numeriek_changelog__change_user FOREIGN KEY (change_user_id) REFERENCES diwi_testset."user"(id) MATCH FULL ON UPDATE CASCADE ON DELETE CASCADE;


--
-- Name: woningblok_maatwerk_numeriek_changelog fk_woningblok_maatwerk_numeriek_changelog__create_user; Type: FK CONSTRAINT; Schema: diwi_testset; Owner: ali
--

ALTER TABLE ONLY diwi_testset.woningblok_maatwerk_numeriek_changelog
    ADD CONSTRAINT fk_woningblok_maatwerk_numeriek_changelog__create_user FOREIGN KEY (create_user_id) REFERENCES diwi_testset."user"(id) MATCH FULL ON UPDATE CASCADE ON DELETE CASCADE;


--
-- Name: woningblok_maatwerk_numeriek_changelog fk_woningblok_maatwerk_numeriek_changelog__eigenschap; Type: FK CONSTRAINT; Schema: diwi_testset; Owner: ali
--

ALTER TABLE ONLY diwi_testset.woningblok_maatwerk_numeriek_changelog
    ADD CONSTRAINT fk_woningblok_maatwerk_numeriek_changelog__eigenschap FOREIGN KEY (eigenschap_id) REFERENCES diwi_testset.property(id) MATCH FULL ON UPDATE CASCADE ON DELETE CASCADE;


--
-- Name: woningblok_maatwerk_numeriek_changelog fk_woningblok_maatwerk_numeriek_changelog__end_milestone; Type: FK CONSTRAINT; Schema: diwi_testset; Owner: ali
--

ALTER TABLE ONLY diwi_testset.woningblok_maatwerk_numeriek_changelog
    ADD CONSTRAINT fk_woningblok_maatwerk_numeriek_changelog__end_milestone FOREIGN KEY (end_milestone_id) REFERENCES diwi_testset.milestone(id) MATCH FULL ON UPDATE CASCADE ON DELETE CASCADE;


--
-- Name: woningblok_maatwerk_numeriek_changelog fk_woningblok_maatwerk_numeriek_changelog__start_milestone; Type: FK CONSTRAINT; Schema: diwi_testset; Owner: ali
--

ALTER TABLE ONLY diwi_testset.woningblok_maatwerk_numeriek_changelog
    ADD CONSTRAINT fk_woningblok_maatwerk_numeriek_changelog__start_milestone FOREIGN KEY (start_milestone_id) REFERENCES diwi_testset.milestone(id) MATCH FULL ON UPDATE CASCADE ON DELETE CASCADE;


--
-- Name: woningblok_maatwerk_numeriek_changelog fk_woningblok_maatwerk_numeriek_changelog__woningblok; Type: FK CONSTRAINT; Schema: diwi_testset; Owner: ali
--

ALTER TABLE ONLY diwi_testset.woningblok_maatwerk_numeriek_changelog
    ADD CONSTRAINT fk_woningblok_maatwerk_numeriek_changelog__woningblok FOREIGN KEY (woningblok_id) REFERENCES diwi_testset.woningblok(id) MATCH FULL ON UPDATE CASCADE ON DELETE CASCADE;


--
-- Name: woningblok_maatwerk_ordinaal_changelog fk_woningblok_maatwerk_ordinaal_changelog__change_user; Type: FK CONSTRAINT; Schema: diwi_testset; Owner: ali
--

ALTER TABLE ONLY diwi_testset.woningblok_maatwerk_ordinaal_changelog
    ADD CONSTRAINT fk_woningblok_maatwerk_ordinaal_changelog__change_user FOREIGN KEY (change_user_id) REFERENCES diwi_testset."user"(id) MATCH FULL ON UPDATE CASCADE ON DELETE CASCADE;


--
-- Name: woningblok_maatwerk_ordinaal_changelog fk_woningblok_maatwerk_ordinaal_changelog__create_user; Type: FK CONSTRAINT; Schema: diwi_testset; Owner: ali
--

ALTER TABLE ONLY diwi_testset.woningblok_maatwerk_ordinaal_changelog
    ADD CONSTRAINT fk_woningblok_maatwerk_ordinaal_changelog__create_user FOREIGN KEY (create_user_id) REFERENCES diwi_testset."user"(id) MATCH FULL ON UPDATE CASCADE ON DELETE CASCADE;


--
-- Name: woningblok_maatwerk_ordinaal_changelog fk_woningblok_maatwerk_ordinaal_changelog__eigenschap; Type: FK CONSTRAINT; Schema: diwi_testset; Owner: ali
--

ALTER TABLE ONLY diwi_testset.woningblok_maatwerk_ordinaal_changelog
    ADD CONSTRAINT fk_woningblok_maatwerk_ordinaal_changelog__eigenschap FOREIGN KEY (eigenschap_id) REFERENCES diwi_testset.property(id) MATCH FULL ON UPDATE CASCADE ON DELETE CASCADE;


--
-- Name: woningblok_maatwerk_ordinaal_changelog fk_woningblok_maatwerk_ordinaal_changelog__end_milestone; Type: FK CONSTRAINT; Schema: diwi_testset; Owner: ali
--

ALTER TABLE ONLY diwi_testset.woningblok_maatwerk_ordinaal_changelog
    ADD CONSTRAINT fk_woningblok_maatwerk_ordinaal_changelog__end_milestone FOREIGN KEY (end_milestone_id) REFERENCES diwi_testset.milestone(id) MATCH FULL ON UPDATE CASCADE ON DELETE CASCADE;


--
-- Name: woningblok_maatwerk_ordinaal_changelog fk_woningblok_maatwerk_ordinaal_changelog__max_value; Type: FK CONSTRAINT; Schema: diwi_testset; Owner: ali
--

ALTER TABLE ONLY diwi_testset.woningblok_maatwerk_ordinaal_changelog
    ADD CONSTRAINT fk_woningblok_maatwerk_ordinaal_changelog__max_value FOREIGN KEY (max_value_id) REFERENCES diwi_testset.property_ordinal_value(id) MATCH FULL ON UPDATE CASCADE ON DELETE CASCADE;


--
-- Name: woningblok_maatwerk_ordinaal_changelog fk_woningblok_maatwerk_ordinaal_changelog__min_value; Type: FK CONSTRAINT; Schema: diwi_testset; Owner: ali
--

ALTER TABLE ONLY diwi_testset.woningblok_maatwerk_ordinaal_changelog
    ADD CONSTRAINT fk_woningblok_maatwerk_ordinaal_changelog__min_value FOREIGN KEY (min_value_id) REFERENCES diwi_testset.property_ordinal_value(id) MATCH FULL ON UPDATE CASCADE ON DELETE CASCADE;


--
-- Name: woningblok_maatwerk_ordinaal_changelog fk_woningblok_maatwerk_ordinaal_changelog__start_milestone; Type: FK CONSTRAINT; Schema: diwi_testset; Owner: ali
--

ALTER TABLE ONLY diwi_testset.woningblok_maatwerk_ordinaal_changelog
    ADD CONSTRAINT fk_woningblok_maatwerk_ordinaal_changelog__start_milestone FOREIGN KEY (start_milestone_id) REFERENCES diwi_testset.milestone(id) MATCH FULL ON UPDATE CASCADE ON DELETE CASCADE;


--
-- Name: woningblok_maatwerk_ordinaal_changelog fk_woningblok_maatwerk_ordinaal_changelog__value; Type: FK CONSTRAINT; Schema: diwi_testset; Owner: ali
--

ALTER TABLE ONLY diwi_testset.woningblok_maatwerk_ordinaal_changelog
    ADD CONSTRAINT fk_woningblok_maatwerk_ordinaal_changelog__value FOREIGN KEY (value_id) REFERENCES diwi_testset.property_ordinal_value(id) MATCH FULL ON UPDATE CASCADE ON DELETE CASCADE;


--
-- Name: woningblok_maatwerk_ordinaal_changelog fk_woningblok_maatwerk_ordinaal_changelog__woningblok; Type: FK CONSTRAINT; Schema: diwi_testset; Owner: ali
--

ALTER TABLE ONLY diwi_testset.woningblok_maatwerk_ordinaal_changelog
    ADD CONSTRAINT fk_woningblok_maatwerk_ordinaal_changelog__woningblok FOREIGN KEY (woningblok_id) REFERENCES diwi_testset.woningblok(id) MATCH FULL ON UPDATE CASCADE ON DELETE CASCADE;


--
-- Name: property_ordinal_value_state fk_woningblok_maatwerk_ordinale_waarde_state__ordinale_waarde; Type: FK CONSTRAINT; Schema: diwi_testset; Owner: ali
--

ALTER TABLE ONLY diwi_testset.property_ordinal_value_state
    ADD CONSTRAINT fk_woningblok_maatwerk_ordinale_waarde_state__ordinale_waarde FOREIGN KEY (ordinal_value_id) REFERENCES diwi_testset.property_ordinal_value(id) MATCH FULL ON UPDATE CASCADE ON DELETE CASCADE;


--
-- Name: woningblok_maatwerk_text_changelog fk_woningblok_maatwerk_text_changelog__change_user; Type: FK CONSTRAINT; Schema: diwi_testset; Owner: ali
--

ALTER TABLE ONLY diwi_testset.woningblok_maatwerk_text_changelog
    ADD CONSTRAINT fk_woningblok_maatwerk_text_changelog__change_user FOREIGN KEY (change_user_id) REFERENCES diwi_testset."user"(id) MATCH FULL ON UPDATE CASCADE ON DELETE CASCADE;


--
-- Name: woningblok_maatwerk_text_changelog fk_woningblok_maatwerk_text_changelog__create_user; Type: FK CONSTRAINT; Schema: diwi_testset; Owner: ali
--

ALTER TABLE ONLY diwi_testset.woningblok_maatwerk_text_changelog
    ADD CONSTRAINT fk_woningblok_maatwerk_text_changelog__create_user FOREIGN KEY (create_user_id) REFERENCES diwi_testset."user"(id) MATCH FULL ON UPDATE CASCADE ON DELETE CASCADE;


--
-- Name: woningblok_maatwerk_text_changelog fk_woningblok_maatwerk_text_changelog__eigenschap; Type: FK CONSTRAINT; Schema: diwi_testset; Owner: ali
--

ALTER TABLE ONLY diwi_testset.woningblok_maatwerk_text_changelog
    ADD CONSTRAINT fk_woningblok_maatwerk_text_changelog__eigenschap FOREIGN KEY (eigenschap_id) REFERENCES diwi_testset.property(id) MATCH FULL ON UPDATE CASCADE ON DELETE CASCADE;


--
-- Name: woningblok_maatwerk_text_changelog fk_woningblok_maatwerk_text_changelog__end_milestone; Type: FK CONSTRAINT; Schema: diwi_testset; Owner: ali
--

ALTER TABLE ONLY diwi_testset.woningblok_maatwerk_text_changelog
    ADD CONSTRAINT fk_woningblok_maatwerk_text_changelog__end_milestone FOREIGN KEY (end_milestone_id) REFERENCES diwi_testset.milestone(id) MATCH FULL ON UPDATE CASCADE ON DELETE CASCADE;


--
-- Name: woningblok_maatwerk_text_changelog fk_woningblok_maatwerk_text_changelog__start_milestone; Type: FK CONSTRAINT; Schema: diwi_testset; Owner: ali
--

ALTER TABLE ONLY diwi_testset.woningblok_maatwerk_text_changelog
    ADD CONSTRAINT fk_woningblok_maatwerk_text_changelog__start_milestone FOREIGN KEY (start_milestone_id) REFERENCES diwi_testset.milestone(id) MATCH FULL ON UPDATE CASCADE ON DELETE CASCADE;


--
-- Name: woningblok_maatwerk_text_changelog fk_woningblok_maatwerk_text_changelog__woningblok; Type: FK CONSTRAINT; Schema: diwi_testset; Owner: ali
--

ALTER TABLE ONLY diwi_testset.woningblok_maatwerk_text_changelog
    ADD CONSTRAINT fk_woningblok_maatwerk_text_changelog__woningblok FOREIGN KEY (woningblok_id) REFERENCES diwi_testset.woningblok(id) MATCH FULL ON UPDATE CASCADE ON DELETE CASCADE;


--
-- Name: woningblok_mutatie_changelog fk_woningblok_mutatie_changelog__change_user; Type: FK CONSTRAINT; Schema: diwi_testset; Owner: ali
--

ALTER TABLE ONLY diwi_testset.woningblok_mutatie_changelog
    ADD CONSTRAINT fk_woningblok_mutatie_changelog__change_user FOREIGN KEY (change_user_id) REFERENCES diwi_testset."user"(id) MATCH FULL ON UPDATE CASCADE ON DELETE CASCADE;


--
-- Name: woningblok_mutatie_changelog fk_woningblok_mutatie_changelog__create_user; Type: FK CONSTRAINT; Schema: diwi_testset; Owner: ali
--

ALTER TABLE ONLY diwi_testset.woningblok_mutatie_changelog
    ADD CONSTRAINT fk_woningblok_mutatie_changelog__create_user FOREIGN KEY (create_user_id) REFERENCES diwi_testset."user"(id) MATCH FULL ON UPDATE CASCADE ON DELETE CASCADE;


--
-- Name: woningblok_mutatie_changelog fk_woningblok_mutatie_changelog__end_milestone; Type: FK CONSTRAINT; Schema: diwi_testset; Owner: ali
--

ALTER TABLE ONLY diwi_testset.woningblok_mutatie_changelog
    ADD CONSTRAINT fk_woningblok_mutatie_changelog__end_milestone FOREIGN KEY (end_milestone_id) REFERENCES diwi_testset.milestone(id) MATCH FULL ON UPDATE CASCADE ON DELETE CASCADE;


--
-- Name: woningblok_mutatie_changelog fk_woningblok_mutatie_changelog__start_milestone; Type: FK CONSTRAINT; Schema: diwi_testset; Owner: ali
--

ALTER TABLE ONLY diwi_testset.woningblok_mutatie_changelog
    ADD CONSTRAINT fk_woningblok_mutatie_changelog__start_milestone FOREIGN KEY (start_milestone_id) REFERENCES diwi_testset.milestone(id) MATCH FULL ON UPDATE CASCADE ON DELETE CASCADE;


--
-- Name: woningblok_mutatie_changelog fk_woningblok_mutatie_changelog__woningblok; Type: FK CONSTRAINT; Schema: diwi_testset; Owner: ali
--

ALTER TABLE ONLY diwi_testset.woningblok_mutatie_changelog
    ADD CONSTRAINT fk_woningblok_mutatie_changelog__woningblok FOREIGN KEY (woningblok_id) REFERENCES diwi_testset.woningblok(id) MATCH FULL ON UPDATE CASCADE ON DELETE CASCADE;


--
-- Name: woningblok_naam_changelog fk_woningblok_naam_changelog__change_user; Type: FK CONSTRAINT; Schema: diwi_testset; Owner: ali
--

ALTER TABLE ONLY diwi_testset.woningblok_naam_changelog
    ADD CONSTRAINT fk_woningblok_naam_changelog__change_user FOREIGN KEY (change_user_id) REFERENCES diwi_testset."user"(id) MATCH FULL ON UPDATE CASCADE ON DELETE CASCADE;


--
-- Name: woningblok_naam_changelog fk_woningblok_naam_changelog__create_user; Type: FK CONSTRAINT; Schema: diwi_testset; Owner: ali
--

ALTER TABLE ONLY diwi_testset.woningblok_naam_changelog
    ADD CONSTRAINT fk_woningblok_naam_changelog__create_user FOREIGN KEY (create_user_id) REFERENCES diwi_testset."user"(id) MATCH FULL ON UPDATE CASCADE ON DELETE CASCADE;


--
-- Name: woningblok_naam_changelog fk_woningblok_naam_changelog__end_milestone; Type: FK CONSTRAINT; Schema: diwi_testset; Owner: ali
--

ALTER TABLE ONLY diwi_testset.woningblok_naam_changelog
    ADD CONSTRAINT fk_woningblok_naam_changelog__end_milestone FOREIGN KEY (end_milestone_id) REFERENCES diwi_testset.milestone(id) MATCH FULL ON UPDATE CASCADE ON DELETE CASCADE;


--
-- Name: woningblok_naam_changelog fk_woningblok_naam_changelog__start_milestone; Type: FK CONSTRAINT; Schema: diwi_testset; Owner: ali
--

ALTER TABLE ONLY diwi_testset.woningblok_naam_changelog
    ADD CONSTRAINT fk_woningblok_naam_changelog__start_milestone FOREIGN KEY (start_milestone_id) REFERENCES diwi_testset.milestone(id) MATCH FULL ON UPDATE CASCADE ON DELETE CASCADE;


--
-- Name: woningblok_naam_changelog fk_woningblok_naam_changelog__woningblok; Type: FK CONSTRAINT; Schema: diwi_testset; Owner: ali
--

ALTER TABLE ONLY diwi_testset.woningblok_naam_changelog
    ADD CONSTRAINT fk_woningblok_naam_changelog__woningblok FOREIGN KEY (woningblok_id) REFERENCES diwi_testset.woningblok(id) MATCH FULL ON UPDATE CASCADE ON DELETE CASCADE;


--
-- Name: woningblok_deliverydate_changelog fk_woningblok_opleverdatum_changelog__change_user; Type: FK CONSTRAINT; Schema: diwi_testset; Owner: ali
--

ALTER TABLE ONLY diwi_testset.woningblok_deliverydate_changelog
    ADD CONSTRAINT fk_woningblok_opleverdatum_changelog__change_user FOREIGN KEY (change_user_id) REFERENCES diwi_testset."user"(id) MATCH FULL ON UPDATE CASCADE ON DELETE CASCADE;


--
-- Name: woningblok_deliverydate_changelog fk_woningblok_opleverdatum_changelog__create_user; Type: FK CONSTRAINT; Schema: diwi_testset; Owner: ali
--

ALTER TABLE ONLY diwi_testset.woningblok_deliverydate_changelog
    ADD CONSTRAINT fk_woningblok_opleverdatum_changelog__create_user FOREIGN KEY (create_user_id) REFERENCES diwi_testset."user"(id) MATCH FULL ON UPDATE CASCADE ON DELETE CASCADE;


--
-- Name: woningblok_deliverydate_changelog fk_woningblok_opleverdatum_changelog__end_milestone; Type: FK CONSTRAINT; Schema: diwi_testset; Owner: ali
--

ALTER TABLE ONLY diwi_testset.woningblok_deliverydate_changelog
    ADD CONSTRAINT fk_woningblok_opleverdatum_changelog__end_milestone FOREIGN KEY (end_milestone_id) REFERENCES diwi_testset.milestone(id) MATCH FULL ON UPDATE CASCADE ON DELETE CASCADE;


--
-- Name: woningblok_deliverydate_changelog fk_woningblok_opleverdatum_changelog__start_milestone; Type: FK CONSTRAINT; Schema: diwi_testset; Owner: ali
--

ALTER TABLE ONLY diwi_testset.woningblok_deliverydate_changelog
    ADD CONSTRAINT fk_woningblok_opleverdatum_changelog__start_milestone FOREIGN KEY (start_milestone_id) REFERENCES diwi_testset.milestone(id) MATCH FULL ON UPDATE CASCADE ON DELETE CASCADE;


--
-- Name: woningblok_deliverydate_changelog fk_woningblok_opleverdatum_changelog__woningblok; Type: FK CONSTRAINT; Schema: diwi_testset; Owner: ali
--

ALTER TABLE ONLY diwi_testset.woningblok_deliverydate_changelog
    ADD CONSTRAINT fk_woningblok_opleverdatum_changelog__woningblok FOREIGN KEY (woningblok_id) REFERENCES diwi_testset.woningblok(id) MATCH FULL ON UPDATE CASCADE ON DELETE CASCADE;


--
-- Name: woningblok_programmering_changelog fk_woningblok_programmering_changelog__change_user; Type: FK CONSTRAINT; Schema: diwi_testset; Owner: ali
--

ALTER TABLE ONLY diwi_testset.woningblok_programmering_changelog
    ADD CONSTRAINT fk_woningblok_programmering_changelog__change_user FOREIGN KEY (change_user_id) REFERENCES diwi_testset."user"(id) MATCH FULL ON UPDATE CASCADE ON DELETE CASCADE;


--
-- Name: woningblok_programmering_changelog fk_woningblok_programmering_changelog__create_user; Type: FK CONSTRAINT; Schema: diwi_testset; Owner: ali
--

ALTER TABLE ONLY diwi_testset.woningblok_programmering_changelog
    ADD CONSTRAINT fk_woningblok_programmering_changelog__create_user FOREIGN KEY (create_user_id) REFERENCES diwi_testset."user"(id) MATCH FULL ON UPDATE CASCADE ON DELETE CASCADE;


--
-- Name: woningblok_programmering_changelog fk_woningblok_programmering_changelog__end_milestone; Type: FK CONSTRAINT; Schema: diwi_testset; Owner: ali
--

ALTER TABLE ONLY diwi_testset.woningblok_programmering_changelog
    ADD CONSTRAINT fk_woningblok_programmering_changelog__end_milestone FOREIGN KEY (end_milestone_id) REFERENCES diwi_testset.milestone(id) MATCH FULL ON UPDATE CASCADE ON DELETE CASCADE;


--
-- Name: woningblok_programmering_changelog fk_woningblok_programmering_changelog__start_milestone; Type: FK CONSTRAINT; Schema: diwi_testset; Owner: ali
--

ALTER TABLE ONLY diwi_testset.woningblok_programmering_changelog
    ADD CONSTRAINT fk_woningblok_programmering_changelog__start_milestone FOREIGN KEY (start_milestone_id) REFERENCES diwi_testset.milestone(id) MATCH FULL ON UPDATE CASCADE ON DELETE CASCADE;


--
-- Name: woningblok_programmering_changelog fk_woningblok_programmering_changelog__woningblok; Type: FK CONSTRAINT; Schema: diwi_testset; Owner: ali
--

ALTER TABLE ONLY diwi_testset.woningblok_programmering_changelog
    ADD CONSTRAINT fk_woningblok_programmering_changelog__woningblok FOREIGN KEY (woningblok_id) REFERENCES diwi_testset.woningblok(id) MATCH FULL ON UPDATE CASCADE ON DELETE CASCADE;


--
-- Name: woningblok_state fk_woningblok_state__change_user; Type: FK CONSTRAINT; Schema: diwi_testset; Owner: ali
--

ALTER TABLE ONLY diwi_testset.woningblok_state
    ADD CONSTRAINT fk_woningblok_state__change_user FOREIGN KEY (change_user_id) REFERENCES diwi_testset."user"(id) MATCH FULL ON UPDATE CASCADE ON DELETE CASCADE;


--
-- Name: woningblok_state fk_woningblok_state__create_user; Type: FK CONSTRAINT; Schema: diwi_testset; Owner: ali
--

ALTER TABLE ONLY diwi_testset.woningblok_state
    ADD CONSTRAINT fk_woningblok_state__create_user FOREIGN KEY (create_user_id) REFERENCES diwi_testset."user"(id) MATCH FULL ON UPDATE CASCADE ON DELETE CASCADE;


--
-- Name: woningblok_state fk_woningblok_state__woningblok; Type: FK CONSTRAINT; Schema: diwi_testset; Owner: ali
--

ALTER TABLE ONLY diwi_testset.woningblok_state
    ADD CONSTRAINT fk_woningblok_state__woningblok FOREIGN KEY (woningblok_id) REFERENCES diwi_testset.woningblok(id) MATCH FULL ON UPDATE CASCADE ON DELETE CASCADE;


--
-- Name: woningblok_type_en_fysiek_changelog fk_woningblok_type_en_fysiek_changelog__change_user; Type: FK CONSTRAINT; Schema: diwi_testset; Owner: ali
--

ALTER TABLE ONLY diwi_testset.woningblok_type_en_fysiek_changelog
    ADD CONSTRAINT fk_woningblok_type_en_fysiek_changelog__change_user FOREIGN KEY (change_user_id) REFERENCES diwi_testset."user"(id) MATCH FULL ON UPDATE CASCADE ON DELETE CASCADE;


--
-- Name: woningblok_type_en_fysiek_changelog fk_woningblok_type_en_fysiek_changelog__create_user; Type: FK CONSTRAINT; Schema: diwi_testset; Owner: ali
--

ALTER TABLE ONLY diwi_testset.woningblok_type_en_fysiek_changelog
    ADD CONSTRAINT fk_woningblok_type_en_fysiek_changelog__create_user FOREIGN KEY (create_user_id) REFERENCES diwi_testset."user"(id) MATCH FULL ON UPDATE CASCADE ON DELETE CASCADE;


--
-- Name: woningblok_type_en_fysiek_changelog fk_woningblok_type_en_fysiek_changelog__end_milestone; Type: FK CONSTRAINT; Schema: diwi_testset; Owner: ali
--

ALTER TABLE ONLY diwi_testset.woningblok_type_en_fysiek_changelog
    ADD CONSTRAINT fk_woningblok_type_en_fysiek_changelog__end_milestone FOREIGN KEY (end_milestone_id) REFERENCES diwi_testset.milestone(id) MATCH FULL ON UPDATE CASCADE ON DELETE CASCADE;


--
-- Name: woningblok_type_en_fysiek_changelog fk_woningblok_type_en_fysiek_changelog__start_milestone; Type: FK CONSTRAINT; Schema: diwi_testset; Owner: ali
--

ALTER TABLE ONLY diwi_testset.woningblok_type_en_fysiek_changelog
    ADD CONSTRAINT fk_woningblok_type_en_fysiek_changelog__start_milestone FOREIGN KEY (start_milestone_id) REFERENCES diwi_testset.milestone(id) MATCH FULL ON UPDATE CASCADE ON DELETE CASCADE;


--
-- Name: woningblok_type_en_fysiek_changelog fk_woningblok_type_en_fysiek_changelog__woningblok; Type: FK CONSTRAINT; Schema: diwi_testset; Owner: ali
--

ALTER TABLE ONLY diwi_testset.woningblok_type_en_fysiek_changelog
    ADD CONSTRAINT fk_woningblok_type_en_fysiek_changelog__woningblok FOREIGN KEY (woningblok_id) REFERENCES diwi_testset.woningblok(id) MATCH FULL ON UPDATE CASCADE ON DELETE CASCADE;


--
-- Name: woningblok_type_en_fysiek_changelog_fysiek_value fk_woningblok_type_en_fysiek_changelog_fysiek_value__changelog; Type: FK CONSTRAINT; Schema: diwi_testset; Owner: ali
--

ALTER TABLE ONLY diwi_testset.woningblok_type_en_fysiek_changelog_fysiek_value
    ADD CONSTRAINT fk_woningblok_type_en_fysiek_changelog_fysiek_value__changelog FOREIGN KEY (woningblok_type_en_fysiek_voorkomen_changelog_id) REFERENCES diwi_testset.woningblok_type_en_fysiek_changelog(id) MATCH FULL ON UPDATE CASCADE ON DELETE CASCADE;


--
-- Name: woningblok_type_en_fysiek_changelog_fysiek_value fk_woningblok_type_en_fysiek_changelog_fysiek_value__property_v; Type: FK CONSTRAINT; Schema: diwi_testset; Owner: ali
--

ALTER TABLE ONLY diwi_testset.woningblok_type_en_fysiek_changelog_fysiek_value
    ADD CONSTRAINT fk_woningblok_type_en_fysiek_changelog_fysiek_value__property_v FOREIGN KEY (property_value_id) REFERENCES diwi_testset.property_category_value(id) MATCH FULL ON UPDATE CASCADE ON DELETE CASCADE;


--
-- Name: woningblok_type_en_fysiek_changelog_type_value fk_woningblok_type_en_fysiek_changelog_type_value__changelog; Type: FK CONSTRAINT; Schema: diwi_testset; Owner: ali
--

ALTER TABLE ONLY diwi_testset.woningblok_type_en_fysiek_changelog_type_value
    ADD CONSTRAINT fk_woningblok_type_en_fysiek_changelog_type_value__changelog FOREIGN KEY (woningblok_type_en_fysiek_voorkomen_changelog_id) REFERENCES diwi_testset.woningblok_type_en_fysiek_changelog(id) MATCH FULL ON UPDATE CASCADE ON DELETE CASCADE;


--
-- PostgreSQL database dump complete
--
